id,search,org,name
E0000000001,LINGNANUNIVERSITY,SCHL,Lingnan University
E0000000002,CHUHAICOLLEGEHONGKONG,SCHL,"Chu-Hai College, Hong Kong"
E0000000003,HONGKONGBAPTISTUNIVERSITY,SCHL,Hong Kong Baptist University
E0000000004,THEHONGKONGPOLYTECHNICUNI,SCHL,The Hong Kong Polytechnic Uni
E0000000005,HONGKONGUNIOFSCITECH,SCHL,Hong Kong Uni of Sci & Tech
E0000000006,CITYUNIVERSITYOFHONGKONG,SCHL,City University of Hong Kong
E0000000007,CITYPOLYTECHNICOFHONGKONG,SCHL,City Polytechnic of Hong Kong
E0000000008,THEUNIVERSITYOFHONGKONG,SCHL,The University of Hong Kong
E0000000009,THECHINESEUNIOFHONGKONG,SCHL,The Chinese Uni of Hong Kong
E0000000010,CENTRALEUROPEUNIHUNGARY,SCHL,"Central Europe Uni, Hungary"
E0000000011,BUDAPESTUNIOFTECHANDECON,SCHL,Budapest Uni of Tech and Econ
E0000000012,DEENDYALUPADYAYGORAKHPURU,SCHL,Deen Dyal Upadyay Gorakhpur U
E0000000013,ACHARYANAGARJUNAUNIVERSITY,SCHL,Acharya Nagarjuna University
E0000000014,DRMGREDUCATIONALRSCHINST,SCHL,Dr MGR Educational & Rsch Inst
E0000000015,CCSHARYANAGRICULTURALUNI,SCHL,CCS Haryan Agricultural Uni
E0000000016,DRAPJABDULKALAMTECUNI,SCHL,Dr. A.P.J. Abdul Kalam Tec Uni
E0000000017,NATINSTITUTEOFTECHNOLOGY,SCHL,Nat Institute of Technology
E0000000018,MAHATMAJYOTIBAPHULERHANDU,SCHL,Mahatma Jyotiba Phule R'hand U
E0000000019,MOTILALNEHRUNITALLAHABAD,SCHL,"Motilal Nehru NIT, Allahabad"
E0000000020,DEVIAHILYAUNIVERSITY,SCHL,Devi Ahilya University
E0000000021,NATINSTOFPHARMEDURSCH,SCHL,Nat Inst of Pharm Edu & Rsch
E0000000022,NATINSTOFCONSTMGTANDRSCH,SCHL,Nat Inst of Const Mgt and Rsch
E0000000023,SRMINSTOFSCIENCETECH,SCHL,SRM Inst of Science & Tech
E0000000024,SHRIUVPATELCOLLGOFENGGJ,SCHL,"Shri UV Patel Collg of Eng, GJ"
E0000000025,INDIANSCHOOLOFBUSINESS,SCHL,Indian School of Business
E0000000026,FAKIRMOHANUNIVERSITY,SCHL,Fakir Mohan University
E0000000027,RAJIVGANDHIPVBHOPAL,SCHL,"Rajiv Gandhi PV, Bhopal"
E0000000028,NTRUNIOFHEALTHSCIENCES,SCHL,NTR Uni of Health Sciences
E0000000029,ICFAIUNIVERSITY,SCHL,ICFAI University
E0000000030,NORTHEASTERNHILLUNIVERSITY,SCHL,North Eastern Hill University
E0000000031,BANASTHALIVIDYAPITHRJ,SCHL,"Banasthali Vidyapith, RJ"
E0000000032,WBENGALUNIOFTECHKOLKATA,SCHL,"W Bengal Uni of Tech, Kolkata"
E0000000033,SATHYABAMADEEMEDUNICHENNAI,SCHL,"Sathyabama Deemed Uni, Chennai"
E0000000034,GOVERNMENTCOLLEGEOFENGPUNE,SCHL,"Government College of Eng,Pune"
E0000000035,GOVERNMENTCOLLGOFPHARMACY,SCHL,Government Collg of Pharmacy
E0000000036,COLLGOFENGGUINDYANNAU,SCHL,"Collg of Eng, Guindy (Anna U)"
E0000000038,NATINSTITUTEOFTECHSURAT,SCHL,Nat Institute of Tech Surat
E0000000039,INSTOFCHEMICALTECHCHENNAI,SCHL,"Inst of Chemical Tech, Chennai"
E0000000040,STELLAMARISCOLLEGECHENNAI,SCHL,"Stella Maris College, Chennai"
E0000000041,JESUSANDMARYCOLLEGEDELHI,SCHL,"Jesus and Mary College, Delhi"
E0000000042,INDIANINSTOFTECHCHENNAI,SCHL,"Indian Inst of Tech, Chennai"
E0000000043,BABASAHEBBHIMRAOABUNI,SCHL,Babasaheb Bhimrao AB Uni
E0000000044,RAVENSHAWCOLLEGE,SCHL,Ravenshaw College
E0000000045,DRBHIMRAOAMBEDKARUNIAGRA,SCHL,"Dr Bhimrao Ambedkar Uni, Agra"
E0000000046,SATHYABAMAINSTOFSCITECH,SCHL,Sathyabama Inst of Sci & Tech
E0000000047,VISVESVARAYANATINSTOFTECH,SCHL,Visvesvaraya Nat Inst of Tech
E0000000048,INSTITUTEOFRAILTRANSPORT,SCHL,Institute of Rail Transport
E0000000049,NATLAWSCHOOLOFINDIAUNI,SCHL,Nat Law School of India Uni
E0000000050,NATINSTOFTECHWARANGAL,SCHL,"Nat Inst of Tech, Warangal"
E0000000051,JAINARAINVYASUNIJODHPUR,SCHL,"Jai Narain Vyas Uni, Jodhpur"
E0000000052,ADHIYAMAANENGCOLLEGE,SCHL,Adhiyamaan Eng College
E0000000053,STJOSEPHSEVENINGCOLLEGE,SCHL,St Joseph's Evening College
E0000000054,VITUNIVERSITY,SCHL,VIT University
E0000000055,BHARATIYAVIDYABHAVAN,SCHL,Bharatiya Vidya Bhavan
E0000000056,RAMJASCOLLEGE,SCHL,Ramjas College
E0000000057,PTRAVISHANKARSHUKLAURPR,SCHL,"PT Ravishankar Shukla U, RPR"
E0000000058,GURUGOBINDSINGHINDRAUNI,SCHL,Guru Gobind Singh Indra. Uni
E0000000059,NATINSTOFTECHTIRUCHIRAPPALLI,SCHL,"NatInstOfTech,Tiruchirappalli"
E0000000060,NATINSTOFTECHCALICUT,SCHL,"Nat Inst of Tech, Calicut"
E0000000061,NATINSTOFTECHKARNATAKA,SCHL,"Nat Inst of Tech, Karnataka"
E0000000062,NATINSTOFTECHROURKELA,SCHL,"Nat Inst of Tech, Rourkela"
E0000000063,VISVESWARAIAHTECUNIBELGAUM,SCHL,"Visveswaraiah Tec Uni, Belgaum"
E0000000064,CHHATRAPATISJMUNIKANPUR,SCHL,"Chhatrapati SJM Uni, Kanpur"
E0000000065,RAJIVGANDHIUHSCIKARNATAKA,SCHL,"Rajiv Gandhi UHSci, Karnataka"
E0000000066,PERIYARUNIVERSITYSALEM,SCHL,"Periyar University, Salem"
E0000000067,MAHATMAPHULEKVAGRIUNI,SCHL,Mahatma Phule KV (Agri Uni)
E0000000068,GOVERNMENTCOLLGOFCOIMBATORE,SCHL,Government Collg of Coimbatore
E0000000069,MANIPALINSTOFTECHMANIPAL,SCHL,"Manipal Inst of Tech, Manipal"
E0000000070,INDIANINSTOFTECHROORKEE,SCHL,Indian Inst of Tech Roorkee
E0000000071,TAUNGGYIUNIVERSITY,SCHL,Taunggyi University
E0000000072,SARDARPATELUNIVERSITY,SCHL,Sardar Patel University
E0000000073,STATEBOARDOFTECHEDUTRNG,SCHL,State Board of Tech Edu & Trng
E0000000074,BERHAMPURUNIVERSITYORISSA,SCHL,"Berhampur University, Orissa"
E0000000075,CHAUDHARYCHARANSGHUMEERUT,SCHL,"Chaudhary Charan Sgh U, Meerut"
E0000000076,UNIVERSITYOFKALYANI,SCHL,University of Kalyani
E0000000077,DRBABASAHEBAMBEDKARTECHUNI,SCHL,Dr Babasaheb Ambedkar Tech Uni
E0000000078,GOVERNMENTENGCOLLGJABALPUR,SCHL,"Government Eng Collg, Jabalpur"
E0000000079,XAVIERINSTOFMGTBHUBANESWAR,SCHL,Xavier Inst of Mgt Bhubaneswar
E0000000080,STSTEPHENSCOLLGDELHIUNI,SCHL,"St Stephen's Collg, Delhi Uni"
E0000000081,BENGALENGCOLLGWESTBENGAL,SCHL,"Bengal Eng Collg, West Bengal"
E0000000082,PUNJABTECHUNIJALANDHAR,SCHL,"Punjab Tech Uni, Jalandhar"
E0000000083,SOUTHGURAJATUNIVERSITY,SCHL,South Gurajat University
E0000000084,REGIONALENGCOLLGROURKELA,SCHL,"Regional Eng Collg, Rourkela"
E0000000085,MANIPALACADEMYOFHIGHEREDU,SCHL,Manipal Academy of Higher Edu
E0000000086,BHAVNAGARUNIVERSITY,SCHL,Bhavnagar University
E0000000087,GOAUNIVERSITY,SCHL,Goa University
E0000000088,UNIVERSITYOFNORTHBENGAL,SCHL,University of North Bengal
E0000000089,REGIONALCOLLGOFENGCALICUT,SCHL,"Regional Collg of Eng, Calicut"
E0000000090,REGIONALCOLLGOFENGWARANGAL,SCHL,Regional Collg of Eng Warangal
E0000000091,BHAGALPURUNIVERSITY,SCHL,Bhagalpur University
E0000000092,PSGCOLLEGEOFARTSSCIENCE,SCHL,PSG College of Arts & Science
E0000000093,KUVEMPUUNIVERSITY,SCHL,Kuvempu University
E0000000094,NORTHMAHARASHTRAUNIJALGAON,SCHL,"North Maharashtra Uni, Jalgaon"
E0000000095,BHOPALUNIVERSITY,SCHL,Bhopal University
E0000000096,HYDERABADCENTRALUNIVERSITY,SCHL,Hyderabad Central University
E0000000097,DRBABASAHEBAMUNI,SCHL,Dr. Babasaheb AM Uni
E0000000098,BARKATULLAHUNIVERSITY,SCHL,Barkatullah University
E0000000099,PRESIDENCYCOLLEGECALCUTTA,SCHL,"Presidency College, Calcutta"
E0000000100,PRESIDENCYCOLLEGECHENNAI,SCHL,"Presidency College, Chennai"
E0000000101,BANGALOREINSTDENTALSCIHOSP,SCHL,Bangalore Inst Dental Sci&Hosp
E0000000102,MAULANAAZADNATINSTOFTECH,SCHL,Maulana Azad Nat Inst of Tech
E0000000103,UNIDEPTOFCHEMICALTECH,SCHL,Uni Dept of Chemical Tech
E0000000104,VISVESVARAYAREGLCOLLGOFENG,SCHL,Visvesvaraya Regl Collg of Eng
E0000000105,HARCOURTBUTLERTECINSKANPUR,SCHL,Harcourt Butler Tec Ins Kanpur
E0000000106,ACCOLLEGEOFTECHMADRAS,SCHL,"AC College of Tech, Madras"
E0000000107,NORTHEASTERNHILLUNIVERSITY,SCHL,North-Eastern Hill University
E0000000108,AVVMSRIPUSHPAMCOLLEGE,SCHL,A V V M Sri Pushpam College
E0000000109,BIRLAINSTOFTECHRANCHI,SCHL,"Birla Inst of Tech, Ranchi"
E0000000110,KASTURBAMEDICALCOLLEGE,SCHL,Kasturba Medical College
E0000000111,MALAVIYAREGLENGCOLLGJAIPUR,SCHL,"Malaviya Regl Eng Collg,Jaipur"
E0000000112,SIESCOLLARTSSCICOMMBOMBAY,SCHL,"SIES Coll Arts,Sci&Comm Bombay"
E0000000113,UNIVERSITYOFMUMBAI,SCHL,University of Mumbai
E0000000114,VIDYASAGARUNIVERSITY,SCHL,Vidyasagar University
E0000000115,ALAGAPPAUNIVERSITY,SCHL,Alagappa University
E0000000116,COIMBATOREINSTITUTEOFTECH,SCHL,Coimbatore Institute of Tech
E0000000117,BURDWANUNIVERSITY,SCHL,Burdwan University
E0000000118,MAHARAJASAYAJIRAOUNIBARODA,SCHL,Maharaja Sayajirao Uni Baroda
E0000000119,MANONMANIAMSDUNITIRUNELVELI,SCHL,Manonmaniam Sd Uni Tirunelveli
E0000000120,UNIVERSITYOFGORAKHPUR,SCHL,University of Gorakhpur
E0000000121,JAMIAMILLIAISLAMIANDELHI,SCHL,"Jamia Millia Islamia, N Delhi"
E0000000122,GOGTEINSTOFTECHBELGAUM,SCHL,"Gogte Inst of Tech, Belgaum"
E0000000123,INDIRAGANDHINATOPENUNI,SCHL,Indira Gandhi Nat Open Uni
E0000000124,PONDICHERRYUNIVERSITY,SCHL,Pondicherry University
E0000000125,INSTITUTEOFTECHBOMBAY,SCHL,"Institute of Tech, Bombay"
E0000000126,SRIKRISHNADEVAUANANTAPUR,SCHL,Sri Krishna Deva. U Anantapur
E0000000127,MAHATMAGANDHIUNIVERSITY,SCHL,Mahatma Gandhi University
E0000000128,LADYSHRIRAMCOLLGFORWOMEN,SCHL,Lady Shri Ram Collg For Women
E0000000129,STJOSEPHSCLGTIRUCHIRAPALLI,SCHL,St.Joseph's Clg Tiruchirapalli
E0000000130,JAWAHARLALNEHRUTECHUNI,SCHL,Jawaharlal Nehru Tech Uni
E0000000131,DELHICOLLEGEOFENGINEERING,SCHL,Delhi College of Engineering
E0000000132,PSGCOLLEGEOFTECHNOLOGY,SCHL,PSG College of Technology
E0000000133,WOMENSCHRISTIANCOLLGMADRAS,SCHL,"Women's Christian Collg,Madras"
E0000000134,SHREEMATINDTHACKERSEYWCOLL,SCHL,Shreemati ND Thackersey W Coll
E0000000135,SAVITRIBAIPHULEPUNEUNIV,SCHL,Savitribai Phule Pune Univ
E0000000136,REGENGCOLLDURGAPURWBENGAL,SCHL,Reg Eng Coll Durgapur W Bengal
E0000000137,GOVINDBPUAGRITECPANTNAGAR,SCHL,Govind BP U Agri&Tec Pantnagar
E0000000138,THETAMILNADUDRMGRMEDUNI,SCHL,The Tamil Nadu Dr MGR Med Uni
E0000000139,DRMGRMEDUNITAMILNMADRAS,SCHL,"Dr MGR Med Uni,Tamil N, Madras"
E0000000140,NATINSTOFINFORMATIONTECH,SCHL,Nat Inst of Information Tech
E0000000141,LOYOLACOLLEGE,SCHL,Loyola College
E0000000142,SCHOFPLANNGARCHINDELHI,SCHL,"Sch of Planng & Archi, N Delhi"
E0000000143,STXAVIERSCOLLEGEMUMBAI,SCHL,"St Xavier's College, Mumbai"
E0000000144,STXAVIERSCOLLEGECALCUTTA,SCHL,"St Xavier's College, Calcutta"
E0000000145,STXAVIERSCOLLEGE,SCHL,St Xavier's College
E0000000146,BANGALOREMEDICALCOLLEGE,SCHL,Bangalore Medical College
E0000000147,MANGALOREUNIVERSITY,SCHL,Mangalore University
E0000000148,KAKATIYAUNIREGLENGWARANGAL,SCHL,Kakatiya Uni Regl Eng Warangal
E0000000149,MADRASMEDICALCOLLEGEMADRAS,SCHL,"Madras Medical College, Madras"
E0000000150,REGLENGCOLLGTIRUCHIRAPALLI,SCHL,"Regl Eng Collg, Tiruchirapalli"
E0000000151,KARNATAKAREGLENGCOLLG,SCHL,Karnataka Regl Eng Collg
E0000000152,INDIANINSTOFMGTBANGALORE,SCHL,"Indian Inst of Mgt, Bangalore"
E0000000153,INDIANINSTOFMGTAHEMDABAD,SCHL,"Indian Inst of Mgt, Ahemdabad"
E0000000154,MIRANDAHOUSECOLLEGEDELHI,SCHL,"Miranda House College, Delhi"
E0000000155,TAMILNADUAGRICULTURALUNI,SCHL,Tamil Nadu Agricultural Uni
E0000000156,MAHARAJASAYAJIRAOUNIBARODA,SCHL,"Maharaja Sayajirao Uni, Baroda"
E0000000157,AMRAVATIUNIVERSITY,SCHL,Amravati University
E0000000158,KAKATIYAUNIVERSITY,SCHL,Kakatiya University
E0000000159,SHIVAJIUNIVERSITY,SCHL,Shivaji University
E0000000160,UNIVERSITYOFHYDERABAD,SCHL,University of Hyderabad
E0000000161,PUNJABAGRICULTURALUNIVERSITY,SCHL,Punjab Agricultural University
E0000000162,HIMACHALPRADESHUNIVERSITY,SCHL,Himachal Pradesh University
E0000000163,MAHARISHIDAYANANDUNIVERSITY,SCHL,Maharishi Dayanand University
E0000000164,CTRFORENVPLANTECAHMEDABAD,SCHL,Ctr for Env Plan&Tec Ahmedabad
E0000000165,THAPARINSTOFENGTECH,SCHL,Thapar Inst of Eng & Tech
E0000000166,NAGARJUNAUNIVERSITY,SCHL,Nagarjuna University
E0000000167,INDIANSCHOOLOFMINES,SCHL,Indian School of Mines
E0000000168,COCHINUNIOFSCITECH,SCHL,Cochin Uni of Sci & Tech
E0000000169,SOPHIACOLLEGE,SCHL,Sophia College
E0000000170,BHARATHIDASANUNIVERSITY,SCHL,Bharathidasan University
E0000000171,GURUNANAKDEVUNIVERSITY,SCHL,Guru Nanak Dev University
E0000000172,GULBARGAUNIVERSITY,SCHL,Gulbarga University
E0000000173,SRISATHYASAIIHL,SCHL,Sri Sathya Sai IHL
E0000000174,SHRIRAMCOLLEGEOFCOMMERCE,SCHL,Shri Ram College of Commerce
E0000000175,SOUTHGUJARATUNIVERSITY,SCHL,South Gujarat University
E0000000176,UNIVERSITYOFJABALPUR,SCHL,University of Jabalpur
E0000000177,KERALAAGRICULTUREUNIVERSITY,SCHL,Kerala Agriculture University
E0000000178,KANPURUNIVERSITY,SCHL,Kanpur University
E0000000179,ANNAUNIVERSITY,SCHL,Anna University
E0000000180,UTKALUNIVERSITY,SCHL,Utkal University
E0000000181,SAMBALPURUNIVERSITY,SCHL,Sambalpur University
E0000000182,SRIVENKATESWARAUNIVERSITY,SCHL,Sri Venkateswara University
E0000000183,UNIVERSITYOFROORKEE,SCHL,University of Roorkee
E0000000184,RANCHIUNIVERSITY,SCHL,Ranchi University
E0000000185,UNIVERSITYOFRAJASTHAN,SCHL,University of Rajasthan
E0000000186,PANJABUNIVERSITY,SCHL,Panjab University
E0000000187,POONAUNIVERSITY,SCHL,Poona University
E0000000188,PATNAUNIVERSITY,SCHL,Patna University
E0000000189,PANJABUNIVERSITY,SCHL,Panjab University
E0000000190,OSMANIAUNIVERSITY,SCHL,Osmania University
E0000000191,NAGPURUNIVERSITY,SCHL,Nagpur University
E0000000192,UNIVERSITYOFMYSORE,SCHL,University of Mysore
E0000000193,MEERUTUNIVERSITY,SCHL,Meerut University
E0000000194,MAGADHUNIVERSITY,SCHL,Magadh University
E0000000195,MADURAIKAMARAJUNIVERSITY,SCHL,Madurai-Kamaraj University
E0000000196,MADURAIUNIVERSITY,SCHL,Madurai University
E0000000197,MADRASINSTITUTEOFTECHNOLOGY,SCHL,Madras Institute of Technology
E0000000198,UNIVERSITYOFMADRAS,SCHL,University of Madras
E0000000199,MARATHWADAUNIAURANGABAD,SCHL,"Marathwada Uni, Aurangabad"
E0000000200,UNIVERSITYOFLUCKNOW,SCHL,University of Lucknow
E0000000201,UNIVERSITYOFKERALA,SCHL,University of Kerala
E0000000202,KARNATAKUNIVERSITY,SCHL,Karnatak University
E0000000203,KURUKSHETRAUNIVERSITY,SCHL,Kurukshetra University
E0000000204,JAWAHARLALNEHRUUNIVERSITY,SCHL,Jawaharlal Nehru University
E0000000205,JODHPURUNIVERSITY,SCHL,Jodhpur University
E0000000206,JADAVPURUNIVERSITY,SCHL,Jadavpur University
E0000000207,INDIANINSTOFTECHGUWAHATI,SCHL,"Indian Inst of Tech, Guwahati"
E0000000208,INDIANINSTOFTECHMADRAS,SCHL,"Indian Inst of Tech, Madras"
E0000000209,INDIANINSTOFTECHKHARAGPUR,SCHL,"Indian Inst of Tech, Kharagpur"
E0000000210,INDIANINSTOFTECHNDELHI,SCHL,"Indian Inst of Tech, N Delhi"
E0000000211,INDIANINSTOFTECHKANPUR,SCHL,"Indian Inst of Tech, Kanpur"
E0000000212,INDIANINSTOFTECHBOMBAY,SCHL,"Indian Inst of Tech, Bombay"
E0000000213,INDIAINSTITUTEOFMANAGEMENT,SCHL,India Institute of Management
E0000000214,INSTITUTIONOFENGINEERS,SCHL,Institution of Engineers
E0000000215,INDIANSTATSINSTCALCUTTA,SCHL,"Indian Stats Inst, Calcutta"
E0000000216,INDIANINSTOFSCIBANGALORE,SCHL,"Indian Inst of Sci, Bangalore"
E0000000217,HARYANAAGRICULTURALUNI,SCHL,Haryana Agricultural Uni
E0000000218,GUJARATUNIVERSITY,SCHL,Gujarat University
E0000000219,GAUHATIUNIVERSITY,SCHL,Gauhati University
E0000000220,UNIVERSITYOFDELHI,SCHL,University of Delhi
E0000000221,CALICUTUNIVERSITY,SCHL,Calicut University
E0000000222,UNIVERSITYOFCALCUTTA,SCHL,University of Calcutta
E0000000223,UNIVERSITYOFBOMBAY,SCHL,University of Bombay
E0000000224,BITSPILANIHYDERABADCAMPUS,SCHL,"BITS Pilani, Hyderabad Campus"
E0000000225,MSUNIVERSITYBARODA,SCHL,"M.S.University, Baroda"
E0000000226,BANARASHINDUUNIVERSITY,SCHL,Banaras Hindu University
E0000000227,BHARATHIARUNIVERSITY,SCHL,Bharathiar University
E0000000228,BANGALOREUNIVERSITY,SCHL,Bangalore University
E0000000229,ANNAMALAIUNIVERSITY,SCHL,Annamalai University
E0000000230,ANDHRAUNIVERSITY,SCHL,Andhra University
E0000000231,ALLAHABADUNIVERSITY,SCHL,Allahabad University
E0000000232,ALIGARHMUSLIMUNIVERSITY,SCHL,Aligarh Muslim University
E0000000233,UNIOFAGRISCIBANGALORE,SCHL,"Uni of Agri Sci, Bangalore"
E0000000234,AGRAUNIVERSITY,SCHL,Agra University
E0000000235,UNIVERSITASBINANUSANTARA,SCHL,Universitas Bina Nusantara
E0000000236,MEDANAREAUNIVERSITY,SCHL,Medan Area University
E0000000237,UKATOLIKINDOAJ,SCHL,UKatolikIndoAJ
E0000000238,GUNADARMAUNIVERSITY,SCHL,Gunadarma University
E0000000239,SHANMUGHAASTRACDEEMEDU,SCHL,Shanmugha A S T&R Ac Deemed U
E0000000240,PANCASILAUNIVERSITY,SCHL,Pancasila University
E0000000241,UNIVERSITASKATOLIKINDONESIA,SCHL,"Universitas Katolik, Indonesia"
E0000000242,UNIVERSITASKAROINDONESIA,SCHL,"Universitas Karo, Indonesia"
E0000000243,PRASETIYAMULYAINDONESIA,SCHL,"Prasetiya Mulya, Indonesia"
E0000000244,CHRISTIANUNIOFINDONESIA,SCHL,Christian Uni of Indonesia
E0000000245,SKHTGTEKNIKSURABAYAINDON,SCHL,Skh Tg Teknik Surabaya Indon
E0000000246,SKHTGTEKTELKOMSTTTELKOM,SCHL,Skh Tg Tek Telkom (STT Telkom)
E0000000247,ATMAJAYACATHOLICUNIOFINDO,SCHL,Atma Jaya Catholic Uni of Indo
E0000000248,UNIVERSITASPELITAHARAPAN,SCHL,Universitas Pelita Harapan
E0000000249,BINANUSANTARAUNIVERSITY,SCHL,Bina Nusantara University
E0000000250,SANATADHARMAUYOGYAINDON,SCHL,"Sanata Dharma U (Yogya),Indon"
E0000000251,STATEINSTISLAMCSTDJKTINDO,SCHL,State Inst Islamc Std JKT Indo
E0000000252,PERSADAINDONESIAUNIYAI,SCHL,Persada Indonesia Uni - Y.A.I
E0000000253,DIPONEGOROUNIVERSITY,SCHL,Diponegoro University
E0000000254,INSTTEKNASIONALBANDUNGINDO,SCHL,"Inst Tek Nasional,Bandung Indo"
E0000000255,PETRACHRISTIANUNIVERSITY,SCHL,Petra Christian University
E0000000256,UNIOFATMAJAYAYOGYAKARTA,SCHL,Uni of Atma Jaya Yogyakarta
E0000000257,UNIOFNORTHSUMATRAMEDAN,SCHL,"Uni of North Sumatra, Medan"
E0000000258,MARANATHACHRISTIANUNIINDON,SCHL,"Maranatha Christian Uni, Indon"
E0000000259,SATYAWACANACHRISTIANUINDON,SCHL,Satya Wacana Christian U Indon
E0000000260,UNIVERSITYOFBRAWIJAYA,SCHL,University of Brawijaya
E0000000261,BOGORAGRIUNIINDONESIA,SCHL,"Bogor Agri Uni, Indonesia"
E0000000262,1NOPEMBERINSTOFTECHINDON,SCHL,10 Nopember Inst of Tech Indon
E0000000263,TARUMANAGARAUNIINDONESIA,SCHL,"Tarumanagara Uni, Indonesia"
E0000000264,SURABAYAUNIVINDONESIA,SCHL,"Surabaya Univ, Indonesia"
E0000000265,PARAHYANGANCATHOLICUINDON,SCHL,"Parahyangan Catholic U, Indon"
E0000000266,TRISAKTIUNIVERSITYINDONESIA,SCHL,"Trisakti University, Indonesia"
E0000000267,UNIVERSITYOFGADJAHMADA,SCHL,University of Gadjah Mada
E0000000268,PADJADJARANUNIVERSITY,SCHL,Padjadjaran University
E0000000269,UNIVERSITYOFINDONESIA,SCHL,University of Indonesia
E0000000270,BANDUNGINSTITUTEOFTECH,SCHL,Bandung Institute of Tech
E0000000271,ASHTARUNIOFTECHNOLOGY,SCHL,Ashtar Uni of Technology
E0000000272,SHAHIDBEHESHTIUNIVERSITY,SCHL,Shahid Beheshti University
E0000000273,ISFAHANUNIOFMEDICALSCI,SCHL,Isfahan Uni of Medical Sci
E0000000274,UNIVERSITYOFTABRIZ,SCHL,University of Tabriz
E0000000275,YAZDUNIVERSITY,SCHL,Yazd University
E0000000276,FERDOWSIUNIVERSITYOFMASHHAD,SCHL,Ferdowsi University of Mashhad
E0000000277,AZADUNIVERSITY,SCHL,Azad University
E0000000278,UNIVERSITYOFISFAHAN,SCHL,University of Isfahan
E0000000279,IRANUNIOFSCITECHTEHRAN,SCHL,"Iran Uni of Sci & Tech, Tehran"
E0000000280,AMIRKABIRUNIOFTECH,SCHL,Amirkabir Uni of Tech
E0000000281,ISLAMICAZADUNIVERSITY,SCHL,Islamic Azad University
E0000000282,SHARIFUNIOFTECHTEHRAN,SCHL,"Sharif Uni of Tech, Tehran"
E0000000283,ISFAHANUNIOFTECHNOLOGY,SCHL,Isfahan Uni of Technology
E0000000284,UNIVERSITYOFTEHRAN,SCHL,University of Tehran
E0000000285,SHIRAZUNIVERSITY,SCHL,Shiraz University
E0000000286,UNIVERSITYCOLLEGECORK,SCHL,University College Cork
E0000000287,NATIONALUNIVERSITYOFIRELAND,SCHL,National University of Ireland
E0000000288,ROYALCOLLGOFSURGEONSNUI,SCHL,"Royal Collg of Surgeons, NUI"
E0000000289,NATUNIOFIRELANDHEIREANN,SCHL,Nat Uni of Ireland (hEireann)
E0000000290,TRINITYCOLLEGEDUBLIN,SCHL,Trinity College Dublin
E0000000291,BENGURIONUNIOFTHENEGEV,SCHL,Ben Gurion Uni of the Negev
E0000000292,HEBREWUNIVERSITYOFJERUSALEM,SCHL,Hebrew University of Jerusalem
E0000000293,UNIDEGLISTUDIDIFIRENZE,SCHL,Uni Degli Studi Di Firenze
E0000000294,INSTPERGLISTUDIDIPOLINT,SCHL,Inst per gli Studi di Pol Int
E0000000295,PONTIFICALURBANIANAUNI,SCHL,Pontifical Urbaniana Uni
E0000000296,UNIVERSITYOFTRENTO,SCHL,University of Trento
E0000000297,UNIDEGLISTUDIDIBERGAMO,SCHL,Uni degli Studi di Bergamo
E0000000298,UNIVERSITYOFMILAN,SCHL,University of Milan
E0000000299,UNIOFCOMLUIGIBOCCONIMILAN,SCHL,Uni of Com Luigi Bocconi Milan
E0000000300,POLITECHNICODIMILANO,SCHL,Politechnico di Milano
E0000000301,TOKYOKASEIGAKUINUNIVERSITY,SCHL,Tokyo Kasei Gakuin University
E0000000302,HIROSAKIUNIVERSITY,SCHL,Hirosaki University
E0000000303,NATGRADINSTFORPOLICYSTDS,SCHL,Nat Grad Inst for Policy Stds
E0000000304,RITSUMEIKANASIAPACIFICUNI,SCHL,Ritsumeikan Asia Pacific Uni
E0000000305,AKITAINTERNATIONALUNIVERSITY,SCHL,Akita International University
E0000000306,KANAZAWAUNIVERSITY,SCHL,Kanazawa University
E0000000307,RITSUMEIKANUNIVERSITY,SCHL,Ritsumeikan University
E0000000308,DOSHISHAUNIVERSITY,SCHL,Doshisha University
E0000000309,KYOTOINSTITUTEOFTECHNOLOGY,SCHL,Kyoto Institute of Technology
E0000000310,TOHOKUUNIVERSITY,SCHL,Tohoku University
E0000000311,SCIENCEUNIVERSITYOFTOKYO,SCHL,Science University of Tokyo
E0000000312,DOKKYOUNIVERSITY,SCHL,Dokkyo University
E0000000313,AOYAMAGAKUINUNIVERSITY,SCHL,Aoyama Gakuin University
E0000000314,KYUSHUUNIVERSITY,SCHL,Kyushu University
E0000000315,CHUOUNIVERSITY,SCHL,Chuo University
E0000000316,WASEDAUNIVERSITY,SCHL,Waseda University
E0000000317,UNIVERSITYOFTSUKUBA,SCHL,University of Tsukuba
E0000000318,INSTITUTEOFSCIENCETOKYO,SCHL,Institute of Science Tokyo
E0000000319,THEUNIVERSITYOFTOKYO,SCHL,The University of Tokyo
E0000000320,TOKYOUNIOFFOREIGNSTUDIES,SCHL,Tokyo Uni of Foreign Studies
E0000000321,SOPHIAUNIVERSITY,SCHL,Sophia University
E0000000322,RIKKYOUNIVERSITY,SCHL,Rikkyo University
E0000000323,OSAKAUNIVERSITY,SCHL,Osaka University
E0000000324,NIHONUNIVERSITY,SCHL,Nihon University
E0000000325,NAGOYAUNIVERSITY,SCHL,Nagoya University
E0000000326,KYOTOUNIVERSITY,SCHL,Kyoto University
E0000000327,KWANSEIGAKUINUNIVERSITY,SCHL,Kwansei Gakuin University
E0000000328,KEIOUNIVERSITY,SCHL,Keio University
E0000000329,KANAGAWAUNIVERSITY,SCHL,Kanagawa University
E0000000330,INTERNATIONALUNIOFJAPAN,SCHL,International Uni of Japan
E0000000331,HOKKAIDOUNIVERSITY,SCHL,Hokkaido University
E0000000332,HITOTSUBASHIUNIVERSITY,SCHL,Hitotsubashi University
E0000000333,CHIBAUNIVERSITY,SCHL,Chiba University
E0000000334,KAZAKHSTANINSTOFECONOMICS,SCHL,Kazakhstan Inst of Economics
E0000000335,UNIVERSITYOFNAIROBIKENYA,SCHL,"University of Nairobi, Kenya"
E0000000336,NATIONALUNIVERSITYOFLAOS,SCHL,National University of Laos
E0000000337,BEIRUTARABUNIVERSITY,SCHL,Beirut Arab University
E0000000338,ALFATAHUNIVERSITYTRIPOLI,SCHL,"Alfatah University, Tripoli"
E0000000339,KAUNASUT,SCHL,KaunasUT
E0000000340,VILNIUSUNIVERSITY,SCHL,Vilnius University
E0000000341,UNIVERSITYOFMACAU,SCHL,University of Macau
E0000000342,KOLEJUNITEKTUNHUSSEINONN,SCHL,Kolej Uni Tek Tun Hussein Onn
E0000000343,UNICOLLGOFSCITECHMY,SCHL,Uni Collg of Sci & Tech MY
E0000000344,UNIVERSITITUNKUABDULRAHMAN,SCHL,Universiti Tunku Abdul Rahman
E0000000345,INTIINTERNATIONALUNIVERSITY,SCHL,INTI International University
E0000000346,MAKTABSAINSMARATROLAKPERAK,SCHL,Maktab Sains Mara Trolak Perak
E0000000347,NATINSTOFPUBLICADMIN,SCHL,Nat Inst of Public Admin
E0000000348,TAYLORSCOLLEGE,SCHL,Taylor's College
E0000000349,UNIVERSITITEKNOLOGIPETRONAS,SCHL,Universiti Teknologi Petronas
E0000000350,NATIONALUNIOFMALAYSIA,SCHL,National Uni of Malaysia
E0000000351,UNITEKNOLOGIMARASELANGOR,SCHL,Uni Teknologi MARA Selangor
E0000000352,UNIVERSITITENAGANASIONAL,SCHL,Universiti Tenaga Nasional
E0000000353,MULTIMEDIAUNIVERSITY,SCHL,Multimedia University
E0000000354,UNIVERSITIMALAYSIASABAH,SCHL,Universiti Malaysia Sabah
E0000000355,UNIVERSITYMALAYSIASARAWAK,SCHL,University Malaysia Sarawak
E0000000356,UNIVERSITIPUTRAMALAYSIA,SCHL,Universiti Putra Malaysia
E0000000357,UNIVERSITIUTARAMALAYSIA,SCHL,Universiti Utara Malaysia
E0000000358,INSTITUTTEKNOLOGIMARA,SCHL,Institut Teknologi Mara
E0000000359,INTERNATIONALISLAMICUNI,SCHL,International Islamic Uni
E0000000360,UNIOFTECHNOLOGYMALAYSIA,SCHL,Uni of Technology Malaysia
E0000000361,UNIVERSITIPERTANIANMALAYSIA,SCHL,Universiti Pertanian Malaysia
E0000000362,UNIVERSITIKEBANGSAANMALAYSIA,SCHL,Universiti Kebangsaan Malaysia
E0000000364,UNIVERSITYOFSCIENCEMALAYSIA,SCHL,University of Science Malaysia
E0000000365,UNIVERSITYOFMALAYA,SCHL,University of Malaya
E0000000366,UNIVERSIDADIBEROAMERICANA,SCHL,Universidad Iberoamericana
E0000000367,GOVERNMENTTECHUNISITTWE,SCHL,"Government Tech Uni, Sittwe"
E0000000368,GOVTTECHCOLLGAYETHARYAR,SCHL,"Govt Tech Collg, Ayetharyar"
E0000000369,MANDALAYTECHNOLOGICALINST,SCHL,Mandalay Technological Inst
E0000000370,INSTOFMEDICINEIIYANGON,SCHL,"Inst of Medicine II, Yangon"
E0000000371,INSTOFPARAMEDICALSCIYANGON,SCHL,Inst of Paramedical Sci Yangon
E0000000372,YANGONINSTITUTEOFECONOMICS,SCHL,Yangon Institute of Economics
E0000000373,UNIVERSITYOFFOREIGNLANGUAGE,SCHL,University of Foreign Language
E0000000374,GOVTTECHCOLLEGEPYAY,SCHL,"Govt Tech College, Pyay"
E0000000375,GOVTTECHCOLLEGEMAWLAMYINE,SCHL,"Govt Tech College, Mawlamyine"
E0000000376,GOVTTECHCOLLEGEMANDALAY,SCHL,"Govt Tech College, Mandalay"
E0000000377,GOVTTECHCOLLEGETHANLYIN,SCHL,"Govt Tech College, Thanlyin"
E0000000378,GOVTTECHCOLLEGEHMAWBI,SCHL,"Govt Tech College, Hmawbi"
E0000000379,GOVTTECHCOLLEGETAUNGOO,SCHL,"Govt Tech College, Taungoo"
E0000000380,INSTITUTEOFPHARMACYYANGON,SCHL,"Institute of Pharmacy, Yangon"
E0000000381,UNIVERSITYOFEASTYANGON,SCHL,University of East Yangon
E0000000382,KMDCOMPUTERCENTRE,SCHL,KMD Computer Centre
E0000000383,YADANABONUNIVERSITY,SCHL,Yadanabon University
E0000000384,UNIVERSITYOFTAUNGGYI,SCHL,University of Taunggyi
E0000000385,PYAYTECHNOLOGICALUNIVERSITY,SCHL,Pyay Technological University
E0000000386,UNIVERSITYOFPATHEIN,SCHL,University of Pathein
E0000000387,DAGONUNIVERSITY,SCHL,Dagon University
E0000000388,UNIVERSITYOFYANGON,SCHL,University of Yangon
E0000000389,MANDALAYINSTOFTECHNOLOGY,SCHL,Mandalay Inst of Technology
E0000000390,MANDALAYTECHNOLOGICALUNI,SCHL,Mandalay Technological Uni
E0000000391,UNIOFCOMPSTUDIESMANDALAY,SCHL,"Uni of Comp Studies, Mandalay"
E0000000392,UNIOFCOMPSTUDIESYANGON,SCHL,"Uni of Comp Studies, Yangon"
E0000000393,YANGONTECHNOLOGICALUNI,SCHL,Yangon Technological Uni
E0000000394,INSTOFMEDICINEIYANGON,SCHL,"Inst of Medicine I, Yangon"
E0000000395,UNIOFDISTANCEEDUYANGON,SCHL,"Uni of Distance Edu, Yangon"
E0000000396,INSTOFCOMPSCITECHYANGON,SCHL,Inst of Comp Sci & Tech Yangon
E0000000397,ARTSSCIENCEUNIYANGON,SCHL,"Arts & Science Uni, Yangon"
E0000000398,UNIVERSITYOFMANDALAY,SCHL,University of Mandalay
E0000000399,YANGONINSTOFTECHYANGON,SCHL,"Yangon Inst of Tech, Yangon"
E0000000400,INSTOFDENTALMEDYANGON,SCHL,"Inst of Dental Med, Yangon"
E0000000401,INSTOFMEDICINEIRANGOON,SCHL,"Inst of Medicine I, Rangoon"
E0000000402,YANGONINSTITUTEOFECONOMICS,SCHL,Yangon Institute of Economics
E0000000403,YANGONUNIVERSITY,SCHL,Yangon University
E0000000404,RANGOONINSTOFTECHNOLOGY,SCHL,Rangoon Inst of Technology
E0000000405,KATHMANDUUNIVERSITY,SCHL,Kathmandu University
E0000000406,KUMAUNUNIVERSITY,SCHL,Kumaun University
E0000000407,INSTOFFORESTRYTRIBHUVANU,SCHL,"Inst of Forestry, Tribhuvan U"
E0000000408,POLYTECHNICOFAMSTERDAM,SCHL,Polytechnic of Amsterdam
E0000000409,IHEDELFTINSTFORWATEREDU,SCHL,IHE Delft Inst for Water Edu
E0000000410,ROTTERDAMSCHOOLOFMANAGEMENT,SCHL,Rotterdam School of Management
E0000000411,UNIOFPROFEDUENSCHEDE,SCHL,"Uni of Prof Edu, Enschede"
E0000000412,MAASTRICHTUNIVERSITY,SCHL,Maastricht University
E0000000413,MAASTRICHTSCHOOLOFMGNT,SCHL,Maastricht School of Mgnt
E0000000414,NETHERLANDSINTLINSTFORMGT,SCHL,Netherlands Intl Inst for Mgt
E0000000415,UNIVERSITYOFTWENTE,SCHL,University of Twente
E0000000416,UTRECHTUNIVERSITY,SCHL,Utrecht University
E0000000417,EINDHOVENUNIOFTECHNOLOGY,SCHL,Eindhoven Uni of Technology
E0000000418,INSTOFSOCSTUDIESTHEHAGUE,SCHL,"Inst of Soc Studies, The Hague"
E0000000419,ERASMUSUNIVERSITYROTTERDAM,SCHL,Erasmus University Rotterdam
E0000000420,DELFTUNIVERSITYOFTECHNOLOGY,SCHL,Delft University of Technology
E0000000421,UNIVERSITYOFAMSTERDAM,SCHL,University of Amsterdam
E0000000422,UNIVERSITYOFWAIKATO,SCHL,University of Waikato
E0000000423,VICTORIAUNIOFWELLINGTON,SCHL,Victoria Uni of Wellington
E0000000424,UNIVERSITYOFOTAGO,SCHL,University of Otago
E0000000425,MASSEYUNIVERSITY,SCHL,Massey University
E0000000426,UNIVERSITYOFCANTERBURY,SCHL,University of Canterbury
E0000000427,THEUNIVERSITYOFAUCKLAND,SCHL,The University of Auckland
E0000000428,ALNEELAINUNIVERSITY,SCHL,Al Neelain University
E0000000429,UNIVERSITYOFAGRICULTURE,SCHL,University of Agriculture
E0000000430,UNIVERSITYOFUYO,SCHL,University of Uyo
E0000000431,FEDERALPOLYTECHNICEDE,SCHL,"Federal Polytechnic, EDE"
E0000000432,UNIVERSITYOFBUEACAMEROON,SCHL,"University of Buea, Cameroon"
E0000000433,UNIVERSITYOFNIGERIA,SCHL,University of Nigeria
E0000000434,BAYEROUNIVERSITY,SCHL,Bayero University
E0000000435,UNIVERSITYOFMAIDUGURI,SCHL,University of Maiduguri
E0000000436,OBAFEMIAWOLOWOUNIIFEIFE,SCHL,"Obafemi Awolowo Uni,Ife-Ife"
E0000000437,UNIVERSITYOFIIORIN,SCHL,University of IIorin
E0000000438,AHMADUBELLOUNIVERSITY,SCHL,Ahmadu Bello University
E0000000439,UNIVERSITYOFBENINBENINCITY,SCHL,"University of Benin,Benin City"
E0000000440,UNIVERSITYOFLAGOS,SCHL,University of Lagos
E0000000441,UNIVERSITYOFIBADAN,SCHL,University of Ibadan
E0000000442,UNIVERSITYOFBERGEN,SCHL,University of Bergen
E0000000443,NORWEGIANUNIOFSCITECH,SCHL,Norwegian Uni of Sci & Tech
E0000000444,NORWEGIANSCHOOLOFECONOMICS,SCHL,Norwegian School of Economics
E0000000445,UNIVERSITYOFOSLO,SFTP,University of Oslo
E0000000446,SULTANQABOOSUNIVERSITY,SCHL,Sultan Qaboos University
E0000000447,COMSATSINSTOFINFOTECH,SCHL,Comsats Inst Of Info Tech
E0000000448,ROYALINSTOFCOMPSCIENCES,SCHL,Royal Inst Of Comp Sciences
E0000000449,UNIVERSITYOFCENTRALPUNJAB,SCHL,University Of Central Punjab
E0000000450,NATUNIOFCOMPEMERGINGSCI,SCHL,Nat Uni of Comp & Emerging Sci
E0000000451,LAHOREUNIOFMGTSCIENCES,SCHL,Lahore Uni of Mgt Sciences
E0000000452,GOVERNMENTCOLLEGEUNILAHORE,SCHL,"Government College Uni, Lahore"
E0000000453,INTLISLAMICUNIISLAMABAD,SCHL,"Intl Islamic Uni, Islamabad"
E0000000454,DEMONTMORENCYCOLLDENLAHORE,SCHL,DeMont Morency Coll Den Lahore
E0000000455,NATUNIOFSCIENCESTECH,SCHL,Nat Uni of Sciences & Tech
E0000000456,UNIVERSITYOFSINDH,SCHL,University of Sindh
E0000000457,GHULAMISHAQKHANINSTENGST,SCHL,Ghulam Ishaq Khan Inst Eng S&T
E0000000458,HAMDARDUNIVERSITYKARACHI,SCHL,"Hamdard University, Karachi"
E0000000459,MEHRANUNIOFENGTECHNOLOGY,SCHL,Mehran Uni of Eng & Technology
E0000000460,BAHAUDDINZAKARIYAUNIVERSITY,SCHL,Bahauddin Zakariya University
E0000000461,ALKHAIRUNIVERSITYISLAMABAD,SCHL,"Al-Khair University,Islamabad"
E0000000462,NEDUNIOFENGTECHNOLOGY,SCHL,NED Uni of Eng & Technology
E0000000463,UNIVERSITYOFTHEPUNJAB,SCHL,University of the Punjab
E0000000464,QUAIDIAZAMUNIVERSITY,SCHL,Quaid-i-Azam University
E0000000465,UNIVERSITYOFPESHAWAR,SCHL,University of Peshawar
E0000000466,LAHOREUNIOFMGTSCIENCES,SCHL,Lahore Uni of Mgt Sciences
E0000000467,UNIVERSITYOFKARACHI,SCHL,University of Karachi
E0000000468,UNIOFENGTECHTAXILA,SCHL,"Uni of Eng & Tech, Taxila"
E0000000469,UNIOFENGTECHNOLOGY,SCHL,Uni of Eng & Technology
E0000000470,PAMANTASANNGLUNGSOPMAYNILA,SCHL,Pamantasan ng Lungsop Maynila
E0000000471,BICOLUNIVERSITY,SCHL,Bicol University
E0000000472,PHILIPPINEDOMINICANCTINSSD,SCHL,Philippine Dominican Ct Ins Sd
E0000000473,SANSEBASTIANCOLLEGE,SCHL,San Sebastian College
E0000000474,MINDANAOSTATEUNIVERSITY,SCHL,Mindanao State University
E0000000475,SAINTLOUISUNIVERSITY,SCHL,Saint Louis University
E0000000476,ATENEODEMANILAUNIVERSITY,SCHL,Ateneo DeManila University
E0000000477,ATENEODEDAVAOUNIDAVAO,SCHL,"Ateneo De Davao Uni, Davao"
E0000000478,TECHUNIOFTHEPHILIPPINES,SCHL,Tech Uni of the Philippines
E0000000479,XAVIERUNIVERSITY,SCHL,Xavier University
E0000000480,BAGUIOCOLLEGESFOUNDATION,SCHL,Baguio Colleges Foundation
E0000000481,UNIOFTHEVISAYASCEBUCITY,SCHL,"Uni of the Visayas, Cebu City"
E0000000482,PALAWANNATIONALAGRICOLLEGE,SCHL,Palawan National Agri College
E0000000483,UNIVERSITYOFSANTOTOMAS,SCHL,University of Santo Tomas
E0000000484,UNIOFASIATHEPACIFIC,SCHL,Uni of Asia & the Pacific
E0000000485,UNIOFSANJOSERECOLETOS,SCHL,Uni of San Jose - Recoletos
E0000000486,STLOUISUNIBAGUIOCITY,SCHL,"St Louis Uni, Baguio City"
E0000000487,UNIOFPHILIPPINESDILIMAN,SCHL,Uni of Philippines - Diliman
E0000000488,UNIOFPHILIPPINESLOSBANOS,SCHL,Uni of Philippines - Los Banos
E0000000489,UNIVERSITYOFSANCARLOS,SCHL,University of San Carlos
E0000000490,UNIVERSITYOFTHEPHILIPPINES,SCHL,University of the Philippines
E0000000491,MAPUAINSTITUTEOFTECHNOLOGY,SCHL,Mapua Institute of Technology
E0000000492,ATENEODEMANILAUNIVERSITY,SCHL,Ateneo De Manila University
E0000000493,UNIVERSITYOFTHEEAST,SCHL,University of the East
E0000000494,DELASALLEUNIVERSITY,SCHL,De La Salle University
E0000000495,ASIANINSTITUTEOFMANAGEMENT,SCHL,Asian Institute of Management
E0000000496,UOFCARDINALSTEFANWYSZYNSKI,SCHL,U of Cardinal Stefan Wyszynski
E0000000497,WARSAWSCHOOLOFECONOMICS,SCHL,Warsaw School of Economics
E0000000498,WARSAWUNIOFTECHNOLOGY,SCHL,Warsaw Uni of Technology
E0000000499,ALEXANDRUIOANCUZAUNIIASI,SCHL,Alexandru Ioan Cuza Uni - IASI
E0000000500,POLITECHNICAUNIOFBUCHAREST,SCHL,Politechnica Uni of Bucharest
E0000000501,GHASACHIPOLYINSTIASI,SCHL,GH Asachi Poly Inst - IASI
E0000000502,ACADEMYOFTEACHERSDEVT,SCHL,Academy of Teachers' Devt
E0000000503,KISHINEVSKIYSTATEUNIVERSITY,SCHL,Kishinevskiy State University
E0000000504,STATEMARITIMEACADEMY,SCHL,State Maritime Academy
E0000000505,MOSCOWSTATEUNIVERSITYMOSCOW,SCHL,"Moscow State University,Moscow"
E0000000506,BAUMANMOSCOWSTATETECHUNI,SCHL,Bauman Moscow State Tech Uni
E0000000507,DONETSKNATIONALTECHNICALUNI,SCHL,Donetsk National Technical Uni
E0000000508,NOVOSIBIRSKSTATEUNIVERSITY,SCHL,Novosibirsk State University
E0000000509,SAINTPETERSBURGSTATEUNI,SCHL,Saint Petersburg State Uni
E0000000510,KINGFAHDUPMDHAHRANSA,SCHL,"King Fahd UPM, Dhahran SA"
E0000000511,SINGAPOREMANAGEMENTUNI,SCHL,Singapore Management Uni
E0000000512,INSTOFCERTPUBLICACCOFSP,SCHL,Inst of Cert Public Acc of Sp
E0000000513,NANYANGTECHNOLOGICALUNI,SCHL,Nanyang Technological Uni
E0000000514,SPOREINSTITUTEOFMANAGEMENT,SCHL,S'pore Institute of Management
E0000000515,RELC,SCHL,RELC
E0000000516,NATIONALUNIOFSINGAPORE,SCHL,National Uni of Singapore
E0000000517,SOMALINATIONALUNIVERSITY,SCHL,Somali National University
E0000000518,UNIVERSITYOFTHENORTH,SCHL,University of The North
E0000000519,UNIVERSITYOFVENDA,SCHL,University of Venda
E0000000520,UNIVERSITYOFDURBANWESTVILLE,SCHL,University of Durban-Westville
E0000000521,KENYATTAUNIVERSITY,SCHL,Kenyatta University
E0000000522,UNIVERSITYOFKUWAIT,SCHL,University of Kuwait
E0000000523,UNIVERSITYOFCAPETOWN,SCHL,University of Cape Town
E0000000524,DONGAUNIVERSITY,SCHL,Dong-A University
E0000000525,THECATHOLICUNIOFKOREA,SCHL,The Catholic Uni of Korea
E0000000526,HONGIKUNIVERSITY,SCHL,Hongik University
E0000000527,SOONGSILUNIVERSITY,SCHL,Soongsil University
E0000000528,CHONNAMNATIONALUNIVERSITY,SCHL,Chonnam National University
E0000000529,CHONBUKNATIONALUNIVERSITY,SCHL,Chonbuk National University
E0000000530,KOREAMARITIMEUNIVERSITY,SCHL,Korea Maritime University
E0000000531,CHOSUNUNIVERSITY,SCHL,Chosun University
E0000000532,HANYANGUNIVERSITY,SCHL,Hanyang University
E0000000533,KONKUKUNIVERSITY,SCHL,Konkuk University
E0000000534,INFORMATIONCOMMUNI,SCHL,Information & Comm Uni
E0000000535,UNIVERSITYOFULSAN,SCHL,University of Ulsan
E0000000536,SUNGKYUNKWANUNIVERSITY,SCHL,Sungkyunkwan University
E0000000537,PUSANNATIONALUNIVERSITY,SCHL,Pusan National University
E0000000538,KYUNGHEEUNIVERSITY,SCHL,Kyung Hee University
E0000000539,PUKYONGNATIONALUNIPUSAN,SCHL,"Pukyong National Uni, Pusan"
E0000000540,EWHAWOMENSUNIVERSITYSEOUL,SCHL,"Ewha Women's University,Seoul"
E0000000541,SEOULWOMANSUNIVERSITY,SCHL,Seoul Woman's University
E0000000542,SUNGKYUNKWANUNIVERSITY,SCHL,Sung Kyun Kwan University
E0000000543,DONGGUKUNIVERSITY,SCHL,Dongguk University
E0000000544,KOREAUNIVERSITY,SCHL,Korea University
E0000000545,SOGANGUNIVERSITY,SCHL,Sogang University
E0000000546,KOREAADVINSTSTKAIST,SCHL,Korea Adv Inst S&T (KAIST)
E0000000547,HANKUKUNIOFFOREIGNSTUDIES,SCHL,Hankuk Uni of Foreign Studies
E0000000548,YONSEIUNIVERSITY,SCHL,Yonsei University
E0000000549,SEOULNATIONALUNIVERSITY,SCHL,Seoul National University
E0000000550,UNIPOLITECNICADECATALUNYA,SCHL,Uni Politecnica de Catalunya
E0000000551,POLYTECHNICUNIOFMADRID,SCHL,Polytechnic Uni of Madrid
E0000000552,UNIVERSIDADDEMADRID,SCHL,Universidad de Madrid
E0000000553,ESCUELASUPDEADMDEESADE,SCHL,Escuela Sup de Adm DE (ESADE)
E0000000554,UNIVERSITYOFBARCELONA,SCHL,University of Barcelona
E0000000555,WAYAMBAUNIOFSRILANKA,SCHL,Wayamba Uni of Sri Lanka
E0000000556,UNIVERSITYOFKELANIYA,SCHL,University of Kelaniya
E0000000557,UNIOFSRIJAYEWARDENEPURA,SCHL,Uni of Sri Jayewardenepura
E0000000558,UNIVERSITYOFJAFFNA,SCHL,University of Jaffna
E0000000559,UNIVERSITYOFMORATUWA,SCHL,University of Moratuwa
E0000000560,UNIVERSITYOFPERADENIYA,SCHL,University of Peradeniya
E0000000561,UNIVERSITYOFCOLOMBO,SCHL,University of Colombo
E0000000562,SODERTORNSUNICOLLSTOCKHOLM,SCHL,"Sodertorns Uni Coll, Stockholm"
E0000000563,OREBROUNIVERSITY,SCHL,Orebro University
E0000000564,SWEDISHUNIOFAGRISCIENCES,SCHL,Swedish Uni of Agri Sciences
E0000000565,STOCKHOLMSCHOOLOFECONOMICS,SCHL,Stockholm School of Economics
E0000000566,UNIVERSITYOFBORAS,SCHL,University of Boras
E0000000567,CHALMERSUNIOFTECHNOLOGY,SCHL,Chalmers Uni of Technology
E0000000568,LINKOPINGUNIVERSITY,SCHL,Linkoping University
E0000000569,UPPSALAUNIVERSITY,SCHL,Uppsala University
E0000000570,STOCKHOLMUNIVERSITY,SCHL,Stockholm University
E0000000571,KTHROYALINSTOFTECHNOLOGY,SCHL,KTH-Royal Inst of Technology
E0000000572,LUNDUNIVERSITY,SCHL,Lund University
E0000000573,KAROLINSKAINSTITUTE,SCHL,Karolinska Institute
E0000000574,ECOLECADELAUSANNEECAL,SCHL,Ecole CA de Lausanne (ECAL)
E0000000575,UNIVERSITYOFBASEL,SCHL,University of Basel
E0000000576,UNIVERSITYOFSTGALLEN,SCHL,University of St. Gallen
E0000000577,SWISSFEDERALINSTTECZURICH,SCHL,Swiss Federal Inst Tec Zurich
E0000000578,ETHZURICH,SCHL,ETH Zurich
E0000000579,UNIVERSITYOFZURICH,SCHL,University of Zurich
E0000000580,SWISSFEDERALINSTECLAUSANNE,SCHL,Swiss Federal Ins Tec Lausanne
E0000000581,NATTAIPEIUNIOFTECHNOLOGY,SCHL,Nat Taipei Uni of Technology
E0000000582,NATIONALTAIPEIUNIVERSITY,SCHL,National Taipei University
E0000000583,NATIONALCHINANUNIVERSITY,SCHL,National Chi Nan University
E0000000584,NATTAIWANUNIOFSCITECH,SCHL,Nat Taiwan Uni of Sci & Tech
E0000000585,CHUNGSHANMEDDENTCOLLEGE,SCHL,Chung Shan Med & Dent College
E0000000586,NATIONALCHUNGHSINGUNI,SCHL,National Chung Hsing Uni
E0000000587,NATIONALCHENGCHIUNIVERSITY,SCHL,National Chengchi University
E0000000588,NATIONALSUNYATSENUNI,SCHL,National Sun Yat-sen Uni
E0000000589,NATIONALCHIAOTUNGUNIVERSITY,SCHL,National Chiao Tung University
E0000000590,FUJENCATHOLICUNIVERSITY,SCHL,Fujen Catholic University
E0000000591,NATIONALTSINGHUAUNIVERSITY,SCHL,National Tsing Hua University
E0000000592,TAMKANGUNIVERSITY,SCHL,Tamkang University
E0000000593,TSINGHUAUNIVERSITY,SCHL,Tsing Hua University
E0000000594,TUNGHAIUNIVERSITY,SCHL,Tunghai University
E0000000595,SOOCHOWUNIVERSITY,SCHL,Soochow University
E0000000596,NATIONALCHENGKUNGUNIVERSITY,SCHL,National Cheng Kung University
E0000000597,NATIONALTAIWANNORMALUNI,SCHL,National Taiwan Normal Uni
E0000000598,NATIONALTAIWANUNIVERSITY,SCHL,National Taiwan University
E0000000599,NATIONALCENTRALUNIVERSITY,SCHL,National Central University
E0000000600,FENGCHIAUNIVERSITY,SCHL,Feng Chia University
E0000000601,BONDUNIVERSITY,SCHL,Bond University
E0000000602,RMITUNIVERSITY,SCHL,RMIT University
E0000000603,CPAAUSTRALIA,SCHL,CPA Australia
E0000000604,INSTOFMGTTECHAUSTON,SCHL,"Inst of Mgt & Tech, Auston"
E0000000605,SOUTHERNCROSSUNIVERSITY,SCHL,Southern Cross University
E0000000606,UNIVERSITYOFCANBERRA,SCHL,University of Canberra
E0000000607,NORTHERNTERRITORYUNIVERSITY,SCHL,Northern Territory University
E0000000608,CENTRALQUEENSLANDUNIVERSITY,SCHL,Central Queensland University
E0000000609,CHARLESSTURTUNIVERSITYNSW,SCHL,"Charles Sturt University, NSW"
E0000000610,UNIVERSITYOFSOUTHAUSTRALIA,SCHL,University of South Australia
E0000000611,UNIVERSITYOFWESTERNSYDNEY,SCHL,University of Western Sydney
E0000000612,UNIVERSITYOFWOLLONGONG,SCHL,University of Wollongong
E0000000613,UNIOFSOUTHERNQUEENSLAND,SCHL,Uni of Southern Queensland
E0000000614,SWINBURNEUNIOFTECHNOLOGY,SCHL,Swinburne Uni of Technology
E0000000615,UNIOFTECHNOLOGYSYDNEY,SCHL,"Uni of Technology, Sydney"
E0000000616,EDITHCOWANUNIVERSITY,SCHL,Edith Cowan University
E0000000617,CURTINUNIOFTECHNOLOGY,SCHL,Curtin Uni of Technology
E0000000618,THEUNIOFWESTERNAUSTRALIA,SCHL,The Uni of Western Australia
E0000000619,UNIVERSITYOFTASMANIA,SCHL,University of Tasmania
E0000000620,THEUNIVERSITYOFSYDNEY,SCHL,The University of Sydney
E0000000621,ROYALMELBOURNEINSTOFTECH,SCHL,Royal Melbourne Inst of Tech
E0000000622,QUEENSLANDUNIOFTECHAUST,SCHL,"Queensland Uni of Tech, Aust"
E0000000623,THEUNIVERSITYOFQUEENSLAND,SCHL,The University of Queensland
E0000000624,UNIVERSITYOFNEWENGLAND,SCHL,University of New England
E0000000625,UNIVERSITYOFNEWCASTLE,SCHL,University of Newcastle
E0000000626,UNIVERSITYOFNEWSOUTHWALES,SCHL,University of New South Wales
E0000000627,MURDOCHUNIVERSITY,SCHL,Murdoch University
E0000000628,MONASHUNIVERSITY,SCHL,Monash University
E0000000629,THEUNIVERSITYOFMELBOURNE,SCHL,The University of Melbourne
E0000000630,MACQUARIEUNIVERSITY,SCHL,Macquarie University
E0000000631,LATROBEUNIVERSITY,SCHL,LaTrobe University
E0000000632,JAMESCOOKUNIVERSITY,SCHL,James Cook University
E0000000633,GRIFFITHUNIVERSITY,SCHL,Griffith University
E0000000634,FLINDERSUNIOFSAUSTRALIA,SCHL,Flinders Uni of S Australia
E0000000635,DEAKINUNIVERSITY,SCHL,Deakin University
E0000000636,THEUNIVERSITYOFADELAIDE,SCHL,The University of Adelaide
E0000000637,THEAUSTRALIANNATIONALUNI,SCHL,The Australian National Uni
E0000000638,VIENNAUNIOFECONBIZ,SCHL,Vienna Uni of Econ & Biz
E0000000639,UNIVERSITYOFVIENNA,SCHL,University of Vienna
E0000000640,AMERICANINTERNATIONALUNI,SCHL,American International Uni
E0000000641,CHITTAGONGUNIOFENGTECH,SCHL,Chittagong Uni of Eng & Tech
E0000000642,INTLISLAMICUNICHITTAGONG,SCHL,"Intl Islamic Uni, Chittagong"
E0000000643,SHAHJALALUNIOFSCITECH,SCHL,Shahjalal Uni of Sci & Tech
E0000000644,MYMENSINGHMEDICALCOLLEGE,SCHL,Mymensingh Medical College
E0000000645,BANGLADESHINSTTECRAJSHAHI,SCHL,Bangladesh Inst Tec Rajshahi
E0000000646,NATIONALUNIVERSITYGAZIPUR,SCHL,National University Gazipur
E0000000647,KHULNAUNIVERSITY,SCHL,Khulna University
E0000000648,NORTHSOUTHUNIVERSITY,SCHL,North South University
E0000000649,BANGLADESHINSTOFTECHDHAKA,SCHL,"Bangladesh Inst of Tech, Dhaka"
E0000000650,BANGLADESHINSTOFTECHKHULNA,SCHL,"Bangladesh Inst of Tech,Khulna"
E0000000651,BANGLADESHAGRICULTURALUNI,SCHL,Bangladesh Agricultural Uni
E0000000652,UNIVERSITYOFRAJSHAHI,SCHL,University of Rajshahi
E0000000653,JAHANGIRNAGARUNIVERSITY,SCHL,Jahangirnagar University
E0000000654,UNIVERSITYOFDHAKA,SCHL,University of Dhaka
E0000000655,CHITTAGONGUNIVERSITY,SCHL,Chittagong University
E0000000656,BANGLADESHUNIOFENGTECH,SCHL,Bangladesh Uni of Eng & Tech
E0000000657,INTSAKHAROVENVIRONMENTALUNI,SCHL,Int Sakharov Environmental Uni
E0000000658,EVANGELISCHETHEOLOGISCHEFAC,SCHL,Evangelische Theologische Fac
E0000000659,UCLN,SCHL,UCLN
E0000000660,UCLCATHOLICUNIOFLOUVAIN,SCHL,UCL Catholic Uni of Louvain
E0000000661,STATEUNIVERSITYOFGHENT,SCHL,State University of Ghent
E0000000662,KULEUVEN,SCHL,KU Leuven
E0000000663,UNIOFBRUSSELSSOLVAYBIZSCH,SCHL,Uni of Brussels Solvay Biz Sch
E0000000664,UNIVERSITYOFBOTSWANA,SCHL,University of Botswana
E0000000665,FACDIREITOSAOCARLOSBRAZIL,SCHL,Fac Di reito Sao Carlos Brazil
E0000000666,UNIOFBRUNEIDARUSSALAM,SCHL,Uni of Brunei Darussalam
E0000000667,UNIVERSITYOFSOFIA,SCHL,University of Sofia
E0000000668,INSTOFTECHNOLOGYOFCAMBODIA,SCHL,Inst of Technology of Cambodia
E0000000669,ROYALUNIVERSITYOFPHNOMPENH,SCHL,Royal University of Phnom Penh
E0000000670,ROYALUNIOFAGRIPHNOMPENH,SCHL,"Royal Uni of Agri, Phnom Penh"
E0000000671,NATIONALINSTOFMANAGEMENT,SCHL,National Inst of Management
E0000000672,ASIAPACIFICINTERNATIONALINS,SCHL,Asia Pacific International Ins
E0000000673,MOUNTALLISONUNIVERSITY,SCHL,Mount Allison University
E0000000674,YORKUNIVERSITY,SCHL,York University
E0000000675,STFRANCISXAVIERUNIVERSITY,SCHL,St Francis Xavier University
E0000000676,THEUNIVERSITYOFLETHBRIDGE,SCHL,The University of Lethbridge
E0000000677,BRANDONUNIVERSITYMANITOBA,SCHL,"Brandon University, Manitoba"
E0000000678,UNIVERSITYOFWINDSOR,SCHL,University of Windsor
E0000000679,UNIVERSITYOFWINNIPEG,SCHL,University of Winnipeg
E0000000680,UNIVERSITYOFWATERLOO,SCHL,University of Waterloo
E0000000681,WESTERNUNIVERSITY,SCHL,Western University
E0000000682,VICTORIAUNIVERSITYTORONTO,SCHL,"Victoria University,Toronto"
E0000000683,UNIVERSITYOFVICTORIA,SCHL,University of Victoria
E0000000684,UNIVERSITYOFTORONTO,SCHL,University of Toronto
E0000000685,SIMONFRASERUNIVERSITY,SCHL,Simon Fraser University
E0000000686,UNIVERSITYOFREGINA,SCHL,University of Regina
E0000000687,QUEENSUNIVERSITYATKINGSTON,SCHL,Queen's University at Kingston
E0000000688,QUEENSUNIVERSITY,SCHL,Queen's University
E0000000689,UNIVERSITYOFOTTAWA,SCHL,University of Ottawa
E0000000690,MEMORIALUOFNEWFOUNDLANDCAN,SCHL,Memorial U of Newfoundland Can
E0000000691,UNIVERSITYOFNEWBRUNSWICK,SCHL,University of New Brunswick
E0000000692,UNIVERSITYOFMONTREAL,SCHL,University of Montreal
E0000000693,MCMASTERUNIVERSITY,SCHL,McMaster University
E0000000694,MCGILLUNIVERSITY,SCHL,McGill University
E0000000695,UNIVERSITYOFMANITOBA,SCHL,University of Manitoba
E0000000696,LAKEHEADUNIVERSITY,SCHL,Lakehead University
E0000000697,DALHOUSIEUNIVERSITY,SCHL,Dalhousie University
E0000000698,CARLETONUNIVERSITY,SCHL,Carleton University
E0000000699,UNIVERSITYOFCALGARY,SCHL,University of Calgary
E0000000700,CONCORDIAUNIVERSITY,SCHL,Concordia University
E0000000701,THEUNIOFBRITISHCOLUMBIA,SCHL,The Uni of British Columbia
E0000000702,UNIVERSITYOFALBERTA,SCHL,University of Alberta
E0000000703,ACADEMIAPOLITECHNICANAVAL,SCHL,Academia Politechnica Naval
E0000000704,COMMANDINGCOMMACADOFCPLA,SCHL,Commanding Comm Acad of CPLA
E0000000705,LIAOCHENGUNIVERSITY,SCHL,Liaocheng University
E0000000706,THECHARTDINSTLOGISTTRANSP,SCHL,The Chart'd Inst Logist Transp
E0000000707,XIANUNIOFFINANCEECON,SCHL,Xi'an Uni of Finance & Econ
E0000000708,CHENGDUUNIOFINFOTECHNOLOGY,SCHL,Chengdu Uni of Info Technology
E0000000709,SHENYANGNORMALUNIVERSITY,SCHL,Shenyang Normal University
E0000000710,LINYINORMALUNIVERSITY,SCHL,Linyi Normal University
E0000000711,JIANGHANUNIVERSITY,SCHL,Jiang Han University
E0000000712,BEIJINGSPORTSUNIVERSITY,SCHL,Beijing Sports University
E0000000713,ZHEJIANGRADIOTVUNIVERSITY,SCHL,Zhejiang Radio & TV University
E0000000714,COMMUNICATIONUNIOFCHINA,SCHL,Communication Uni of China
E0000000715,SHANDONGAGRICULTURALUNI,SCHL,Shandong Agricultural Uni
E0000000716,SUZHOUSCIENCETECHNOLOGYU,SCHL,Suzhou Science & Technology U
E0000000717,YANCHENGNORMALCOLLEGE,SCHL,Yancheng Normal College
E0000000718,YANBEINORMALINSTITUTE,SCHL,Yan Bei Normal Institute
E0000000719,NANJINGAUDITUNIVERSITY,SCHL,Nanjing Audit University
E0000000721,KUNMINGUNIOFSCITECH,SCHL,Kunming Uni of Sci & Tech
E0000000722,QINGDAOUNIOFTECHNOLOGY,SCHL,Qingdao Uni of Technology
E0000000723,SCENTRALUNIFORETHNICGROUP,SCHL,S-Central Uni for Ethnic Group
E0000000724,WUHANUNIVERSITY,SCHL,Wuhan University
E0000000725,TIANJINUNIOFTECHNOLOGY,SCHL,Tianjin Uni of Technology
E0000000726,BEIJINGJIAOTONGUNIVERSITY,SCHL,Beijing Jiaotong University
E0000000727,SHANGHAIACADSPACEFLIGHTTECH,SCHL,Shanghai Acad Spaceflight Tech
E0000000728,XIANINTERNATLSTUDIESUNI,SCHL,Xi'an Internat'l Studies Uni
E0000000729,QINGDAOUNIOFSCITECH,SCHL,Qingdao Uni of Sci & Tech
E0000000730,BEIJINGINTERNATLSTUDIESUNI,SCHL,Beijing Internat'l Studies Uni
E0000000731,XIANINSTITUTEOFSTATISTICS,SCHL,Xian Institute of Statistics
E0000000732,CHINAYOUTHUNIPOLITICALSCI,SCHL,China Youth Uni Political Sci
E0000000733,INSTITUTEOFTECHXINJIANG,SCHL,"Institute of Tech, Xinjiang"
E0000000734,BEIHANGUNIVERSITY,SCHL,Beihang University
E0000000735,HENANUNIOFSCIANDTECH,SCHL,Henan Uni of Sci and Tech
E0000000736,JIANGHANPETROLEUMINSTITUTE,SCHL,Jianghan Petroleum Institute
E0000000738,NANJINGUNIOFFINANCEECON,SCHL,Nanjing Uni of Finance & Econ
E0000000739,SOUTHERNYANGTZEUNIVERSITY,SCHL,Southern Yangtze University
E0000000740,CHINAFOREIGNAFFUNIBEIJING,SCHL,"China Foreign Aff Uni, Beijing"
E0000000741,ZHONGNANUNIECONLAWWUHAN,SCHL,"Zhongnan Uni Econ & Law, Wuhan"
E0000000742,CENTRALFINANCEECONUNI,SCHL,Central Finance & Econ Uni
E0000000743,OCEANUNIVERSITYOFCHINA,SCHL,Ocean University of China
E0000000744,SHANGHAIMETALLURGYCOLLEGE,SCHL,Shanghai Metallurgy College
E0000000745,HEBEIINSTLIGHTCHEINDUSTRY,SCHL,Hebei Inst Light Che Industry
E0000000746,DONGHUAUNIVERSITYSHANGHAI,SCHL,"Donghua University, Shanghai"
E0000000747,SHANXIMEDICALUNIVERSITY,SCHL,Shanxi Medical University
E0000000748,THEFIRSTMILITARYMEDICALUNI,SCHL,The First Military Medical Uni
E0000000749,PEKINGUNILAWSCHOOLBEIJING,SCHL,"Peking Uni Law School, Beijing"
E0000000750,HUBEINORMALUNIVERSITY,SCHL,Hubei Normal University
E0000000751,NANJINGAEROSPACEMGTCOLLEGE,SCHL,Nanjing Aerospace Mgt College
E0000000752,SHENYANGPHARMACEUTICALUNI,SCHL,Shenyang Pharmaceutical Uni
E0000000753,DALIANUNIOFSCITECH,SCHL,Dalian Uni of Sci & Tech
E0000000754,INNERMONGOLIAENGINST,SCHL,Inner Mongolia Eng Inst
E0000000755,NANJINGUNIOFTECHNOLOGY,SCHL,Nanjing Uni of Technology
E0000000756,BEIJINGINSTOFPETROCHETECH,SCHL,Beijing Inst of Petro-Che Tech
E0000000757,HUAZHONGINSTOFTECHNOLOGY,SCHL,Huazhong Inst of Technology
E0000000758,SOUTHWESTJIAOTONGUNIVERSITY,SCHL,Southwest Jiaotong University
E0000000759,CENTRALSOUTHUNIVERSITY,SCHL,Central South University
E0000000760,SHANDONGINSTOFARCHITECTENG,SCHL,Shandong Inst of Architect Eng
E0000000761,XIANUNIARCHITECTURALTECH,SCHL,Xi'an Uni Architectural & Tech
E0000000762,INNERMONGOLIAINSTOFTECH,SCHL,Inner Mongolia Inst of Tech
E0000000763,CHANGANUNIVERSITYXIAN,SCHL,"Chang An University, Xi'an"
E0000000764,WUHANUNIOFSCITECH,SCHL,Wuhan Uni of Sci & Tech
E0000000765,YANTAIUNIVERSITY,SCHL,Yantai University
E0000000766,XIANUNIVERSITYOFTECHNOLOGY,SCHL,Xi'an University of Technology
E0000000767,ZHENGZHOUUNIOFTECHNOLOGY,SCHL,Zhengzhou Uni of Technology
E0000000768,HEBEIINSTARCHITECSCITECH,SCHL,Hebei Inst Architec Sci & Tech
E0000000769,BEIJINGUNIOFCHINESEMED,SCHL,Beijing Uni of Chinese Med
E0000000770,HEBEIUNIOFSCIANDTECH,SCHL,Hebei Uni of Sci and Tech
E0000000771,GUIZHOUUNIOFTECHNOLOGY,SCHL,Guizhou Uni of Technology
E0000000772,WENZHOUUNIVERSITY,SCHL,Wenzhou University
E0000000773,DALIANUNIOFFOREIGNLANG,SCHL,Dalian Uni of Foreign Lang
E0000000774,NANJINGMEDICALUNIVERSITY,SCHL,Nanjing Medical University
E0000000775,HEBEINORMALUNIVERSITY,SCHL,Hebei Normal University
E0000000776,SOUTHWESTPETROLEUMUNIVERSITY,SCHL,Southwest Petroleum University
E0000000777,CENTRALUNIFORNATIONALITIES,SCHL,Central Uni for Nationalities
E0000000778,SHIJIAZHUANGRAILWAYINSTITUTE,SCHL,Shijiazhuang Railway Institute
E0000000779,ZHEJIANGINSTOFFINECON,SCHL,Zhejiang Inst of Fin & Econ
E0000000780,HEBEIUNIOFECONANDTRADE,SCHL,Hebei Uni of Econ and Trade
E0000000781,SHANDONGECONOMICSINSTITUTE,SCHL,Shandong Economics Institute
E0000000782,CHINAACADOFTRADLCHINMED,SCHL,China Acad of Trad'l Chin Med
E0000000783,BEIJINGUNIOFCHEMICALENG,SCHL,Beijing Uni of Chemical Eng
E0000000784,NORTHUNIVERSITYOFCHINA,SCHL,North University of China
E0000000785,SHIJIAZHUANGECONOMICCOLLEGE,SCHL,Shijiazhuang Economic College
E0000000786,CHINAAGRICULTURALUNIBEIJING,SCHL,China Agricultural Uni Beijing
E0000000787,ECHINAUNIOFPOLSCILAW,SCHL,E China Uni of Pol Sci & Law
E0000000788,SHAANXIECONTRADEINST,SCHL,Shaanxi Econ & Trade Inst
E0000000789,UNIOFSHANGHAIFORSCITECH,SCHL,Uni of Shanghai for Sci & Tech
E0000000790,JININGMEDICALCOLLEGE,SCHL,Jining Medical College
E0000000791,BEIJINGLANGUAGECULTUREUNI,SCHL,Beijing Language & Culture Uni
E0000000793,XINJIANGUNIVERSITY,SCHL,Xinjiang University
E0000000795,HUAIYINTEACHERSCOLLEGE,SCHL,Huaiyin Teacher's College
E0000000796,JIANGXIUNIOFFINANCEECON,SCHL,Jiangxi Uni of Finance & Econ
E0000000797,CHONGQINGUNIPOSTTELECOMM,SCHL,Chongqing Uni Post & Telecomm
E0000000798,BEIJINGUNIOFTECHNOLOGY,SCHL,Beijing Uni of Technology
E0000000799,SHANDONGUNIOFTECHNOLOGY,SCHL,Shandong Uni of Technology
E0000000800,NORTHEASTFORESTRYUNIVERSITY,SCHL,Northeast Forestry University
E0000000801,HEFEIUNIOFSCITECHNOLOGY,SCHL,Hefei Uni of Sci & Technology
E0000000802,CHANGCHUNUNIVERSITY,SCHL,Changchun University
E0000000803,CHINAUNIOFGEOSCIENCES,SCHL,China Uni of Geosciences
E0000000804,ZHENJIANGSHIPBUILDINGINST,SCHL,Zhenjiang Shipbuilding Inst
E0000000805,UNIVERSITYOFINTLRELATIONS,SCHL,University of Int'l Relations
E0000000806,XINJIANGFINECONINST,SCHL,Xinjiang Fin & Econ. Inst.
E0000000807,CHINAINSTITUTEOFMETROLOGY,SCHL,China Institute of Metrology
E0000000808,SICHUANINTLSTUDIESUNI,SCHL,Sichuan Int'l Studies Uni
E0000000809,JIAZUOINSTITUTEOFTECHNOLOGY,SCHL,Jiazuo Institute of Technology
E0000000810,BEIJINGBROADCASTINGINSTITUTE,SCHL,Beijing Broadcasting Institute
E0000000811,UNIOFSCITECHBEIJING,SCHL,Uni of Sci & Tech Beijing
E0000000812,WUHANTRANSPORTATIONUNI,SCHL,Wuhan Transportation Uni
E0000000813,HUAIBEICOALTEACHERSCOLLG,SCHL,Huai Bei Coal Teacher's Collg
E0000000814,NORTHCHINAELECTRICPOWERUNI,SCHL,North China Electric Power Uni
E0000000815,SHANXIUNIOFFINANDECON,SCHL,Shanxi Uni of Fin and Econ
E0000000816,CENTRALUNIOFFINANCEECON,SCHL,Central Uni of Finance & Econ
E0000000817,BINZHOUMEDICALCOLLEGE,SCHL,Binzhou Medical College
E0000000818,NORTHCHINAUNIOFTECHNOLOGY,SCHL,North China Uni of Technology
E0000000819,ZHEJIANGUNIOFTECHNOLOGY,SCHL,Zhejiang Uni of Technology
E0000000820,QINGDAOINSTOFCHEMICALTECH,SCHL,Qingdao Inst of Chemical Tech
E0000000821,HENANFINANCEANDECONUNI,SCHL,Henan Finance and Econ Uni
E0000000822,GUANGDONGUNIOFFOREIGNSTUD,SCHL,Guangdong Uni of Foreign Stud
E0000000823,WUHANINSTOFPHYSICALEDU,SCHL,Wuhan Inst of Physical Edu
E0000000824,JINZHOUTEACHERSUNIVERSITY,SCHL,Jinzhou Teacher's University
E0000000825,INNERMONGOLIAFINECONCOLLG,SCHL,Inner Mongolia Fin Econ Collg
E0000000826,CHINAINSTOFFINANDBANKING,SCHL,China Inst of Fin and Banking
E0000000827,CHANGCHUNINSTOPTICFINEMECH,SCHL,Changchun Inst Optic Fine Mech
E0000000828,CHONGQINGJIANZHUUNIVERSITY,SCHL,Chongqing Jianzhu University
E0000000829,WUHANURBANCONSTRUCTIONINST,SCHL,Wuhan Urban Construction Inst
E0000000830,NANJINGUNIPOSTSTELECOMM,SCHL,Nanjing Uni Posts & Telecomm
E0000000831,XIANPETROLEUMINSTITUTEXIAN,SCHL,"Xian Petroleum Institute,Xian"
E0000000832,JIMEIUNIVERSITY,SCHL,Jimei University
E0000000833,INNERMONGOLIAPOLYTECHNICUNI,SCHL,Inner Mongolia Polytechnic Uni
E0000000834,YANTAINORMALUNIYANTAI,SCHL,"Yantai Normal Uni,Yantai"
E0000000835,BEIJINGUNIAVIONICSASTRON,SCHL,Beijing Uni Avionics & Astron
E0000000836,YANSHANUNIVERSITY,SCHL,Yanshan University
E0000000837,SICHUANUNIONUNIVERSITY,SCHL,Sichuan Union University
E0000000838,BEIJINGINSTOFSCITECH,SCHL,Beijing Inst of Sci & Tech
E0000000839,TIANJINURBANCONSTRUCTCOLLG,SCHL,Tianjin Urban Construct Collg
E0000000840,CHINAUNIOFMININGANDTECH,SCHL,China Uni of Mining and Tech
E0000000841,HARBINUNICIVILENGARCHITEC,SCHL,Harbin Uni Civil Eng Architec
E0000000842,HARBINENGINEERINGUNIVERSITY,SCHL,Harbin Engineering University
E0000000843,FOURTHMILITARYMEDICALUNI,SCHL,Fourth Military Medical Uni
E0000000844,FUJIANMEDICALUNIVERSITY,SCHL,Fujian Medical University
E0000000845,SOUTHWESTNORMALUNIVERSITY,SCHL,Southwest Normal University
E0000000846,SHANDONGINSTOFMININGTECH,SCHL,Shandong Inst of Mining & Tech
E0000000847,QINGDAOUNIVERSITY,SCHL,Qingdao University
E0000000848,HUNANFINANCEECONCOLLEGE,SCHL,Hunan Finance & Econ College
E0000000849,TIANJINMEDICALUNIVERSITY,SCHL,Tianjin Medical University
E0000000850,HENANNORMALUNIVERSITY,SCHL,Henan Normal University
E0000000851,LANZHOUMEDICALCOLLEGE,SCHL,Lanzhou Medical College
E0000000852,SHENYANGUNIVERSITYOFCHEMICA,SCHL,Shenyang University of Chemica
E0000000853,CENTRALCHINAAGRICULTURCOLLG,SCHL,Central China Agricultur Collg
E0000000854,HARBINMEDICALUNIVERSITY,SCHL,Harbin Medical University
E0000000855,CAPITALUNIOFMEDICALSCI,SCHL,Capital Uni of Medical Sci
E0000000856,BEIJINGFORESTRYUNIVERSITY,SCHL,Beijing Forestry University
E0000000857,JIANGSUUNIOFSCITECH,SCHL,Jiangsu Uni of Sci & Tech
E0000000858,TIANJINFOREIGNLANGUAGESINST,SCHL,Tianjin Foreign Languages Inst
E0000000859,SHENYANGUNIOFPHARMACEUTICAL,SCHL,Shenyang Uni of Pharmaceutical
E0000000860,HEBEIUNIVERSITYOFTECHNOLOGY,SCHL,Hebei University of Technology
E0000000861,CHINAPHARMACEUTICALUNI,SCHL,China Pharmaceutical Uni
E0000000862,HEBEIUNIVERSITY,SCHL,Hebei University
E0000000863,ZHEJIANGNORMALUNIVERSITY,SCHL,Zhejiang Normal University
E0000000864,CHINAUNIOFPOLITICSLAW,SCHL,China Uni of Politics & Law
E0000000865,INSTITUTEOFOCEANOLOGY,SCHL,Institute of Oceanology
E0000000866,NANJINGUNIOFAEROASTRON,SCHL,Nanjing Uni of Aero & Astron
E0000000867,XIANUNIOFELECTSCITECH,SCHL,Xian Uni of Elect Sci & Tech
E0000000868,DALIANMEDICALUNIVERSITY,SCHL,Dalian Medical University
E0000000869,NORTHEASTNORMALUNIVERSITY,SCHL,Northeast Normal University
E0000000870,HEILONGJIANGUNIVERSITY,SCHL,Heilongjiang University
E0000000871,YANGZHOUUNIVERSITY,SCHL,Yangzhou University
E0000000872,XIANINSTOPPRECMECHASINICA,SCHL,"Xian Inst Op Prec Mech,ASinica"
E0000000873,SHENYANGPOLYTECHNICUNI,SCHL,Shenyang Polytechnic Uni
E0000000874,DALIANINSTITUTEOFTECHNOLOGY,SCHL,Dalian Institute of Technology
E0000000875,CENTRALCHINANORMALUNI,SCHL,Central China Normal Uni
E0000000876,SCENTRALINSTOFNATIONALITY,SCHL,S Central Inst of Nationality
E0000000877,RENMINUNIVERSITYOFCHINA,SCHL,Renmin University of China
E0000000878,XIANUNIARCHITECTURETECH,SCHL,Xian Uni Architecture & Tech
E0000000879,SHANGHAIFISHERIESCOLLEGE,SCHL,Shanghai Fisheries College
E0000000880,BEIJING2NDFOREIGNLANGINST,SCHL,Beijing 2nd Foreign Lang Inst
E0000000881,BEIJINGUNIOFSCITECH,SCHL,Beijing Uni of Sci & Tech
E0000000882,CHINESEACADEMYOFSOCSCI,SCHL,Chinese Academy of Soc Sci
E0000000883,NANCHANGINSTITUTEOFTECH,SCHL,Nanchang Institute of Tech
E0000000884,DAQINGPETROLEUMINSTITUTE,SCHL,Daqing Petroleum Institute
E0000000885,HUBEIUNIVERSITYOFMEDICINE,SCHL,Hubei University of Medicine
E0000000886,SWUNIOFFINANCEECONOMICS,SCHL,SW Uni of Finance & Economics
E0000000887,NORTHWESTUOFPOLITICSLAW,SCHL,Northwest U of Politics & Law
E0000000888,EASTCHINASHIPBUILDINGINST,SCHL,East China Shipbuilding Inst
E0000000889,ZHONGNANUNIOFFINANCEECON,SCHL,Zhongnan Uni of Finance & Econ
E0000000890,EASTCHINAJIAOTONGUNIVERSITY,SCHL,East China Jiaotong University
E0000000891,BEIJINGFOREIGNSTUDIESUNI,SCHL,Beijing Foreign Studies Uni
E0000000892,LIAONINGNORMALUNIVERSITY,SCHL,Liaoning Normal University
E0000000893,CENTRECHINANORMALUNIVERSITY,SCHL,Centre China Normal University
E0000000894,SHENZHENUNIVERSITY,SCHL,Shenzhen University
E0000000895,CAPITALUNIOFECONBUSINESS,SCHL,Capital Uni of Econ & Business
E0000000896,SHANDONGPOLYTECHNICUNI,SCHL,Shandong Polytechnic Uni
E0000000897,XIANINSTITUTEOFTECHNOLOGY,SCHL,Xian Institute of Technology
E0000000898,SHENYANGUNIVERSITY,SCHL,Shenyang University
E0000000899,NORTHEASTERNUNIVERSITY,SCHL,Northeastern University
E0000000900,BEIJINGUNIOFCHEMICALTECH,SCHL,Beijing Uni of Chemical Tech
E0000000901,YUNNANNORMALUNIVERSITY,SCHL,Yunnan Normal University
E0000000902,SHENYANGAGRICULTURALUNI,SCHL,Shenyang Agricultural Uni
E0000000903,ANHUIAGRICULTURALUNIVERSITY,SCHL,Anhui Agricultural University
E0000000904,WUHANUNIVERSITYOFTECHNOLOGY,SCHL,Wuhan University of Technology
E0000000905,NANJINGFORESTRYUNIVERSITY,SCHL,Nanjing Forestry University
E0000000906,SCHINAAGRICULTUNIGUANGZHOU,SCHL,"S China Agricult Uni,Guangzhou"
E0000000907,UNIELECTRONICSCITECHCHINA,SCHL,Uni Electronic Sci Tech China
E0000000908,GANSUUNIOFTECHLANZHOU,SCHL,"Gansu Uni of Tech,Lanzhou"
E0000000910,HUNANMEDICALUNIVERSITY,SCHL,Hunan Medical University
E0000000911,UNIOFSCITECHOFCHINA,SCHL,Uni of Sci & Tech of China
E0000000912,QUFUNORMALUNISHANDONG,SCHL,"Qufu Normal Uni,Shandong"
E0000000913,SHAIUNIOFINTBIZECONS,SCHL,S'hai Uni of Int Biz & Econs
E0000000914,INNERMONGOLIAUNIVERSITY,SCHL,Inner Mongolia University
E0000000915,BEIJINGINSTARCHITECCIVENG,SCHL,Beijing Inst Architec Civ Eng
E0000000916,EASTCHINAUNIOFSCITECH,SCHL,East China Uni of Sci & Tech
E0000000917,PEKUNMEDLCOLLCHINAMSCI,SCHL,Pek Un Med'l Coll Chin A M Sci
E0000000918,KUNMINGMEDICALCOLLEGE,SCHL,Kunming Medical College
E0000000919,HUAZHONGAGRICULTURALUNI,SCHL,Huazhong Agricultural Uni
E0000000920,TONGJIMEDICALUNI,SCHL,Tongji Medical Uni
E0000000921,HOHAIUNIVERSITY,SCHL,Hohai University
E0000000922,RESEARCHINSTPETROLEUMPROCG,SCHL,Research Inst Petroleum Procg
E0000000923,UNIVERSITYOFPETROLEUM,SCHL,University of Petroleum
E0000000924,3RDMILITARYMEDUNICHONGQING,SCHL,3rd Military Med Uni Chongqing
E0000000925,SHANGHAIINSTNUCLEARRSHAS,SCHL,Shanghai Inst Nuclear Rsh A S
E0000000926,NANJINGRAILWAYMEDICALCOLLG,SCHL,Nanjing Railway Medical Collg
E0000000927,2NDMILITARYMEDCOLLGSHANGHAI,SCHL,2ndMilitary Med Collg Shanghai
E0000000928,WUHANINSTITUTEOFTECHNOLOGY,SCHL,Wuhan Institute of Technology
E0000000929,CHANGCHUNCOLLEGEOFGEOLOGY,SCHL,Changchun College of Geology
E0000000930,SICHUANNORMALUNIVERSITY,SCHL,Sichuan Normal University
E0000000931,NCHINAINSTOFELECTRICPOWER,SCHL,N China Inst of Electric Power
E0000000932,SUNYATSENUNIOFMEDICALSCI,SCHL,Sun Yat-Sen Uni of Medical Sci
E0000000933,SHANXIUNIVERSITY,SCHL,Shanxi University
E0000000934,JIANGSUUNIVERSITY,SCHL,Jiangsu University
E0000000935,CHINAUNIPOLITICALSCILAW,SCHL,China Uni Political Sci & Law
E0000000936,HUBEIINSTITUTEOFTECHNOLOGY,SCHL,Hubei Institute of Technology
E0000000937,BEIJINGUNIOFPOSTTELECOMM,SCHL,Beijing Uni of Post & Telecomm
E0000000938,CHONGQINGINSTARCHITECENG,SCHL,Chongqing Inst Architec & Eng
E0000000939,HENANMEDICALUNIVERSITY,SCHL,Henan Medical University
E0000000940,HUAQIAOUNIVERSITY,SCHL,Hua Qiao University
E0000000941,OCEANUNIVERSITYOFQINGDAO,SCHL,Ocean University of Qingdao
E0000000942,HUANANUNIOFSCITECHNOLOGY,SCHL,Huanan Uni of Sci & Technology
E0000000943,DALIANINSTCHEMICALPHYSICS,SCHL,Dalian Inst Chemical Physics
E0000000944,CAPITALNORMALUNIVERSITY,SCHL,Capital Normal University
E0000000945,SOUTHCHINAUNIOFTECHNOLOGY,SCHL,South China Uni of Technology
E0000000946,NWINSTITUTEOFLIGHTINDUSTRY,SCHL,NW Institute of Light Industry
E0000000947,SHANGHAIUNIOFFINANCEECON,SCHL,Shanghai Uni of Finance & Econ
E0000000948,HARBINUNIOFARCHITECENG,SCHL,Harbin Uni of Architec & Eng
E0000000949,DONGBEIUNIOFFINANCEECON,SCHL,Dongbei Uni of Finance & Econ
E0000000950,SHANGHAIUNIOFENGSCIENCE,SCHL,Shanghai Uni of Eng Science
E0000000951,UNIOFELECTRONICSCITECH,SCHL,Uni of Electronic Sci & Tech
E0000000952,XIANMEDICALUNIVERSITY,SCHL,Xian Medical University
E0000000953,SHANGHAIUNITRADLCHINMED,SCHL,Shanghai Uni Trad'l Chin Med
E0000000954,HANGZHOUINSTELECTRONICENG,SCHL,Hangzhou Inst Electronic Eng
E0000000955,SHANGHAINORMALUNIVERSITY,SCHL,Shanghai Normal University
E0000000956,BEIJINGPOLYTECHNICUNIVERSITY,SCHL,Beijing Polytechnic University
E0000000957,BEIJINGINFOTECHNICALINST,SCHL,Beijing Info Technical Inst
E0000000958,BEIJINGMEDICALUNIVERSITY,SCHL,Beijing Medical University
E0000000959,XIDIANUNIVERSITY,SCHL,Xidian University
E0000000960,HARBINNORMALUNIVERSITY,SCHL,Harbin Normal University
E0000000961,NANKAIUNIVERSITY,SCHL,Nankai University
E0000000962,HEBEIAGRICULTURALUNIVERSITY,SCHL,Hebei Agricultural University
E0000000963,GUANGZHOUNORMALUNIVERSITY,SCHL,Guangzhou Normal University
E0000000964,SHANTOUUNIVERSITY,SCHL,Shantou University
E0000000965,CHENGDUUNIOFSCITECH,SCHL,Chengdu Uni of Sci & Tech
E0000000966,NANJINGUNIOFSCITECH,SCHL,Nanjing Uni of Sci & Tech
E0000000967,NATIONALUNIOFDEFENSETECH,SCHL,National Uni of Defense Tech
E0000000968,BEIJINGINSTOFLIGHTINDUSTRY,SCHL,Beijing Inst of Light Industry
E0000000969,SHANGHAITEACHERSUNIVERSITY,SCHL,Shanghai Teacher's University
E0000000970,NINGBOUNIVERSITY,SCHL,Ningbo University
E0000000971,CENTRALSUNIOFTECHCHANGSA,SCHL,"Central S Uni of Tech, Changsa"
E0000000972,NORMANBETHUNEUNIOFMEDSCI,SCHL,Norman Bethune Uni of Med Sci
E0000000973,LIAONINGUNIVERSITYSHENYANG,SCHL,"Liaoning University, Shenyang"
E0000000974,HUAZHONGNORMALUNIVERSITY,SCHL,Huazhong Normal University
E0000000975,HENANUNIVERSITY,SCHL,Henan University
E0000000976,SUZHOUUNIVERSITY,SCHL,Suzhou University
E0000000977,INNERMONGOLIANORMALUNI,SCHL,Inner Mongolia Normal Uni
E0000000978,SHANGHAIUNIVERSITY,SCHL,Shanghai University
E0000000979,WESTCHINAUNIOFMEDICALSCI,SCHL,West China Uni of Medical Sci
E0000000980,FUJIANNORMALUNIVERSITY,SCHL,Fujian Normal University
E0000000981,SHANDONGUNIVERSITY,SCHL,Shandong University
E0000000982,TAIYUANUNIOFTECHNOLOGY,SCHL,Taiyuan Uni of Technology
E0000000983,HEFEIUNIVERSITYOFTECHNOLOGY,SCHL,Hefei University of Technology
E0000000984,CHINASOCIALUNIVERSITY,SCHL,China Social University
E0000000985,FOREIGNAFFAIRSCOLLEGE,SCHL,Foreign Affairs College
E0000000986,NWPOLYTECHNICALUNIVERSITY,SCHL,NW Polytechnical University
E0000000987,NORTHERNJIAOTONGUNIVERSITY,SCHL,Northern Jiaotong University
E0000000988,HARBINUNIOFSCITECH,SCHL,Harbin Uni of Sci & Tech
E0000000989,SHANGHAIINSTPHARMLINDUSTRY,SCHL,Shanghai Inst Pharml Industry
E0000000990,ANHUINORMALUNIVERSITY,SCHL,Anhui Normal University
E0000000991,NANJINGAGRICULTURALUNI,SCHL,Nanjing Agricultural Uni
E0000000992,TIANJINNORMALUNIVERSITY,SCHL,Tianjin Normal University
E0000000993,DALIANUNIVERSITY,SCHL,Dalian University
E0000000994,SHANGHAIFOREIGNTRADEINST,SCHL,Shanghai Foreign Trade Inst
E0000000995,FUZHOUUNIVERSITY,SCHL,Fuzhou University
E0000000996,CENTRALINSTOFFINBANKING,SCHL,Central Inst of Fin & Banking
E0000000997,UNIOFINTLBUSINESSECON,SCHL,Uni of Int'l Business & Econ
E0000000998,SHANGHAIINTLSTUDIESUNI,SCHL,Shanghai Int'l Studies Uni
E0000000999,CHINATEXTILEUNIVERSITY,SCHL,China Textile University
E0000001000,ZHONGSHANUNIVERSITY,SCHL,Zhongshan University
E0000001001,YUNNANUNIVERSITY,SCHL,Yunnan University
E0000001002,HUNANNORMALUNIVERSITY,SCHL,Hunan Normal University
E0000001003,PEKINGUNIONMEDICALCOLLEGE,SCHL,Peking Union Medical College
E0000001004,DALIANUNIOFTECHNOLOGY,SCHL,Dalian Uni of Technology
E0000001005,XIANJIAOTONGUNIVERSITY,SCHL,Xi'an Jiaotong University
E0000001006,BEIJINGNORMALUNIVERSITY,SCHL,Beijing Normal University
E0000001007,GUANGXIUNIVERSITY,SCHL,Guangxi University
E0000001008,SHANDONGNORMALUNIVERSITY,SCHL,Shandong Normal University
E0000001009,JINANUNIVERSITY,SCHL,Jinan University
E0000001010,HEBEIINSTOFTECHNOLOGY,SCHL,Hebei Inst of Technology
E0000001011,CHINAMEDICALUNIVERSITY,SCHL,China Medical University
E0000001012,TONGJIUNIVERSITY,SCHL,Tongji University
E0000001013,ZHENGZHOUUNIVERSITY,SCHL,Zhengzhou University
E0000001014,CHONGQINGUNIVERSITY,SCHL,Chongqing University
E0000001015,SOUTHCHINANORMALUNIVERSITY,SCHL,South China Normal University
E0000001016,HUNANUNIVERSITY,SCHL,Hunan University
E0000001017,ZHEJIANGUNIVERSITY,SCHL,Zhejiang University
E0000001018,TIANJINUNIVERSITY,SCHL,Tianjin University
E0000001019,SUNYATSENUNIVERSITY,SCHL,Sun Yat-sen University
E0000001020,SICHUANUNIVERSITY,SCHL,Sichuan University
E0000001021,SHAANXINORMALUNIVERSITY,SCHL,Shaanxi Normal University
E0000001022,JIANGXINORMALUNIVERSITY,SCHL,Jiangxi Normal University
E0000001023,UNIOFCHINESEACADEMYOFSCI,SCHL,Uni of Chinese Academy of Sci
E0000001024,ZHEJIANGMEDICALUNIVERSITY,SCHL,Zhejiang Medical University
E0000001025,XIANFOREIGNLANGUAGEUNI,SCHL,Xian Foreign Language Uni
E0000001026,XIAMENUNIVERSITY,SCHL,Xiamen University
E0000001028,TSINGHUAUNIVERSITY,SCHL,Tsinghua University
E0000001030,SHANGHAISECONDMEDICALUNI,SCHL,Shanghai Second Medical Uni
E0000001031,SHANGHAIMEDICALUNIVERSITY,SCHL,Shanghai Medical University
E0000001032,SHANGHAIUNIOFTECHNOLOGY,SCHL,Shanghai Uni of Technology
E0000001033,SHANGHAIMARITIMEUNIVERSITY,SCHL,Shanghai Maritime University
E0000001034,SOUTHEASTUNIVERSITY,SCHL,Southeast University
E0000001035,SHANDONGMEDICALUNIVERSITY,SCHL,Shandong Medical University
E0000001036,PEKINGUNIVERSITY,SCHL,Peking University
E0000001037,NANJINGUNIVERSITY,SCHL,Nanjing University
E0000001038,NANJINGNORMALUNIVERSITY,SCHL,Nanjing Normal University
E0000001039,LANZHOUUNIVERSITY,SCHL,Lanzhou University
E0000001040,JILINUNIVERSITYOFTECHNOLOGY,SCHL,Jilin University of Technology
E0000001041,JILINUNIVERSITY,SCHL,Jilin University
E0000001042,SHANGHAIJIAOTONGUNIVERSITY,SCHL,Shanghai Jiao Tong University
E0000001043,INSTITUTEOFINTLRELATIONS,SCHL,Institute of Int'l Relations
E0000001044,HUBEIUNIVERSITY,SCHL,Hubei University
E0000001045,HUAZHONGUNIOFSCITECH,SCHL,Huazhong Uni of Sci & Tech
E0000001046,HARBININSTITUTEOFTECHNOLOGY,SCHL,Harbin Institute of Technology
E0000001047,HANGZHOUUNIVERSITY,SCHL,Hangzhou University
E0000001048,FUDANUNIVERSITY,SCHL,Fudan University
E0000001049,EASTCHINAUNICHEMICALTECH,SCHL,East China Uni Chemical Tech
E0000001050,EASTCHINANORMALUNIVERSITY,SCHL,East China Normal University
E0000001051,DALIANMARITIMEUNIVERSITY,SCHL,Dalian Maritime University
E0000001052,CHINESEACADEMYOFMEDICALSCI,SCHL,Chinese Academy of Medical Sci
E0000001053,BEIJINGUNIOFAEROASTRON,SCHL,Beijing Uni of Aero & Astron
E0000001055,BEIJINGINSTOFTECHNOLOGY,SCHL,Beijing Inst of Technology
E0000001056,ANHUIUNIVERSITY,SCHL,Anhui University
E0000001057,UNIPONTIFICIABOLIVCOLOMBIA,SCHL,"Uni Pontificia Boliv, Colombia"
E0000001058,EASTERNMEDITERRANEANUNI,SCHL,Eastern Mediterranean Uni
E0000001059,AALBORGUNIVERSITY,SCHL,Aalborg University
E0000001060,UNIVERSITYOFCOPENHAGEN,SCHL,University of Copenhagen
E0000001061,AARHUSSCHOOLOFBUSINESS,SCHL,Aarhus School of Business
E0000001062,AARHUSUNIVERSITY,SCHL,Aarhus University
E0000001063,COPENHAGENBUSINESSSCHOOL,SCHL,Copenhagen Business School
E0000001064,TECHNICALUNIOFDENMARK,SCHL,Technical Uni of Denmark
E0000001065,CAIROUNIVERSITY,SCHL,Cairo University
E0000001066,AINSHAMSUNIVERSITYEGYPT,SCHL,"Ain Shams University, Egypt"
E0000001067,UNIOFSPACIFICFIJIISLANDS,SCHL,"Uni of S Pacific, Fiji Islands"
E0000001068,UNIVERSITYOFHELSINKI,SCHL,University of Helsinki
E0000001069,UNIVERSITYOFTURKU,SCHL,University of Turku
E0000001070,HELSINKIUNIOFTECHNOLOGY,SCHL,Helsinki Uni of Technology
E0000001071,HELSINKISCHECONBIZADMIN,SCHL,Helsinki Sch Econ & Biz Admin
E0000001072,INTLINSTITUTEOFMANAGEMENT,SCHL,Int'l Institute of Management
E0000001073,UNIVERSITYOFLYONII,SCHL,University of Lyon II
E0000001074,UNIVERSITYOFTOULON,SCHL,University of Toulon
E0000001075,PIERREMENDFRUNIGRENOBLEII,SCHL,Pierre Mend-Fr Uni Grenoble II
E0000001076,ECOLESUPDESTECHAERONETDE,SCHL,Ecole Sup des Tech Aeron et de
E0000001077,THEAMERICANBUSINESSSCHOOL,SCHL,The American Business School
E0000001078,INSTDETUDESPOLDEGRENOBLE,SCHL,Inst d'Etudes Pol de Grenoble
E0000001079,GROUPEDESECOLESDESTELECOMM,SCHL,Groupe des Ecoles des Telecomm
E0000001080,NATIONALINSTITUTEOFTELECOMM,SCHL,National Institute of Telecomm
E0000001081,UNIPARISSORBONNEPARISIV,SCHL,Uni Paris-Sorbonne (Paris IV)
E0000001082,ECOLESUPDELECTSUPELEC,SCHL,Ecole Sup D' Elect (SUPELEC)
E0000001083,UNIJOSEPHFOURIERGRENOBLE1,SCHL,Uni Joseph Fourier(Grenoble 1)
E0000001084,AMERICANUNIVERSITYOFPARIS,SCHL,American University of Paris
E0000001085,CENTRALESUPELEC,SCHL,CentraleSupelec
E0000001086,UNICLAUDEBERNARDLYONI,SCHL,Uni Claude Bernard - Lyon I
E0000001087,UNIPARISNORDPARISXIII,SCHL,Uni Paris Nord (Paris XIII)
E0000001088,ECOLEPOLYTECHNIQUE,SCHL,Ecole Polytechnique
E0000001090,INSTOFPOLITICALSTUDPARIS,SCHL,Inst of Political Stud Paris
E0000001091,UNILASORBONNENOUVELLEPARIS,SCHL,Uni La Sorbonne Nouvelle Paris
E0000001092,UNIPIERREMARIECURIEPARIS6,SCHL,Uni Pierre Marie Curie Paris 6
E0000001093,UNIPARISSUDPARISXIORSAY,SCHL,Uni Paris Sud (Paris XI) Orsay
E0000001094,INSALYON,SCHL,INSA Lyon
E0000001095,UNIOFTECHNOLOGYOFCOMPIEGNE,SCHL,Uni of Technology of Compiegne
E0000001096,ECOLESUPDINGELELEESIEE,SCHL,Ecole Sup d'Ing El Ele [ESIEE]
E0000001097,UNIPARISDAUPHINEPARISIX,SCHL,Uni Paris-Dauphine (Paris IX)
E0000001098,ECOLENATDESPTETCHAUSSEES,SCHL,Ecole Nat des Pt et Chaussees
E0000001099,ECOLENATDELAVIATIONCIVILE,SCHL,Ecole Nat de l'Aviation Civile
E0000001100,UNIPANTHEONSORBONNEPARISI,SCHL,Uni Pantheon-Sorbonne Paris I
E0000001101,GRENOBLEINSTOFTECHNOLOGY,SCHL,Grenoble Inst of Technology
E0000001102,ECOLESPECIALEDARCHITECTURE,SCHL,Ecole Speciale d'Architecture
E0000001103,UNIVERSITYOFCAEN,SCHL,University of Caen
E0000001105,UNIVERSITYOFAACHEN,SCHL,University of Aachen
E0000001106,RWTHAACHEN,SCHL,RWTH Aachen
E0000001107,KARLMARXSTADTTECHNICALUNI,SCHL,Karl-Marx-Stadt Technical Uni
E0000001108,LUXEMBOURGUNIOFAPPLIEDSCI,SCHL,Luxembourg Uni of Applied Sci
E0000001109,UNIOFAPPLIEDSCIZWEIBRUCKEN,SCHL,Uni of Applied Sci Zweibrucken
E0000001110,UNIVERSITATTUBINGEN,SCHL,Universitat Tubingen
E0000001111,RWTHAACHENUNIVERSITY,SCHL,RWTH Aachen University
E0000001112,UNIOFAPPLIEDSCIDARMSTADT,SCHL,Uni of Applied Sci Darmstadt
E0000001113,HAMBURGUNIOFTECHNOLOGY,SCHL,Hamburg Uni of Technology
E0000001114,UNIVERSITYOFKONSTANZ,SCHL,University of Konstanz
E0000001115,UNIVERSITYOFFREIBURG,SCHL,University of Freiburg
E0000001116,EUROPEANBUSINESSSCHOOL,SCHL,European Business School
E0000001117,UNIVERSITYOFTRIER,SCHL,University of Trier
E0000001118,UNIAPPSCIFACHHOCHSCHULEULM,SCHL,Uni App Sci Fachhochschule Ulm
E0000001119,UNIOFAPPLIEDSCIESSLINGEN,SCHL,"Uni of Applied Sci, Esslingen"
E0000001120,UNIVERSITYOFBAYREUTH,SCHL,University of Bayreuth
E0000001121,WHUOTTOBEISHEIMSCHOFMGMT,SCHL,WHU-Otto Beisheim Sch of Mgmt
E0000001122,UNIVERSITYOFMANNHEIM,SCHL,University of Mannheim
E0000001123,FACHHOCHSCHULEBOCHUM,SCHL,Fachhochschule Bochum
E0000001124,UNIVERSITYOFWUPPERTAL,SCHL,University of Wuppertal
E0000001125,JOHANNESGUTENBERGUNIOFMAINZ,SCHL,Johannes Gutenberg Uni ofMainz
E0000001126,UNIVERSITYOFTUEBINGEN,SCHL,University of Tuebingen
E0000001127,TECHNICALUNIOFMUNICH,SCHL,Technical Uni of Munich
E0000001128,UNIVERSITYOFSTUTTGART,SCHL,University of Stuttgart
E0000001129,GEORGAUGUSTUNIOFGOTTINGEN,SCHL,Georg-August-Uni of Gottingen
E0000001130,UNIVERSITYOFKIEL,SCHL,University of Kiel
E0000001131,FOLKWANGUNIVERSITYOFTHEART,SCHL,Folkwang University of the Art
E0000001132,KARLSRUHEINSTOFTECHNOLOGY,SCHL,Karlsruhe Inst of Technology
E0000001133,UNIVERSITYOFKAISERSLAUTERN,SCHL,University of Kaiserslautern
E0000001134,HUMBOLDTUNIVERSITYOFBERLIN,SCHL,Humboldt University of Berlin
E0000001135,UNIVERSITYOFHOHENHEIM,SCHL,University of Hohenheim
E0000001136,HEIDELBERGUNIVERSITY,SCHL,Heidelberg University
E0000001137,FREEUNIVERSITYOFBERLIN,SCHL,Free University of Berlin
E0000001138,TECHNICALUNIOFDARMSTADT,SCHL,Technical Uni of Darmstadt
E0000001139,UNIVERSITYOFCOLOGNE,SCHL,University of Cologne
E0000001140,UNIVERSITYOFBONN,SCHL,University of Bonn
E0000001141,UNIVERSITYOFGHANA,SCHL,University of Ghana
E0000001142,UNIMACEDONIAECONSOCSCI,SCHL,Uni Macedonia Econ & Soc Sci
E0000001143,UNIVERSITYOFCRETE,SCHL,University of Crete
E0000001144,UNIVERSITYOFATHENS,SCHL,University of Athens
E0000001145,PAYAPUNIVERSITYCHIANGMAI,SCHL,"Payap University, Chiang Mai"
E0000001146,SURANAREEUNIOFTECHNOLOGY,SCHL,Suranaree Uni of Technology
E0000001147,RANGSITUNIVERSITY,SCHL,Rangsit University
E0000001148,KHONKAENUNIVERSITY,SCHL,Khon Kaen University
E0000001149,CHIANGMAIUNIVERSITY,SCHL,Chiang Mai University
E0000001150,PRINCEOFSONGKLAUNIVERSITY,SCHL,Prince of Songkla University
E0000001151,KASETSARTUNIVERSITY,SCHL,Kasetsart University
E0000001152,SRINAKHARINWIROTUNIVERSITY,SCHL,Sri Nakharinwirot University
E0000001153,ASSUMPTIONUNIVERSITY,SCHL,Assumption University
E0000001154,RAMKHAMHAENGUNIVERSITY,SCHL,Ramkhamhaeng University
E0000001155,NATIONALINSTOFDEVTADMIN,SCHL,National Inst of Devt & Admin
E0000001156,THAMMASATUNIVERSITY,SCHL,Thammasat University
E0000001157,SILPAKORNUNIVERSITY,SCHL,Silpakorn University
E0000001158,MAHIDOLUNIVERSITY,SCHL,Mahidol University
E0000001159,KINGMONGKUTSINSTOFTECHLAD,SCHL,King Mongkut's InstofTech Lad
E0000001160,CHULALONGKORNUNIVERSITY,SCHL,Chulalongkorn University
E0000001161,ASIANINSTITUTEOFTECHNOLOGY,SCHL,Asian Institute of Technology
E0000001162,UNIVERSITYOFWESTINDIES,SCHL,University of West Indies
E0000001163,CANKAYAUNIVERSITY,SCHL,Cankaya University
E0000001164,MARMARAUNIVERSITY,SCHL,Marmara University
E0000001165,SABANCIUNIVERSITY,SCHL,Sabanci University
E0000001166,ISTANBULUNIVERSITYTURKEY,SCHL,"Istanbul University, Turkey"
E0000001167,AEGEANUNIVERSITYTURKEY,SCHL,"Aegean University, Turkey"
E0000001168,BOGAZICIUNIVERSITYTURKEY,SCHL,"Bogazici University, Turkey"
E0000001169,MBARARAUNIOFSCIANDTECH,SCHL,Mbarara Uni of Sci and Tech
E0000001170,UNITEDARABEMIRATESUNI,SCHL,United Arab Emirates Uni
E0000001171,QUEENMARYUNIOFLONDON,SCHL,"Queen Mary, Uni of London"
E0000001172,IMPERIALCOLLEGELONDON,SCHL,Imperial College London
E0000001173,UNIVERSITYOFULSTER,SCHL,University of Ulster
E0000001174,LONDONMETROPOLITANUNIVERSITY,SCHL,London Metropolitan University
E0000001175,RICHMONDINTLUNIINLONDON,SCHL,Richmond Int'l Uni in London
E0000001176,WEBSTERUNIVERSITY,SCHL,Webster University
E0000001177,BOURNEMOUTHUNIVERSITY,SCHL,Bournemouth University
E0000001178,ROYALHOLLOWAYUNIOFLONDON,SCHL,"Royal Holloway, Uni of London"
E0000001179,WKENTCOLLEGEOFFURTHEREDU,SCHL,W Kent College of Further Edu
E0000001181,CHARTINSTARBITRATORSLONDON,SCHL,Chart Inst Arbitrators London
E0000001182,NEWCASTLEUPONTYNEPOLYTECH,SCHL,Newcastle upon Tyne Polytech
E0000001183,LONDONGUILDHALLUNIVERSITY,SCHL,London Guildhall University
E0000001184,CRANFIELDUNIVERSITY,SCHL,Cranfield University
E0000001185,UNILINCOLNSHIREHUMBERSIDE,SCHL,Uni Lincolnshire & Humberside
E0000001186,GLASGOWCALEDONIANUNIVERSITY,SCHL,Glasgow Caledonian University
E0000001188,UNIVERSITYCOLLEGELONDON,SCHL,University College London
E0000001189,UNIABERTAYDUNDEESCOTLAND,SCHL,"Uni Abertay, Dundee, Scotland"
E0000001190,THECHARTEREDINSTOFMGTACC,SCHL,The Chartered Inst of Mgt Acc
E0000001191,UNIVERSITYOFHERTFORDSHIRE,SCHL,University of Hertfordshire
E0000001192,THAMESVALLEYUNIVERSITY,SCHL,Thames Valley University
E0000001193,NOTTINGHAMTRENTUNIVERSITY,SCHL,Nottingham Trent University
E0000001194,UNINORTHUMBRIAATNEWCASTLE,SCHL,Uni Northumbria at Newcastle
E0000001195,FITZWILLIAMCOLLGCAMBRIDGUNI,SCHL,"Fitzwilliam Collg,Cambridg Uni"
E0000001196,ROYALCOLLGSURGEONSEDINBURGH,SCHL,Royal Collg Surgeons Edinburgh
E0000001197,LOUGHBOROUGHUNIVERSITY,SCHL,Loughborough University
E0000001198,ROYALCOLLGPHYSICIANSLONDON,SCHL,Royal Collg Physicians London
E0000001199,UNIOFTHEWENGLANDBRISTOL,SCHL,"Uni of the W England, Bristol"
E0000001200,KINGSCOLLEGELONDON,SCHL,King's College London
E0000001201,EDINBURGHNAPIERUNIVERSITY,SCHL,Edinburgh Napier University
E0000001202,UNIVERSITYOFDUBLIN,SCHL,University of Dublin
E0000001203,UNIVERSITYOFWESTMINSTER,SCHL,University of Westminster
E0000001204,ROBERTGORDONUNIABERDEENSCL,SCHL,Robert Gordon Uni Aberdeen Scl
E0000001205,THECHARASSOCCERTACCCACA,SCHL,The Char Assoc Cert Acc (CACA)
E0000001206,MANCHESTERMETROPOLITANUNI,SCHL,Manchester Metropolitan Uni
E0000001207,MIDDLESEXUNIUNITEDKINGDOM,SCHL,"Middlesex Uni, United Kingdom"
E0000001208,STAFFORDSHIREUNIVERSITY,SCHL,Staffordshire University
E0000001209,UNIVERSITYOFPORTSMOUTH,SCHL,University of Portsmouth
E0000001210,TRINITYCOLLEGELONDON,SCHL,"Trinity College, London"
E0000001211,LONDONSCHHYGIENTROPICALMED,SCHL,London Sch Hygien Tropical Med
E0000001212,COVENTRYUNIVERSITY,SCHL,Coventry University
E0000001213,LONDONSCHOFECONPOLSCI,SCHL,London Sch of Econ & Pol Sci
E0000001214,QUEENMARYWESTFIELDCOLLEGE,SCHL,Queen Mary & Westfield College
E0000001215,OXFORDBROOKESUNIVERSITY,SCHL,Oxford Brookes University
E0000001216,ROYALINSTNOFCHARTERSURVRS,SCHL,Royal Instn of Charter Survrs
E0000001217,UNIVERSITYOFEASTLONDON,SCHL,University of East London
E0000001218,UNIVERSITYOFWOLVERHAMPTON,SCHL,University of Wolverhampton
E0000001219,THEUNIVERSITYOFMANCHESTER,SCHL,The University of Manchester
E0000001220,UNIVERSITYOFPLYMOUTH,SCHL,University of Plymouth
E0000001221,CITYOFLONDONPOLYTECHNIC,SCHL,City of London Polytechnic
E0000001222,THECHARTEREDINSTMARKETING,SCHL,The Chartered Inst Marketing
E0000001223,UNIVERSITYOFYORK,SCHL,University of York
E0000001224,UNIVERSITYOFWARWICK,SCHL,University of Warwick
E0000001225,UNIVERSITYOFWALESCARDIFF,SCHL,"University of Wales, Cardiff"
E0000001226,UNIVERSITYOFWALES,SCHL,University of Wales
E0000001227,UNIMANCHESTERINSTSCITECH,SCHL,Uni Manchester Inst Sci & Tech
E0000001228,UNIVERSITYCOLLEGELONDON,SCHL,University College London
E0000001229,UNIVERSITYOFSUSSEX,SCHL,University of Sussex
E0000001230,UNIVERSITYOFSURREY,SCHL,University of Surrey
E0000001231,UNIVERSITYOFSTRATHCLYDE,SCHL,University of Strathclyde
E0000001233,THEUNIVERSITYOFSHEFFIELD,SCHL,The University of Sheffield
E0000001234,SALFORDUNIVERSITY,SCHL,Salford University
E0000001235,UNIVERSITYOFSOUTHAMPTON,SCHL,University of Southampton
E0000001236,UNIVERSITYOFREADING,SCHL,University of Reading
E0000001237,POLYTECHNICOFSOUTHBANK,SCHL,Polytechnic of South Bank
E0000001238,UNIVERSITYOFOXFORD,SCHL,University of Oxford
E0000001239,OPENUNIVERSITY,SCHL,Open University
E0000001240,UNIVERSITYOFNOTTINGHAM,SCHL,University of Nottingham
E0000001241,NEWCASTLEUNIVERSITY,SCHL,Newcastle University
E0000001242,VICTORIAUNIOFMANCHESTER,SCHL,Victoria Uni of Manchester
E0000001243,MIDDLESEXPOLYTECHINC,SCHL,Middlesex Polytechinc
E0000001244,LOUGHBOROUGHUNIOFTECHNOLOGY,SCHL,Loughborough Uni of Technology
E0000001245,UNIVERSITYOFLONDON,SCHL,University of London
E0000001246,UNIVERSITYOFLIVERPOOL,SCHL,University of Liverpool
E0000001247,UNIVERSITYOFLEICESTER,SCHL,University of Leicester
E0000001248,UNIVERSITYOFLEEDS,SCHL,University of Leeds
E0000001249,UNIVERSITYOFLANCASTER,SCHL,University of Lancaster
E0000001251,UNIOFKENTATCANTERBURY,SCHL,Uni of Kent at Canterbury
E0000001252,KEELEUNIVERSITY,SCHL,Keele University
E0000001253,UNIVERSITYOFHULL,SCHL,University of Hull
E0000001254,HERIOTWATTUNIVERSITY,SCHL,Heriot-Watt University
E0000001255,UNIVERSITYOFGLASGOW,SCHL,University of Glasgow
E0000001256,UNIVERSITYOFEXETER,SCHL,University of Exeter
E0000001257,UNIVERSITYOFESSEX,SCHL,University of Essex
E0000001258,THEUNIVERSITYOFEDINBURGH,SCHL,The University of Edinburgh
E0000001259,UNIVERSITYOFEASTANGLIA,SCHL,University of East Anglia
E0000001260,DURHAMUNIVERSITY,SCHL,Durham University
E0000001261,UNIVERSITYOFDUNDEE,SCHL,University of Dundee
E0000001262,COLLEGEOFESTATEMANAGEMENT,SCHL,College of Estate Management
E0000001263,CITYUNIVERSITYOFLONDON,SCHL,"City, University of London"
E0000001264,UNIVERSITYOFCAMBRIDGE,SCHL,University of Cambridge
E0000001265,CRANFIELDINSTOFTECHNOLOGY,SCHL,Cranfield Inst of Technology
E0000001266,UNIVERSITYOFBUCKINGHAM,SCHL,University of Buckingham
E0000001267,UNIVERSITYOFBRISTOL,SCHL,University of Bristol
E0000001268,BRADFORDUNIVERSITY,SCHL,Bradford University
E0000001269,BIRMINGHAMSCHOFARCHITECTURE,SCHL,Birmingham Sch of Architecture
E0000001270,UNIVERSITYOFBIRMINGHAM,SCHL,University of Birmingham
E0000001271,QUEENSUNIVERSITYOFBELFAST,SCHL,Queen's University Of Belfast
E0000001272,UNIVERSITYOFBATH,SCHL,University of Bath
E0000001273,UNIOFASTONINBIRMINGHAM,SCHL,Uni of Aston in Birmingham
E0000001274,ARCHASSOCSCHOFARCHITLOND,SCHL,Arch Assoc Sch of Archit Lond.
E0000001275,UNIVERSITYOFABERDEEN,SCHL,University of Aberdeen
E0000001276,MCKENDREEUNIVERSITY,SCHL,Mckendree University
E0000001277,THUNDERBIRDSCHOFGLOBALMGT,SCHL,Thunderbird Sch of Global Mgt
E0000001278,TOUROCOLLEGE,SCHL,Touro College
E0000001279,WASHINGTONANDLEEUNIVERSITY,SCHL,Washington and Lee University
E0000001280,AZUSAPACIFICUNIVERSITY,SCHL,Azusa Pacific University
E0000001281,NORTHCENTRALCOLLEGE,SCHL,North Central College
E0000001282,STATEUNIVERSITYOFNEWYORK,SCHL,State University of New York
E0000001283,USAFA,SCHL,USAFA
E0000001284,ENDICOTTCOLLEGE,SCHL,Endicott College
E0000001285,WISCONSININTERNATIONALUNI,SCHL,Wisconsin International Uni
E0000001286,GEORGEMASONUNIVIRIGNIA,SCHL,"George Mason Uni, Virignia"
E0000001287,LOUISIANASTUNIAGRIMECHCOL,SCHL,Louisiana St Uni Agri Mech Col
E0000001288,OCCIDENTALCOLLEGELOSANGELES,SCHL,Occidental College Los Angeles
E0000001289,CFAINSTITUTE,SCHL,CFA Institute
E0000001290,PACIFICLUTHERANUNIVERSITY,SCHL,Pacific Lutheran University
E0000001291,LEWISCLARKCOLLEGE,SCHL,Lewis & Clark College
E0000001292,GETTYSBURGCOLLGPENNSYLVANIA,SCHL,"Gettysburg Collg, Pennsylvania"
E0000001294,THESCALIFORNIAINSTOFARCH,SCHL,The S California Inst of Arch
E0000001295,WILSONCOLLEGEUSA,SCHL,"Wilson College, USA"
E0000001296,RHODESCOLLEGE,SCHL,Rhodes College
E0000001297,USNAVALACADEMYANNAPOLISUSA,SCHL,US Naval Academy Annapolis USA
E0000001298,LELANDSTANFORDJNRUNICALIF,SCHL,Leland Stanford Jnr Uni Calif
E0000001299,PRESTONUNIVERSITY,SCHL,Preston University
E0000001300,BOSTONCOLLEGE,SCHL,Boston College
E0000001301,UNIOFKENTUCKYLEXINGTON,SCHL,"Uni of Kentucky, Lexington"
E0000001302,KENSINGTONUNICALIFORNIA,SCHL,"Kensington Uni, California"
E0000001303,UNIVERSITYOFHAWAIIATHILO,SCHL,University of Hawaii at Hilo
E0000001304,UNIVERSITYOFPHOENIX,SCHL,University of Phoenix
E0000001305,VIRGINIACOMMONWEALTHUNI,SCHL,Virginia Commonwealth Uni
E0000001306,MERCERUNIVERSITY,SCHL,Mercer University
E0000001307,UNIOFTEXASATELPASOTEXAS,SCHL,"Uni of Texas at El Paso,Texas"
E0000001308,OLDDOMINIONUNINORFOLKVIRG,SCHL,Old Dominion Uni Norfolk Virg
E0000001309,HAWAIIPACIFICUNIVERSITY,SCHL,Hawaii Pacific University
E0000001310,FLORIDAATLANTICUNIVERSITY,SCHL,Florida Atlantic University
E0000001311,HARVARDLAWSCHOOL,SCHL,Harvard Law School
E0000001312,BOWDOINCOLLEGEBRUNSWICK,SCHL,"Bowdoin College, Brunswick"
E0000001313,BRADLEYUNIPERORISILLINOIS,SCHL,"Bradley Uni, Peroris Illinois"
E0000001314,CALIFORNIASTATEUNIFRESNO,SCHL,"California State Uni, Fresno"
E0000001315,RENSSELAERPOLYINSTTROYNY,SCHL,Rensselaer Poly Inst Troy NY
E0000001316,THEUNIOFNEBRASKALINCOLN,SCHL,The Uni of Nebraska-Lincoln
E0000001317,OKLAHOMACITYUNIVERSITY,SCHL,Oklahoma City University
E0000001318,BELOITCOLLEGE,SCHL,Beloit College
E0000001319,IOWASTATEUNIVERSITY,SCHL,Iowa State University
E0000001320,PITTSBURGHSTATEUNIVERSITY,SCHL,Pittsburgh State University
E0000001321,UNIVERSITYOFSANDIEGO,SCHL,University of San Diego
E0000001322,TENNESSEETECHNOLOGICALUNI,SCHL,Tennessee Technological Uni
E0000001323,UNIVERSITYOFCENTRALFLORIDA,SCHL,University of Central Florida
E0000001324,INDIANASTATEUNIVERSITY,SCHL,Indiana State University
E0000001325,UNIVERSITYOFSANFRANCISCO,SCHL,University of San Francisco
E0000001326,UNITEDSTATESINTLUNIVERSITY,SCHL,United States Int'l University
E0000001327,STCLOUDSTATEUNIVERSITY,SCHL,St Cloud State University
E0000001328,NORTHCAROLINASTATEUNI,SCHL,North Carolina State Uni
E0000001329,POLYTECHNICUNIVERSITY,SCHL,Polytechnic University
E0000001330,YALEUNIVERSITY,SCHL,Yale University
E0000001331,UNIOFWISCONSINMADISON,SCHL,Uni of Wisconsin-Madison
E0000001333,WESLEYANUNIVERSITY,SCHL,Wesleyan University
E0000001334,WASHINGTONUNIOFSTLOUIS,SCHL,Washington Uni of St. Louis
E0000001335,UNIVERSITYOFWASHINGTON,SCHL,University of Washington
E0000001336,WESTVIRGINIAUNIVERSITY,SCHL,West Virginia University
E0000001337,VIRGINIAPOLYINSTSTATEUNI,SCHL,Virginia Poly Inst & State Uni
E0000001338,UNIVERSITYOFVIRGINIA,SCHL,University of Virginia
E0000001339,VANDERBILTUNIVERSITY,SCHL,Vanderbilt University
E0000001340,UNITEDSTATESOFAMERICA,SCHL,United States of America
E0000001341,UTAHSTATEUNIVERSITY,SCHL,Utah State University
E0000001342,TUFTSUNIVERSITY,SCHL,Tufts University
E0000001343,TEXASAMUNIVERSITY,SCHL,Texas A&M University
E0000001344,TEXASTECHUNIVERSITY,SCHL,Texas Tech University
E0000001345,THEUNIOFTEXASATAUSTIN,SCHL,The Uni of Texas at Austin
E0000001346,SANDIEGOSTATEUNIVERSITY,SCHL,San Diego State University
E0000001347,SYRACUSEUNIVERSITY,SCHL,Syracuse University
E0000001348,STANFORDUNIVERSITY,SCHL,Stanford University
E0000001349,UNIVERSITYOFSTTHOMAS,SCHL,University of St Thomas
E0000001350,STLOUISUNIVERSITY,SCHL,St Louis University
E0000001351,SMITHCOLLEGE,SCHL,Smith College
E0000001352,SEATTLEUNIVERSITY,SCHL,Seattle University
E0000001353,SANJOSESTATEUNIVERSITY,SCHL,San Jose State University
E0000001354,SANFRANCISCOSTATEUNIVERSITY,SCHL,San Francisco State University
E0000001355,STATEUNINEWYORKATBUFFALO,SCHL,State Uni New York at Buffalo
E0000001356,STATEUNIVERSITYOFNEWYORK,SCHL,State University of New York
E0000001357,SILLINOISUNIATCARBONDALE,SCHL,S Illinois Uni at Carbondale
E0000001358,SOUTHERNILLINOISUNIVERSITY,SCHL,Southern Illinois University
E0000001359,UNIVERSITYOFSANTACLARA,SCHL,University of Santa Clara
E0000001360,SOUTHERNMETHODISTUNIVERSITY,SCHL,Southern Methodist University
E0000001361,UNIOFSOUTHERNCALIFORNIA,SCHL,Uni of Southern California
E0000001362,RUTGERSSTATEUNINEWJERSEY,SCHL,"Rutgers, State Uni New Jersey"
E0000001363,RICEUNIVERSITY,SCHL,Rice University
E0000001364,PURDUEUNIVERSITY,SCHL,Purdue University
E0000001365,POMONACOLLEGE,SCHL,POMONA COLLEGE
E0000001366,UNIVERSITYOFPITTSBURGH,SCHL,University of Pittsburgh
E0000001367,THEPENNSYLVANIASTATEUNI,SCHL,The Pennsylvania State Uni
E0000001368,UNIVERSITYOFPENNSYLVANIA,SCHL,University of Pennsylvania
E0000001369,UNIVERSITYOFOREGON,SCHL,University of Oregon
E0000001370,UNIVERSITYOFOKLAHOMA,SCHL,University of Oklahoma
E0000001371,OKLAHOMASTATEUNIVERSITY,SCHL,Oklahoma State University
E0000001372,OHIOWESLEYANUNIVERSITY,SCHL,Ohio Wesleyan University
E0000001373,THEOHIOSTATEUNIVERSITY,SCHL,The Ohio State University
E0000001374,OBERLINCOLLEGEOHIO,SCHL,"Oberlin College, Ohio"
E0000001375,NEWJERSEYINSTOFTECHNOLOGY,SCHL,New Jersey Inst of Technology
E0000001376,UNIVERSITYOFNEBRASKA,SCHL,University of Nebraska
E0000001377,NAVALPOSTGRADUATESCHOOLUSA,SCHL,"Naval Postgraduate School, USA"
E0000001378,NEWYORKUNIVERSITY,SCHL,New York University
E0000001379,NORTHWESTERNUNIVERSITY,SCHL,Northwestern University
E0000001380,UNIVERSITYOFNOTREDAME,SCHL,University of Notre Dame
E0000001381,NORTHEASTERNUNIVERSITY,SCHL,Northeastern University
E0000001382,UNINCAROLINAATCHAPELHILL,SCHL,Uni N Carolina at Chapel Hill
E0000001383,UNIVERSITYOFMISSOURI,SCHL,University of Missouri
E0000001384,UNIVERSITYOFMINNESOTA,SCHL,University of Minnesota
E0000001385,MICHIGANSTATEUNIVERSITY,SCHL,Michigan State University
E0000001386,UNIVERSITYOFMICHIGAN,SCHL,University of Michigan
E0000001387,UNIOFMICHIGANDEARBORN,SCHL,Uni of Michigan-Dearborn
E0000001388,UNIVERSITYOFMIAMI,SCHL,University of Miami
E0000001389,UNIMASSACHUSETTSATAMHERST,SCHL,Uni Massachusetts at Amherst
E0000001390,UNIVERSITYOFMARYLAND,SCHL,University of Maryland
E0000001391,MACALESTERCOLLEGE,SCHL,MacalesterCollege
E0000001392,MARQUETTEUNIVERSITY,SCHL,Marquette University
E0000001393,MIDDLEBURYCOLLEGE,SCHL,Middlebury College
E0000001394,MASSACHUSETTSINSTTECHNOLOGY,SCHL,Massachusetts Inst Technology
E0000001395,LOUISIANASTATEUNIVERSITY,SCHL,Louisiana State University
E0000001396,UNIVERSITYOFLOUISVILLE,SCHL,University of Louisville
E0000001397,UNIVERSITYOFKANSAS,SCHL,University of Kansas
E0000001398,JOHNSHOPKINSUNIVERSITY,SCHL,Johns Hopkins University
E0000001399,IOWASTATEUNIOFSCITECH,SCHL,Iowa State Uni of Sci & Tech
E0000001400,UNIVERSITYOFIOWA,SCHL,University of Iowa
E0000001401,INDIANAUNIVERSITYBLOOMINGTON,SCHL,Indiana University Bloomington
E0000001402,UNIILLINOISURBANACHAMPAIGN,SCHL,Uni Illinois Urbana-Champaign
E0000001403,UNIVERSITYOFILLINOISCHICAGO,SCHL,"University of Illinois,Chicago"
E0000001404,ILLINOISINSTOFTECHNOLOGY,SCHL,Illinois Inst of Technology
E0000001405,UNIVERSITYOFIDAHO,SCHL,University of Idaho
E0000001406,UNIVERSITYOFHOUSTON,SCHL,University of Houston
E0000001407,UNIVERSITYOFHAWAIIATMANOA,SCHL,University of Hawaii at Manoa
E0000001408,HARVARDUNIVERSITY,SCHL,Harvard University
E0000001409,UNIVERSITYOFGEORGIA,SCHL,University of Georgia
E0000001410,GANNONCOLLEGE,SCHL,Gannon College
E0000001411,GEORGETOWNUNIVERSITY,SCHL,Georgetown University
E0000001412,GEORGIAINSTOFTECHNOLOGY,SCHL,Georgia Inst of Technology
E0000001413,THEGEORGEWASHINGTONUNI,SCHL,The George Washington Uni
E0000001414,UNIVERSITYOFFLORIDA,SCHL,University of Florida
E0000001415,FLORIDASTATEUNIVERSITY,SCHL,Florida State University
E0000001416,EMORYUNIVERSITY,SCHL,Emory University
E0000001417,DUKEUNIVERSITY,SCHL,Duke University
E0000001418,DREXELUNIVERSITY,SCHL,Drexel University
E0000001419,UNIVERSITYOFDENVER,SCHL,University of Denver
E0000001420,DARTMOUTHCOLLEGE,SCHL,Dartmouth College
E0000001421,UNIVERSITYOFCONNECTICUT,SCHL,University of Connecticut
E0000001422,COLORADOSTATEUNIVERSITY,SCHL,Colorado State University
E0000001423,UNIVERSITYOFCOLORADO,SCHL,University of Colorado
E0000001424,WILLIAMMARY,SCHL,William & Mary
E0000001425,COLUMBIAUNIVERSITY,SCHL,Columbia University
E0000001426,UNIVERSITYOFCHICAGO,SCHL,University of Chicago
E0000001427,CASEWESTERNRESERVEUNI,SCHL,Case Western Reserve Uni
E0000001428,CARNEGIEMELLONUNIVERSITY,SCHL,Carnegie Mellon University
E0000001429,CAMPBELLUNIVERSITY,SCHL,Campbell University
E0000001430,CALIFORNIASTATEUNIVERSITY,SCHL,California State University
E0000001431,UNIOFCALIFORNIARIVERSIDE,SCHL,Uni of California [Riverside]
E0000001432,UNIOFCALIFORNIALAUCLA,SCHL,"Uni of California, LA (UCLA)"
E0000001433,UNIOFCALIFORNIASANDIEGO,SCHL,Uni of California [San Diego]
E0000001434,UNIOFCALIFORNIASANTACRUZ,SCHL,Uni of California [Santa Cruz]
E0000001435,UNIOFCALIFSANTABARBARA,SCHL,Uni of Calif [Santa Barbara]
E0000001436,UNIOFCALIFORNIAIRVINE,SCHL,Uni of California [Irvine]
E0000001437,UNIOFCALIFORNIADAVIS,SCHL,Uni of California [Davis]
E0000001438,UNIOFCALIFORNIABERKELEY,SCHL,Uni of California [Berkeley]
E0000001439,UNIVERSITYOFCALIFORNIA,SCHL,University of California
E0000001440,CORNELLUNIVERSITY,SCHL,Cornell University
E0000001441,CITYUNIVERSITYOFNEWYORK,SCHL,City University of New York
E0000001442,CENTRALMICHIGANUNIVERSITY,SCHL,Central Michigan University
E0000001443,BROWNUNIVERSITY,SCHL,Brown University
E0000001444,BROOKLYNCOLLEGE,SCHL,Brooklyn College
E0000001445,BRANDEISUNIVERSITY,SCHL,Brandeis University
E0000001446,BOSTONUNIVERSITY,SCHL,Boston University
E0000001447,AUBURNUNIVERSITYALABAMA,SCHL,"Auburn University, Alabama"
E0000001448,UNIVERSITYOFARKANSAS,SCHL,University of Arkansas
E0000001449,ARIZONASTATEUNIVERSITY,SCHL,Arizona State University
E0000001450,THEUNIVERSITYOFARIZONA,SCHL,The University of Arizona
E0000001451,AMHERSTCOLLEGE,SCHL,Amherst College
E0000001452,ALABAMAUNIVERSITY,SCHL,Alabama University
E0000001453,HOCHIMINHCITYUNIPEDAGOGY,SCHL,Ho Chi Minh City Uni Pedagogy
E0000001454,DALAKUNIVERSITY,SCHL,Dalak University
E0000001455,DANANGUNIOFTECHNOLOGY,SCHL,Da Nang Uni of Technology
E0000001456,UNIOFMEDPHARMACYHCMCITY,SCHL,Uni of Med & Pharmacy HCM City
E0000001457,UNIOFEDUHOCHIMINHCITY,SCHL,"Uni of Edu, Ho Chi Minh City"
E0000001458,UNIVERSITYOFTRADEOFHANOI,SCHL,University of Trade of Hanoi
E0000001459,HCMCUNIMEDICINEPHARMACY,SCHL,HCMC Uni Medicine & Pharmacy
E0000001460,HANOIUNIOFARCHITECTURE,SCHL,Hanoi Uni of Architecture
E0000001461,HOCHIMINHCITYUNIOFARCH,SCHL,Ho Chi Minh City Uni of Arch
E0000001462,HOCHIMINHCITYNATIONALUNI,SCHL,Ho Chi Minh City National Uni
E0000001463,UNIVERSITYOFNATURALSCIENCE,SCHL,University of Natural Science
E0000001464,HOCHIMINHCITYUNIOFECON,SCHL,Ho Chi Minh City Uni of Econ
E0000001465,HANOINATIONALECONOMICSUNI,SCHL,Hanoi National Economics Uni
E0000001466,HANOIUNIVERSITYOFTECHNOLOGY,SCHL,Hanoi University of Technology
E0000001467,HANOIUNIOFCIVILENGINEERING,SCHL,Hanoi Uni of Civil Engineering
E0000001468,UNIVERSITYOFTECHNOLOGY,SCHL,University of Technology
E0000001469,VIETNAMNATIONALUNIOFHANOI,SCHL,Vietnam National Uni of Hanoi
E0000001470,HANOIUNIOFFOREIGNLANGUAGES,SCHL,Hanoi Uni of Foreign Languages
E0000001471,HANOILAWUNIVERSITY,SCHL,Hanoi Law University
E0000001472,FOREIGNTRADEUNIOFHANOI,SCHL,Foreign Trade Uni of Hanoi
E0000001473,VIETNAMNATIONALUNIHCMCITY,SCHL,Vietnam National Uni HCM City
E0000001474,FOREIGNTRADEUNIOFHCMCITY,SCHL,Foreign Trade Uni of HCM City
E0000001475,HOCHIMINHCITYUNIOFTECH,SCHL,Ho Chi Minh City Uni of Tech
E0000001476,HANOIUNIVERSITYOFSCIENCE,SCHL,Hanoi University of Science
E0000001477,DANANGUNIVERSITY,SCHL,Danang University
E0000001478,HANOIFOREIGNSTUDIESUNI,SCHL,Hanoi Foreign Studies Uni
E0000001479,UNIVERSITYOFNATIONALECONOMY,SCHL,University of National Economy
E0000001480,UNIOFSOCIALSCIHUMANITIES,SCHL,Uni of Social Sci Humanities
E0000001481,HANOIPOLYTECHNICUNIVERSITY,SCHL,Hanoi Polytechnic University
E0000001482,VIETNAMNATIONALUNIOFHANOI,SCHL,Vietnam National Uni of Hanoi
E0000001483,UNIVERSITYOFHOCHIMINHCITY,SCHL,University of Ho Chi Minh City
E0000001484,HANOIUNIVERSITY,SCHL,Hanoi University
E0000001485,UNIVERSITYOFBELGRADE,SCHL,University of Belgrade
E0000001486,NATLUNIOFSCITECHNOLOGY,SCHL,Nat'l Uni of Sci & Technology
E0000001487,UNIVERSITYOFZIMBABWE,SCHL,University of Zimbabwe
E0000001488,NANYANGPOLYTECHNIC,SCHL,Nanyang Polytechnic
E0000001489,TANGLINTRUSTSCHOOL,SCHL,Tanglin Trust School
E0000001490,TEMASEKPOLYTECHNIC,SCHL,Temasek Polytechnic
E0000001491,SINGAPOREPOLYTECHNIC,SCHL,Singapore Polytechnic
E0000001492,REPUBLICPOLYTECHNIC,SCHL,Republic Polytechnic
E0000001493,OVERSEASUNIVERSITY,SCHL,Overseas University
E0000001494,OVERSEASSCHOOL,SCHL,Overseas School
E0000001495,OVERSEASPOLYTECHNIC,SCHL,Overseas Polytechnic
E0000001496,NGEEANNPOLYTECHNIC,SCHL,Ngee Ann Polytechnic
E0000001497,NUSHIGHSCHOOL,SCHL,NUS High School
E0000001498,MILLENNIAINSTITUTE,SCHL,Millennia Institute
E0000001499,HWACHONGINTERNATIONALSCHOOL,SCHL,Hwa Chong International School
E0000001500,GERMANINSTITUTE,SCHL,German Institute
E0000001501,FRENCHSINGAPOREINSTITUTE,SCHL,French-Singapore Institute
E0000001502,ENTRANCEEXAMINATION,SCHL,Entrance Examination
E0000001503,ANGLOCHINESESCHOOLINTL,SCHL,Anglo-Chinese School (Intl)
E0000001504,SCHSPRIVATECANDIDATEMSIA,SCHL,Schs/Private Candidate M'sia
E0000001505,SCHSPRIVATECANDIDATEBRUNEI,SCHL,Schs/Private Candidate Brunei
E0000001506,DUNMANHIGHSCHOOL,SCHL,Dunman High School
E0000001507,INNOVAJUNIORCOLLEGE,SCHL,Innova Junior College
E0000001508,MADRASAH,SCHL,Madrasah
E0000001509,MERIDIANJUNIORCOLLEGE,SCHL,Meridian Junior College
E0000001510,PIONEERJUNIORCOLLEGE,SCHL,Pioneer Junior College
E0000001511,TAMPINESSECONDARYSCHOOL,SCHL,Tampines Secondary School
E0000001512,JURONGINSTITUTE,SCHL,Jurong Institute
E0000001513,YUANCHINGSECONDARYSCHOOL,SCHL,Yuan Ching Secondary School
E0000001514,SELETARINSTITUTE,SCHL,Seletar Institute
E0000001515,TOWNSVILLEINSTITUTE,SCHL,Townsville Institute
E0000001516,NEWTOWNSECONDARYSCHOOL,SCHL,New Town Secondary School
E0000001517,DUNMANSECONDARYSCHOOL,SCHL,Dunman Secondary School
E0000001518,OUTRAMINSTITUTE,SCHL,Outram Institute
E0000001519,SERANGOONJUNIORCOLLEGE,SCHL,Serangoon Junior College
E0000001520,INTERACTIVEDIGMEDIAINST,SCHL,Interactive & Dig Media Inst
E0000001521,TOHTUCKSECONDARYSCHOOL,SCHL,Toh Tuck Secondary School
E0000001522,BRADDELLSECONDARYSCHOOL,SCHL,Braddell Secondary School
E0000001523,YISHUNJUNIORCOLLEGE,SCHL,Yishun Junior College
E0000001524,TAMPINESJUNIORCOLLEGE,SCHL,Tampines Junior College
E0000001525,VICTORIAJUNIORCOLLEGE,SCHL,Victoria Junior College
E0000001526,ANDERSONJUNIORCOLLEGE,SCHL,Anderson Junior College
E0000001527,FIRSTTOAPAYOHSECONDARYSCH,SCHL,First Toa Payoh Secondary Sch
E0000001528,JURONGSECONDARYSCHOOL,SCHL,Jurong Secondary School
E0000001529,JURONGJUNIORCOLLEGE,SCHL,Jurong Junior College
E0000001530,RAFFLESJUNIORCOLLEGE,SCHL,Raffles Junior College
E0000001531,WOODSVILLESECONDARYSCHOOL,SCHL,Woodsville Secondary School
E0000001532,SIGLAPSECONDARYSCHOOL,SCHL,Siglap Secondary School
E0000001533,GHIMMOHSECONDARYSCHOOL,SCHL,Ghim Moh Secondary School
E0000001534,DUNEARNSECONDARYSCHOOL,SCHL,Dunearn Secondary School
E0000001535,NATUNIMEDICALINSTNUMI,SCHL,Nat Uni Medical Inst(NUMI)
E0000001536,CTRMOLECULAREPIDEMIOLOGYCME,SCHL,Ctr Molecular Epidemiology CME
E0000001537,BENDEMEERSECONDARYSCHOOL,SCHL,Bendemeer Secondary School
E0000001538,BEDOKSOUTHSECONDARYSCHOOL,SCHL,Bedok South Secondary School
E0000001539,ANGMOKIOSECONDARYSCHOOL,SCHL,Ang Mo Kio Secondary School
E0000001540,TUNKUABDULRAHMANUNICOLLEGE,SCHL,Tunku Abdul Rahman Uni College
E0000001541,PRIVATECANDIDATEINSINGAPORE,SCHL,Private Candidate In Singapore
E0000001542,YOCKENGHIGHSCHOOL,SCHL,Yock Eng High School
E0000001543,WHAMPOASECONDARYSCHOOL,SCHL,Whampoa Secondary School
E0000001544,VICTORIASCHOOL,SCHL,Victoria School
E0000001545,UPPERALJUNIEDTECHNICALSCH,SCHL,Upper Aljunied Technical Sch
E0000001546,TUANMONGHIGHSCHOOL,SCHL,Tuan Mong High School
E0000001547,THOMSONSECONDARYSCHOOL,SCHL,Thomson Secondary School
E0000001548,INSTOFHIGHPERFCOMPIHPC,OTHR,Inst of High Perf Comp (IHPC)
E0000001549,INSTMOLECULCELLBIOIMCB,SCHL,Inst Molecul & Cell Bio (IMCB)
E0000001550,INSTITUTEOFMICROELECTRONICS,SCHL,Institute Of Microelectronics
E0000001551,GENOMEINSTITUTEOFSINGAPORE,SCHL,Genome Institute Of Singapore
E0000001552,DATASTORAGEINSTITUTE,SCHL,Data Storage Institute
E0000001553,INSTITUTEOFMATLSRESENGRG,SFTP,Institute of Matls Res & Engrg
E0000001554,SPOREINSTMANUFSIMTECH,SCHL,S'pore Inst Manuf (SIM) Tech
E0000001555,BIOPROCESSINGTECHINSTBTI,SCHL,Bioprocessing Tech Inst (BTI)
E0000001556,INSTOFBIOENGNANOTECHIBN,SCHL,Inst Of Bioeng & Nanotech(IBN)
E0000001557,INSTFORINFOCOMMRSHIIR,SCHL,Inst For Infocomm Rsh (IIR)
E0000001558,TEMASEKJUNIORCOLLEGE,SCHL,Temasek Junior College
E0000001559,TELOKKURAUSECONDARYSCHOOL,SCHL,Telok Kurau Secondary School
E0000001560,TANJONGKATONGTECHNICALSCH,SCHL,Tanjong Katong Technical Sch
E0000001561,TANJONGKATONGGIRLSSCHOOL,SCHL,Tanjong Katong Girls' School
E0000001562,TANGLINTECHNICALSCHOOL,SCHL,Tanglin Technical School
E0000001563,SWISSCOTTAGESECONDARYSCHOOL,SCHL,Swiss Cottage Secondary School
E0000001564,ANGLOCHINESESCHINDEPENDENT,SCHL,Anglo-Chinese Sch(Independent)
E0000001565,STPATRICKSSCHOOL,SCHL,St Patrick'S School
E0000001566,LOGISTICSINSTASIAPACTLIAP,SCHL,Logistics Inst Asia Pac(TLIAP)
E0000001567,CHEMICALANDPROCESSENGCTR,SCHL,Chemical And Process Eng Ctr
E0000001568,SPORESYNCHROLGTSOURCESSLS,SCHL,Spore Synchro Lgt Source(SSLS)
E0000001569,CHIJSTNICHOLASGIRLSSCHOOL,SCHL,CHIJ St Nicholas Girls' School
E0000001570,STJOSEPHSINSTITUTION,SCHL,St Joseph's Institution
E0000001571,NUSISS,SCHL,NUS-ISS
E0000001572,STANTHONYSCONVENT,SCHL,St Anthony's Convent
E0000001573,BIOINFORMATICSCENTRE,SCHL,Bioinformatics Centre
E0000001574,STANDREWSSCHJUNIORCOLLG,SCHL,St  Andrew's Sch/Junior Collg
E0000001575,EASTASIANINSTITUTEEAI,SCHL,East Asian Institute (EAI)
E0000001576,TROPICALMARINESCIINSTTMSI,SCHL,Tropical Marine Sci Inst(TMSI)
E0000001577,SINMINHIGHSCHOOL,SCHL,Sin Min High School
E0000001578,TEMASEKLIFESCILABORATORY,SCHL,Temasek Life Sci Laboratory
E0000001579,BIOINFORMATICSINSTITUTE,SCHL,Bioinformatics Institute
E0000001580,INSTFORCHEMICALENGSCI,SCHL,Inst For Chemical & Eng Sci
E0000001581,SERANGOONSECONDARYSCHOOL,SCHL,Serangoon Secondary School
E0000001582,ASIARESEARCHINSTITUTE,SCHL,Asia Research Institute
E0000001583,SERANGOONGARDENSECONDARYSCH,SCHL,Serangoon Garden Secondary Sch
E0000001584,SANGNILAUTAMASECONDARYSCH,SCHL,Sang Nila Utama Secondary Sch
E0000001585,RIVERVALLEYHIGHSCHOOL,SCHL,River Valley High School
E0000001586,RAFFLESINSTITUTION,SCHL,Raffles Institution
E0000001587,DESIGNTECHNOLOGYINSTITUTE,SCHL,Design Technology Institute
E0000001588,RAFFLESGIRLSSECONDARYSCH,SCHL,Raffles Girls' Secondary Sch
E0000001589,QUEENSTOWNSECONDARYTECHSCH,SCHL,Queenstown Secondary Tech Sch
E0000001590,OUTRAMSECONDARYSCHOOL,SCHL,Outram Secondary School
E0000001591,NATIONALJUNIORCOLLEGE,SCHL,National Junior College
E0000001592,NANYANGJUNIORCOLLEGE,SCHL,Nanyang Junior College
E0000001593,NANYANGGIRLSHIGHSCHOOL,SCHL,Nanyang Girls' High School
E0000001594,NANCHIAUGIRLSHIGHSCHOOL,SCHL,Nan Chiau Girls' High School
E0000001595,MONTFORTSCHOOL,SCHL,Montfort School
E0000001596,MARISSTELLAHIGHSCHOOL,SCHL,Maris Stella High School
E0000001597,CHIJKATONGCONVENT,SCHL,CHIJ Katong Convent
E0000001598,HWACHONGJCINST,SCHL,Hwa Chong JC/Inst
E0000001599,HUAYIGOVTCHINESEMIDDLESCH,SCHL,Hua Yi Govt Chinese Middle Sch
E0000001600,HOLYINNOCENTSHIGHSCHOOL,SCHL,Holy Innocents' High School
E0000001601,CENTREFORCOMPSCIENG,SCHL,Centre For Comp Sci & Eng
E0000001602,HAISINGGIRLSHIGHSCHOOL,SCHL,Hai Sing Girls' High School
E0000001603,GANENGSENGSCHOOL,SCHL,Gan Eng Seng School
E0000001604,DUNMANGOVTCHINESEMIDDLESCH,SCHL,Dunman Govt Chinese Middle Sch
E0000001605,CONVENTOFHOLYINFANTJESUS,SCHL,Convent Of Holy Infant Jesus
E0000001606,CHUNGHWAGIRLSHIGHSCHOOL,SCHL,Chung Hwa Girls' High School
E0000001607,NUSCOLLEGEINBANGALORE,SCHL,NUS College in Bangalore
E0000001608,NOCSTOCKHOLM,SCHL,NOC Stockholm
E0000001609,NOCSHANGHAI,SCHL,NOC Shanghai
E0000001610,NUSCOLLEGEINBIOVALLEY,SCHL,NUS College in Bio Valley
E0000001611,NOCSILICONVALLEY,SCHL,NOC Silicon Valley
E0000001612,CHUNGCHENGHIGHSCHOOL,SCHL,Chung Cheng High School
E0000001613,CHINESEHIGHSCHOOL,SCHL,Chinese High School
E0000001614,CATHOLICJUNIORCOLLEGE,SCHL,Catholic Junior College
E0000001615,CATHOLICHIGHSCHOOL,SCHL,Catholic High School
E0000001616,BUKITPANJANGGOVHIGHSCHOOL,SCHL,Bukit Panjang Gov High School
E0000001617,BEATTYSECONDARYSCHOOL,SCHL,Beatty Secondary School
E0000001618,BARTLEYSECONDARYSCHOOL,SCHL,Bartley Secondary School
E0000001619,ANGLOCHINESESCHJUNIORCOLLG,SCHL,Anglo-Chinese Sch/Junior Collg
E0000001620,ANGLICANHIGHSCHOOL,SCHL,Anglican High School
E0000001621,LVOVPOLYTECHNICINSTUKRAINE,SCHL,"Lvov Polytechnic Inst, Ukraine"
E0000001622,EXTERNALINSTITUTION,SCHL,External Institution
E0000001623,ADB,SFTP,ADB
E0000001624,ASEANFOUNDATION,SFTP,ASEAN Foundation
E0000001625,ASIA2,SFTP,Asia2000
E0000001626,ASTARSTR1,SFTP,A*STAR (STR01)
E0000001627,CVLAVTNAUTHOFSGCAA1,SFTP,Cvl Avtn Auth of Sg (CAA01)
E0000001628,CHARTEREDSEMICONDUCTORMFGPL,SFTP,Chartered Semiconductor MfgPL
E0000001629,DSONATIONALLABORATORIES,SFTP,DSO National Laboratories
E0000001630,DSTADST1,SFTP,DSTA (DST01)
E0000001631,ECONOMICDEVELOPMENTBOARD,SFTP,Economic Development Board
E0000001632,HOUSINGANDDEVTBOARDHDB24,SFTP,Housing and Devt Board (HDB24)
E0000001633,IRASIRA1,SFTP,IRAS (IRA01)
E0000001634,JTCCORPORATIONJTC41,SFTP,JTC Corporation (JTC41)
E0000001635,KEPPELCORPORATIONLIMITED,SFTP,Keppel Corporation Limited
E0000001636,LEEFDN,SFTP,Lee Fdn.
E0000001637,MASMAS,SFTP,MAS (MAS09)
E0000001638,INFOCOMMMEDIADEVLPMNTAUTH,SFTP,Infocomm Media Devlpmnt Auth
E0000001639,MFAMFA1,SFTP,MFA (MFA01)
E0000001640,MHAMHA1,SFTP,MHA (MHA01)
E0000001641,MINDEFMODES,SFTP,MINDEF (MODES)
E0000001642,MINISTRYOFEDUCATIONMOE7,SFTP,Ministry of Education (MOE07)
E0000001643,MINISTRYOFHEALTHMOH4,SFTP,Ministry of Health (MOH04)
E0000001644,MARITIMEANDPORTMPA1,SFTP,Maritime and Port (MPA10)
E0000001645,THENGEEANNKONGSI,SFTP,The Ngee Ann Kongsi
E0000001646,NOVARTISSPOREPHMMFGPTELTD,SFTP,Novartis Spore Phm Mfg Pte Ltd
E0000001647,NATIONALUNIVHOSPITALSPL,SFTP,National Univ Hospital (S) PL
E0000001648,OVERSEACHINESEBANKINGCORP,SFTP,Oversea-Chinese Banking Corp
E0000001649,PSA,SFTP,PSA
E0000001650,PRIMEMINISTERSOFFICEPMO1,SFTP,Prime Minister's Office(PMO10)
E0000001651,PUBLICUTILITIESBOARDPUB4,SFTP,Public Utilities Board (PUB04)
E0000001652,ROTARY,SFTP,ROTARY
E0000001653,SEMBAWANGCORPORATION,SFTP,Sembawang Corporation
E0000001654,SINGAPOREAIRLINESLIMITED,SFTP,Singapore Airlines Limited
E0000001655,SINGAPOREPOWERLIMITED,SFTP,Singapore Power Limited
E0000001657,SINGAPOREPRESSHOLDINGSLTD,SFTP,Singapore Press Holdings Ltd
E0000001658,THAIMOE,SFTP,Thai MOE
E0000001659,URBANREDEVELOPMENTAUTHORITY,SFTP,Urban Redevelopment Authority
E0000001660,VILLAFOUNDATION,SFTP,Villa Foundation
E0000001661,YAYASANMENDAKI,SFTP,Yayasan Mendaki
E0000001662,CENTRALPROVIDENTFUNDCPF5,SFTP,Central Provident Fund (CPF59)
E0000001663,LTALTA1,SFTP,LTA (LTA01)
E0000001664,NCSSNCS1,SFTP,NCSS (NCS01)
E0000001665,BUILDINGCONSTRUCTIONAUTHOR,SFTP,Building & Construction Author
E0000001666,HEALTHSCIENCESAUTHORITY,SFTP,Health Sciences Authority
E0000001667,SINGAPORELANDAUTHORITY,SFTP,Singapore Land Authority
E0000001668,HEALTHPROMOTIONBOARDHPB41,SFTP,Health Promotion Board (HPB41)
E0000001669,MSFMCD18,SFTP,MSF (MCD18)
E0000001670,MDDIITA1,SFTP,MDDI (ITA01)
E0000001671,CENTRALNARCOTICSBUREAU,SFTP,Central Narcotics Bureau
E0000001672,SINGAPORECIVILDEFENCEFORCE,SFTP,Singapore Civil Defence Force
E0000001673,MHAMHA6,SFTP,MHA (MHA06)
E0000001674,SINGAPOREPOLICEFORCE,SFTP,Singapore Police Force
E0000001675,INFOCOMMMEDIADEVLPMNTAUTH,SFTP,Infocomm Media Devlpmnt Auth
E0000001676,STENGINEERINGPTELTD,SFTP,ST Engineering Pte Ltd
E0000001677,STENGINEERINGAEROSPACELTD,SFTP,ST Engineering Aerospace Ltd
E0000001678,STENGINEERINGLANDSYSTEMS,SFTP,ST Engineering Land Systems
E0000001679,ORDNANCE,SFTP,Ordnance
E0000001680,SPHFOUNDATIONLTD,SFTP,SPH Foundation Ltd
E0000001681,CAPITALANDLIMITED,SFTP,Capitaland Limited
E0000001682,SINGAPOREEXCHANGELIMITED,SFTP,Singapore Exchange Limited
E0000001683,BOLASHAK,SFTP,Bolashak
E0000001684,SPOREGENERALHOSPITALPTELTD,SFTP,Spore General Hospital Pte Ltd
E0000001685,NATIONALHEARTCENTREOFSGPL,SFTP,National Heart Centre of SG PL
E0000001686,NATIONALHEALTHCAREGROUP,SFTP,National Healthcare Group
E0000001687,NATIONALCANCERCENTRE,SFTP,National Cancer Centre
E0000001688,CHANGIGENERALHOSPITALPTELTD,SFTP,Changi General Hospital PteLtd
E0000001689,INSTITUTEOFMENTALHEALTH,SFTP,Institute of Mental Health
E0000001690,SINGHEALTHPOLYCLINICS,SFTP,SingHealth Polyclinics
E0000001691,BORGWARNERAUTOMOTIVESYSTEMS,SFTP,BORGWARNER AUTOMOTIVE SYSTEMS
E0000001692,YTLPOWERSERAYAPTELIMITED,SFTP,YTL PowerSeraya Pte Limited
E0000001693,KKWOMENSCHILDRENSHOSPPL,SFTP,KK Women's&Children'sHosp PL
E0000001694,NHGPOLYCLINICS,SFTP,NHG Polyclinics
E0000001695,SINGAPOREHEALTHSERVICESPTELTD,SFTP,Singapore HealthServicesPteLtd
E0000001696,CARRIERTRANSICOLDPTELTD,SFTP,Carrier Transicold Pte Ltd
E0000001697,SIMEDARBYBERHAD,SFTP,Sime Darby Berhad
E0000001698,KHOOTECKPUATHOSPITALPTELTD,SFTP,Khoo Teck Puat Hospital PteLtd
E0000001699,KAUST,SFTP,KAUST
E0000001701,HIGHCOMOFBRUNEIDARUSSALAM,SFTP,High Com of Brunei Darussalam
E0000001702,REPUBLICOFSINGAPOREAIRFORC,SFTP,Republic of Singapore Air Forc
E0000001703,NATIONALDENTALCENTRE,SFTP,National Dental Centre
E0000001704,GOHKENGSWEESCHOLARSHIPFD,SFTP,Goh Keng Swee Scholarship Fd
E0000001705,INTELLECTUALPROPERTYACADEMY,SCHL,Intellectual Property Academy
E0000001706,NOCBEIJING,SCHL,NOC Beijing
E0000001707,CORVINUSUNIOFBUDAPEST,SCHL,Corvinus Uni of Budapest
E0000001708,TECHNIONISRAELINSTOFTECH,SCHL,Technion-Israel Inst of Tech
E0000001709,CATHOLICUNITHESACREDHEART,SCHL,Catholic Uni the Sacred Heart
E0000001710,ASIAUNIVERSITY,SCHL,Asia University
E0000001711,RIGATECHNICALUNIVERSITY,SCHL,Riga Technical University
E0000001712,TECDEMONTERREY,SCHL,Tec de Monterrey
E0000001713,UNIVERSITYOFGRONINGEN,SCHL,University of Groningen
E0000001714,HAAGSEHOGESCHOOL,SCHL,Haagse Hogeschool
E0000001715,FREEUNIVERSITYINAMSTERDAM,SCHL,Free University in Amsterdam
E0000001716,NORWEGIANSCHOOLOFMANAGEMENT,SCHL,Norwegian School of Management
E0000001717,OSLOSCHOOLOFARCHITECTURE,SCHL,Oslo School of Architecture
E0000001718,JAGIELLONIANUNIVERSITY,SCHL,Jagiellonian University
E0000001719,ACADEMYOFECONSTUDBUCHAREST,SCHL,Academy of Econ Stud Bucharest
E0000001720,MOSCOWSTINSTINTLRELATIONS,SCHL,Moscow St Inst Int'l Relations
E0000001721,MOSCOWSTUNIMVLOMONOSOV,SCHL,Moscow St Uni M.V. Lomonosov
E0000001722,STELLENBOSCHUNIVERSITY,SCHL,Stellenbosch University
E0000001723,POHANGUNIOFSCITECHNOLOGY,SCHL,Pohang Uni of Sci & Technology
E0000001724,UNIVERSITYOFSEOUL,SCHL,University of Seoul
E0000001725,INSITUTODEEMPRESA,SCHL,Insituto de Empresa
E0000001726,UNIVERSITYOFGOTEBORG,SCHL,University of Goteborg
E0000001727,GRADINSTOFINTLDEVSTUD,SCHL,Grad Inst of Int'l & Dev Stud
E0000001728,ECOLEPOLYFEDERALELAUSANNE,SCHL,Ecole Poly Federale Lausanne
E0000001729,UNIVERSITYOFGENEVA,SCHL,University of Geneva
E0000001730,UNIVERSITYOFLAUSANNE,SCHL,University of Lausanne
E0000001731,GHENTUNIVERSITY,SCHL,Ghent University
E0000001732,UNIVERSITYOFANTWERP,SCHL,University of Antwerp
E0000001733,FREEUNIVERSITYOFBRUSSELS,SCHL,Free University of Brussels
E0000001734,HECMONTREAL,SCHL,HEC Montreal
E0000001735,UNIVERSITYOFGUELPH,SCHL,University of Guelph
E0000001736,CHINAUNIGEOLOGICALSCIWUHAN,SCHL,China Uni Geological Sci Wuhan
E0000001737,SECONDMILITARYMEDICALUNI,SCHL,Second Military Medical Uni
E0000001738,UNIVERSITYOFZAGREB,SCHL,University of Zagreb
E0000001740,CZECHTECHNICALUNIINPRAGUE,SCHL,Czech Technical Uni in Prague
E0000001741,TALLINNUNIOFTECHNOLOGY,SCHL,Tallinn Uni of Technology
E0000001742,HAMKUNIOFAPPLIEDSCIENCES,SCHL,HAMK Uni of Applied Sciences
E0000001743,TAMPEREUNIOFTECHNOLOGY,SCHL,Tampere Uni of Technology
E0000001744,UNIVERSITYOFOULU,SCHL,University of Oulu
E0000001745,ECOLEDESMINESDEPARIS,SCHL,Ecole des Mines de Paris
E0000001746,INSTOFPOLSTUDIESGRENOBLE,SCHL,Inst of Pol Studies Grenoble
E0000001747,ECOLENORMALESUPERIEURELYON,SCHL,Ecole Normale Superieure Lyon
E0000001748,UNIOFTECHNOLOGYOFTROYES,SCHL,Uni of Technology of Troyes
E0000001749,ECOLENATSUPREMINESNANCY,SCHL,Ecole Nat Supre Mines Nancy
E0000001750,ECOLENATLAVIACIVILEENAC,SCHL,Ecole Nat l'Avia Civile [ENAC]
E0000001751,ECOLESUPERIEURESCIECONCOM,SCHL,Ecole Superieure Sci Econ Com
E0000001752,CTRLSCHPARISECOLECPARIS,SCHL,Ctrl Sch Paris (Ecole C Paris)
E0000001753,FACHHOCHSCHULENORDAKADEMIE,SCHL,Fachhochschule Nordakademie
E0000001754,DIEUNTERNEHMERHOCHSCHULE,SCHL,Die Unternehmer-Hochschule
E0000001755,ULMUNIVERSITY,SCHL,Ulm University
E0000001756,BUCERIUSLAWSCHOOL,SCHL,Bucerius Law School
E0000001757,LUDWIGMAXIMILIANUOFMUNICH,SCHL,Ludwig Maximilian U of Munich
E0000001759,BREMENUNIVERSITYOFAPPLIED,SCHL,Bremen University of Applied
E0000001760,JUSTUSLIEBIGUNIOFGIESSEN,SCHL,Justus Liebig Uni of Giessen
E0000001761,BAYERISCHEJULIUSUNIWURZBURG,SCHL,Bayerische Julius-Uni Wurzburg
E0000001762,DRESDENUNIOFTECHNOLOGY,SCHL,Dresden Uni of Technology
E0000001763,ATHENSUNIOFECONBUSINESS,SCHL,Athens Uni of Econ & Business
E0000001766,GEORGETOWNUNILAWCENTER,SCHL,Georgetown Uni Law Center
E0000001767,HARVARDCOLLEGE,SCHL,Harvard College
E0000001768,NYUSTERNSCHOOLOFBUSINESS,SCHL,NYU Stern School of Business
E0000001769,YESHIVAUNIVERSITY,SCHL,Yeshiva University
E0000001770,CLAREMONTMCKENNACOLLEGE,SCHL,Claremont Mckenna College
E0000001771,BRYNMAWRCOLLEGEPA,SCHL,"Bryn Mawr College, PA"
E0000001772,UNIVERSITYOFUTAH,SCHL,University of Utah
E0000001773,TULANEUNIVERSITY,SCHL,Tulane University
E0000001774,UNIVERSITYOFSCRANTON,SCHL,University of Scranton
E0000001775,UNIVERSITYOFSOUTHCAROLINA,SCHL,University of South Carolina
E0000001776,MTHOLYOKECOLLEGE,SCHL,Mt Holyoke College
E0000001777,GEORGIASTATEUNIVERSITY,SCHL,Georgia State University
E0000001778,COLBYCOLLEGE,SCHL,Colby College
E0000001779,BRIGHAMYOUNGUNIVERSITY,SCHL,Brigham Young University
E0000001780,AMERICANUNIVERSITY,SCHL,American University
E0000001781,CANTHOUNIVERSITY,SCHL,Can Tho University
E0000001782,JOINTINDUSTRYPGPROGRAMME,SCHL,Joint Industry PG Programme
E0000001783,CHARTEREDSCHEME,SCHL,Chartered Scheme
E0000001784,MEDICINALCHEMISTRY,SCHL,Medicinal Chemistry
E0000001785,SINGAPROGRAMME,SCHL,Singa Programme
E0000001786,TEMASEKPROFESSORSHIPPROJECT,SCHL,Temasek Professorship Project
E0000001787,EDBBEMP,SCHL,EDB-BEMP
E0000001788,AUNSEEDNET,SCHL,AUN/SEED-Net
E0000001790,CANCERSCIENCEINSTSINGAPORE,SCHL,Cancer Science Inst Singapore
E0000001791,SOLARENERGYRSHINSTSPORE,SCHL,Solar Energy Rsh Inst S'pore
E0000001792,LIFESCIENCESINSTITUTELSI,SCHL,Life Sciences Institute (LSI)
E0000001793,ENERGYSTUDIESINSTITUTEESI,SCHL,Energy Studies Institute (ESI)
E0000001794,MIDDLEEASTINSTITUTEMEI,SCHL,Middle East Institute (MEI)
E0000001795,INSTOFREALESTATESTUDIES,SCHL,Inst Of Real Estate Studies
E0000001796,NUSENVIRONMENTALRSHINST,SCHL,NUS Environmental Rsh Inst
E0000001797,RISKMANAGEMENTINSTITUTERMI,SCHL,Risk Management Institute(RMI)
E0000001798,CENTREFORMARITIMESTUDIES,SCHL,Centre For Maritime Studies
E0000001799,INSTOFSOUTHASIANSTUDIES,SCHL,Inst Of South Asian Studies
E0000001800,TEMASEKDEFENCESYSTEMSINST,SCHL,Temasek Defence Systems Inst
E0000001801,NUSNANOSCINANOTECHINITV,SCHL,NUS Nanosci & Nanotech Initv
E0000001802,TEMASEKLABORATORIES,SCHL,Temasek Laboratories
E0000001803,INSTFORMATHEMATICALSCIENCES,SCHL,Inst For Mathematical Sciences
E0000001804,SINGAPOREMITALLIANCE,SCHL,Singapore-Mit Alliance
E0000001805,CTRFORENGLISHLANGCOMMCELC,SCHL,Ctr For English Lang Comm CELC
E0000001808,ACCELMASTERSPROGRAMNEW,SCHL,Accel Masters Program (New)
E0000001809,CTRREMIMAGSENPROCGCRISP,SCHL,"Ctr Rem Imag,Sen & Procg CRISP"
E0000001810,AACHENUNITECHRHEINISCH,SCHL,Aachen Uni Tech (Rheinisch)
E0000001811,DHAKAPOLYINSTITUTETEJGAON,SCHL,"Dhaka Poly Institute, Tejgaon"
E0000001812,JINANPETROCESSINOPECCORP,SCHL,"Jinan Petroc E S, Sinopec Corp"
E0000001813,JINANSCHOFPETROCHEECON,SCHL,Jinan Sch of Petroche & Econ
E0000001814,JINGMENPETROCHEMICALENGSCH,SCHL,Jingmen Petrochemical Eng Sch
E0000001815,JINGXIPOLYFSKILLEDWORKERS,SCHL,Jingxi Poly f Skilled Workers
E0000001816,LANZHOUPETROCHEMICALENGSCH,SCHL,Lanzhou Petrochemical Eng Sch
E0000001817,LANZHOUPETROLEUMCHEENGSCH,SCHL,Lanzhou Petroleum Che Eng Sch
E0000001818,NANTONGSECPROFSCHPOLY,SCHL,Nan Tong Sec Prof Sch (Poly)
E0000001819,SHANDONGELECTINDUSTRYSCH,SCHL,Shandong Elect Industry Sch
E0000001820,SHANDONGPROVELECTVOCCOLLG,SCHL,Shandong Prov Elect Voc Collg
E0000001821,TIANJINPETROCHEMICALSCHOOL,SCHL,Tianjin Petrochemical School
E0000001822,TIANJINPETROCHEMICALENGSCH,SCHL,Tianjin Petrochemical Eng Sch
E0000001823,WUXISCHOOLOFRADIOINDUSTRY,SCHL,Wuxi School of Radio Industry
E0000001824,YAGONTECHNOLOGYUNIVERSITY,SCHL,Yagon Technology University
E0000001825,ZHEJIANGSCITECHUNIVERSITY,SCHL,Zhejiang Sci-Tech University
E0000001826,AANMVVRSRPOLY,SCHL,A.A.N.M & V.V.R.S.R Poly
E0000001827,ARASANGANESANPOLYTECHNIC,SCHL,Arasan Ganesan Polytechnic
E0000001828,BHAKTAVATCHALAMPOLYTECHNIC,SCHL,Bhaktavatchalam Polytechnic
E0000001829,CENTRALPOLYTECHNIC,SCHL,Central Polytechnic
E0000001830,GOVTINSTPOSTDIPENGTECH,SCHL,Govt Inst Post Dip Eng & Tech
E0000001831,JAWAHARLALNEHRUGOVTPOLY,SCHL,Jawaharlal Nehru Govt Poly
E0000001832,MUTHIAHPOLYTECHNIC,SCHL,Muthiah Polytechnic
E0000001833,NACHIMUTHUPOLYTECHNIC,SCHL,Nachimuthu Polytechnic
E0000001834,NANJAPAAINSTOFTECHNOLOGY,SCHL,Nanjapaa Inst of Technology
E0000001835,RAMAKRISHNAMISSIONTECHINST,SCHL,Ramakrishna Mission Tech Inst
E0000001836,SRIADHISANKARARPOLYCOLLEGE,SCHL,Sri Adhisankarar Poly College
E0000001837,SRIAYYAPPAPOLYTECHNIC,SCHL,Sri Ayyappa Polytechnic
E0000001838,SRIBALAJIPOLYTECHNIC,SCHL,Sri Balaji Polytechnic
E0000001839,SWAMYABEDHANANDHAPOLYTECHNIC,SCHL,Swamy Abedhanandha Polytechnic
E0000001840,TPEVRGOVTPOLYTECHNIC,SCHL,T P E V R Govt Polytechnic
E0000001841,THANTHAIROEVERINSTOFPOLY,SCHL,Thanthai Roever Inst of Poly
E0000001842,VRAMAKRISHNAPOLYTECHNIC,SCHL,V.Ramakrishna Polytechnic
E0000001843,INSTTEKNOLOGPLEBUHVICTORIA,SCHL,Inst Teknolog P Lebuh Victoria
E0000001844,TAFECOLLEGESEREMBAN,SCHL,Tafe College Seremban
E0000001845,UNGKUOMARPOLYTECHNICIPOH,SCHL,"Ungku Omar Polytechnic, Ipoh"
E0000001846,GOVTTECHNICALINSTINSEIN,SCHL,"Govt Technical Inst, Insein"
E0000001847,INSTOFTECHUNIOFMORATUWA,SCHL,"Inst of Tech, Uni Of Moratuwa"
E0000001848,GORDONCOLLEGE,SCHL,Gordon College
E0000001849,UNIOFPHILIPPINESATMANILA,SCHL,Uni of Philippines at Manila
E0000001850,EGADEBUSINESSSCHOOL,SCHL,EGADE Business School
E0000001851,DOWUNIOFHEALTHSCIENCES,SCHL,Dow Uni of Health Sciences
E0000001852,UNIVERSIDADENOVADELISBOA,SCHL,Universidade Nova De Lisboa
E0000001853,SOUTHEASTERNLOUISIANAUNI,SCHL,Southeastern Louisiana Uni
E0000001854,NANOCOREPROGRAMME,SCHL,Nanocore Programme
E0000001855,NGSGEM4SCHOLARSHIP,SCHL,NGS-GEM4 Scholarship
E0000001856,NGSINTLALLIANCERSHUNISCHS,SCHL,NGS-Intl Alliance Rsh Uni Schs
E0000001857,ECOLENATSUPERIEURETELECOMM,SCHL,Ecole Nat Superieure Telecomm
E0000001858,TELECOMPARIS,SCHL,Telecom Paris
E0000001859,TELECOMSUDPARIS,SCHL,TELECOM SudParis
E0000001860,INSTOFTECHNICALEDUVITBAEB,SCHL,Inst of Technical Edu/VITB/AEB
E0000001861,UNIVERSITYOFBEDFORDSHIRE,SCHL,University of Bedfordshire
E0000001862,AMRITAVVU,SCHL,AmritaVVU
E0000001863,UNIVERSITYOFSTAVANGER,SCHL,University of Stavanger
E0000001864,VIENNAUTECH,SCHL,ViennaUTech
E0000001865,GOET,SCHL,Goet
E0000001866,JWGUFAM,SCHL,JWGUFAM
E0000001867,FACHNURT,SCHL,FachNurt
E0000001868,UASBF,SCHL,UASBF
E0000001869,KOBLENZLANDAU,SCHL,Koblenz-Landau
E0000001870,UNIVERSITYOFSOUTHERNDENMARK,SCHL,University of Southern Denmark
E0000001871,UNIVERSIDADAUTONOMADEMADRID,SCHL,Universidad Autonoma de Madrid
E0000001872,TUMADRID,SCHL,TUMadrid
E0000001873,INPDL,SCHL,INPDL
E0000001874,BSABEDPLOND,SCHL,BSABEDPLond
E0000001875,PHNOMPENH,SCHL,PhnomPenh
E0000001876,TILBURGUNIVERSITY,SCHL,Tilburg University
E0000001877,DOWMEDICALCOLLEGEPAK,SCHL,"Dow Medical College,Pak"
E0000001878,CRACOWUT,SCHL,CracowUT
E0000001879,LISBOA,SCHL,Lisboa
E0000001881,SPOREUNIOFSOCIALSCIENCES,SCHL,S'pore Uni of Social Sciences
E0000001882,BABSON,SCHL,Babson
E0000001883,CALTECH,SCHL,Caltech
E0000001884,CINC,SCHL,Cinc.
E0000001885,CARLETONCOLLEGE,SCHL,Carleton College
E0000001886,SCRIPPSCOLLEGE,SCHL,Scripps College
E0000001887,ODENSEUNICOLLEGEOFENG,SCHL,Odense Uni College of Eng
E0000001888,ECOLENATSUPIAEROIESPACE,SCHL,Ecole Nat Sup I'Aero I'Espace
E0000001889,UNISTENDHALGRENOBLEIII,SCHL,Uni Stendhal Grenoble III
E0000001890,MANNHEIMBUSINESSSCHOOL,SCHL,Mannheim Business School
E0000001891,STJOHNSCOLLEGEOXFORDUNI,SCHL,"St John's College,Oxford Uni"
E0000001892,LEHIGHUNIVERSITY,SCHL,Lehigh University
E0000001893,CLARKSONUNIVERSITY,SCHL,Clarkson University
E0000001894,UNINCAROLINAKENANFLAGLER,SCHL,"Uni N Carolina, Kenan-Flagler"
E0000001895,UNIVERSITYOFBUDAPEST,SCHL,University of Budapest
E0000001896,TECNOLOGIODEMONTERREY,SCHL,Tecnologio De Monterrey
E0000001897,LEIDENUNIMEDICALCTRLUMC,SCHL,Leiden Uni Medical Ctr (LUMC)
E0000001898,UNIVERSITEITVANPRETORIA,SCHL,Universiteit van Pretoria
E0000001900,UNIVERSITYOFINNSBRUCK,SCHL,University of Innsbruck
E0000001902,ECOLENATSUPERIEUREDESAD,SCHL,Ecole Nat Supérieure des AD
E0000001903,LATELIERSECOLENATSUPDECI,SCHL,L'Ateliers Ecole Nat Sup de CI
E0000001905,UNIVERSITEDEPOITIERS,SCHL,Universite De Poitiers
E0000001906,ECOLENATSUPDELETRONSA,SCHL,Ecole Nat Sup De L'E'tron SA
E0000001907,ECOLENATSUPDESMINESSTET,SCHL,Ecole Nat Sup Des Mines St Et
E0000001908,ECOLEDESMINESDALBICARMAUX,SCHL,Ecole Des Mines D'Albi-Carmaux
E0000001909,ECOLENATSUPDETECHAVANCEES,SCHL,Ecole Nat Sup De Tech Avancees
E0000001910,GRPECOLESUPDINGEMARSEILLE,SCHL,Grp Ecole Sup D'Inge Marseille
E0000001911,INSTNATDESSCIAPPLTOULOUSE,SCHL,Inst Nat des Sci Appl Toulouse
E0000001912,UNITECOFBELFORTMONTBELIARD,SCHL,Uni Tec of Belfort-Montbeliard
E0000001913,NATIONALSCHOOLINAERONAUTICS,SCHL,National School in Aeronautics
E0000001914,ECOLEDINGENIEURS,SCHL,Ecole d'Ingenieurs
E0000001915,UNIOFPIERREANDMARIECURIE,SCHL,Uni of Pierre and Marie Curie
E0000001916,INSTSUPDELECTRONIQDEPARIS,SCHL,Inst Sup D'Electroniq De Paris
E0000001917,ECOLENATSUPDEMECDAERO,SCHL,Ecole Nat Sup de Mec D'Aero
E0000001918,HUMBOLDTUNIVERSITYOFBERLIN,SCHL,Humboldt University of Berlin
E0000001919,UNIVERSITYOFGREIFSWALD,SCHL,University of Greifswald
E0000001920,TECHNICALUNIVERSITYOFBERLIN,SCHL,Technical University of Berlin
E0000001921,UNIVERSITYOFTUEBINGEN,SCHL,University of Tuebingen
E0000001922,GOTTINGENUNIVERSITY,SCHL,Gottingen University
E0000001923,UNIVERSITYOFWISCONSINSTOUT,SCHL,University of Wisconsin-Stout
E0000001924,UNIVERSITYOFHAWAII,SCHL,University of Hawaii
E0000001925,HONGKONGPOLYTECHNIC,SCHL,Hong Kong Polytechnic
E0000001926,HINDUCOLLEGEUNIOFDELHI,SCHL,"Hindu College, Uni of Delhi"
E0000001927,POLITECNICODITORINO,SCHL,Politecnico di Torino
E0000001928,UNIDEGLISTUDIDIGENOVA,SCHL,Uni degli Studi di Genova
E0000001929,UNIVERSITYOFLATVIA,SCHL,University of Latvia
E0000001930,AGHUNIOFSCIENCETECH,SCHL,AGH Uni of Science & Tech
E0000001931,ALEXICUNIVERSITYOFIASI,SCHL,Alex IC University of Iasi
E0000001932,BABESBOLYAIUNIVERSITY,SCHL,Babes-Bolyai University
E0000001933,STPETERSBURGSTATEPOLYUNI,SCHL,St Petersburg State Poly Uni
E0000001934,STPETERSBURGSTATETECHUNI,SCHL,St Petersburg State Tech Uni
E0000001935,UNIVERSITYOFKWAZULUNATAL,SCHL,University of KwaZulu-Natal
E0000001936,RHODESUNIVERSITY,SCHL,Rhodes University
E0000001938,AUTONOMOUSUNIOFMADRID,SCHL,Autonomous Uni of Madrid
E0000001939,UNIPOLITECNICADEVALENCIA,SCHL,Uni Politecnica de Valencia
E0000001940,COMILLASPONTIFICALUNIVERSITY,SCHL,Comillas Pontifical University
E0000001942,UNIVERSITYOFBRUSSELS,SCHL,University of Brussels
E0000001943,VRIJEUNIVERSITEITBRUSSELS,SCHL,Vrije Universiteit Brussels
E0000001944,OSGOODEHALLLAWSCHOOL,SCHL,Osgoode Hall Law School
E0000001945,BANGLADESHINSTTECHCHITTAGON,SCHL,"Bangladesh Inst Tech,Chittagon"
E0000001946,AHSANULLAHUNIOFSCITECH,SCHL,Ahsanullah Uni of Sci & Tech
E0000001947,ISLAMICUNIOFTECHDHAKA,SCHL,"Islamic Uni of Tech, Dhaka"
E0000001948,UNIOFMEDICINE2YANGON,SCHL,"Uni of Medicine-2, Yangon"
E0000001949,WILFRIDLAURIERUNIVERSITY,SCHL,Wilfrid Laurier University
E0000001950,UNIDUQUEBECAMONTREAL,SCHL,Uni du Quebec a Montreal
E0000001951,UNIOFAPPSCINWSWITZERLAND,SCHL,"Uni of App Sci, NW Switzerland"
E0000001952,INTERNATIONALUNIINGENEVA,SCHL,International Uni in Geneva
E0000001953,PONTLCATHOLICUNIVALPARAISO,SCHL,Pont'l Catholic Uni Valparaiso
E0000001954,JIANGXIMEDICALCOLLGNANCHANG,SCHL,Jiangxi Medical Collg Nanchang
E0000001955,SHANGHAIUNIOFELECTRICPOWER,SCHL,Shanghai Uni of Electric Power
E0000001956,JIANGSURADIOTVUNIVERSITY,SCHL,Jiangsu Radio & TV University
E0000001957,XIANGTANUNIVERSITY,SCHL,Xiangtan University
E0000001958,SHENYANGJIANZHUUNIVERSITY,SCHL,Shenyang Jianzhu University
E0000001959,BEIJINGUNIONUNIVERSITY,SCHL,Beijing Union University
E0000001960,SHANGHAIINSTTECPHYACADSCI,SCHL,Shanghai Inst Tec Phy Acad Sci
E0000001961,BEIJINGUNIOFTRADLCHINMED,SCHL,Beijing Uni of Trad'l Chin Med
E0000001962,HUNANAGRICULTURALUNIVERSITY,SCHL,Hunan Agricultural University
E0000001963,FUJIANAGRIFORESTRYUNI,SCHL,Fujian Agri & Forestry Uni
E0000001964,FUSHUNPETROLEUMINSTITUTE,SCHL,Fushun Petroleum Institute
E0000001965,GUANGZHOUUNITRADLCHINMED,SCHL,Guangzhou Uni Trad'l Chin Med
E0000001966,HENANCOLLGOFTRADLCHINMED,SCHL,Henan Collg of Trad'l Chin Med
E0000001967,INNERMONGOLIAMEDICALCOLLEGE,SCHL,Inner Mongolia Medical College
E0000001968,CHINAUNIVERSITYOFPETROLEUM,SCHL,China University of Petroleum
E0000001969,JIANGNANUNIVERSITY,SCHL,Jiangnan University
E0000001970,GUANGXIMEDICALUNIVERSITY,SCHL,Guangxi Medical University
E0000001971,TIANJININSTOFURBANCONSTN,SCHL,Tianjin Inst of Urban Constn
E0000001972,SHANDONGINSTOFBLGMATLIND,SCHL,Shandong Inst of Blg Mat'l Ind
E0000001973,ANQINGTEACHERSCOLLEGEANHUI,SCHL,"Anqing Teachers College, Anhui"
E0000001974,HAINANUNIVERSITY,SCHL,Hainan University
E0000001975,ANHUIINSTOFMECHELEENG,SCHL,Anhui Inst of Mech & Ele Eng
E0000001976,YANGENUNIVERSITY,SCHL,Yang-En University
E0000001977,WUHANINSTOFSCITECHNOLOGY,SCHL,Wuhan Inst of Sci & Technology
E0000001978,LIAONINGUNIPEUMCHETECH,SCHL,Liaoning Uni Pe'um & Che Tech
E0000001979,BEIJINGTECHBUSINESSUNI,SCHL,Beijing Tech & Business Uni
E0000001980,SHANDONGUNIOFSCIENCETECH,SCHL,Shandong Uni of Science & Tech
E0000001981,SOUTHCHINATROPICAGRIUNI,SCHL,South China Tropic Agri Uni
E0000001982,ZHEJIANGGONSHANGUNIVERSITY,SCHL,Zhejiang Gonshang University
E0000001983,WUHANNAVALENGINEERINGINST,SCHL,Wuhan Naval Engineering Inst
E0000001984,CHANGSHUINSTOFTECHNOLOGY,SCHL,Changshu Inst of Technology
E0000001985,SHAANXIUNIOFSCIANDTECH,SCHL,Shaanxi Uni of Sci and Tech
E0000001986,HEBEIPOLYTECHNICUNIVERSITY,SCHL,Hebei Polytechnic University
E0000001987,CHONGQINGINSTOFTECHNOLOGY,SCHL,Chongqing Inst of Technology
E0000001988,SOUTHWESTUNIVERSITY,SCHL,Southwest University
E0000001989,XIHUAUNIVERSITY,SCHL,Xihua University
E0000001990,HANGZHOUNURSINGSCHOOL,SCHL,Hangzhou Nursing School
E0000001991,CHENGDUUNIOFTECHNOLOGY,SCHL,Chengdu Uni of Technology
E0000001992,SCENTRLUNIFORNATIONALITIES,SCHL,S-Centrl Uni for Nationalities
E0000001993,CHINAJILIANGUNIVERSITY,SCHL,China Jiliang University
E0000001994,CHONGQINGTECHNOLOGYBIZUNI,SCHL,Chongqing Technology & Biz Uni
E0000001995,ZHEJIANGAFUNIVERSITY,SCHL,Zhejiang A & F University
E0000001996,LUDONGUNIVERSITY,SCHL,Ludong University
E0000001997,UNIVERSITYOFHAVANACUBA,SCHL,"University of Havana, Cuba"
E0000001998,UNIOFCOMMERCEINPRAGUE,SCHL,Uni of Commerce in Prague
E0000001999,NURTINGENGEISLINGENUNI,SCHL,Nurtingen-Geislingen Uni
E0000002000,THEAMERICANUNIINCAIRO,SCHL,The American Uni in Cairo
E0000002001,UNIVERSITYOFBORDEAUX,SCHL,University of Bordeaux
E0000002002,LONDONCHAMBEROFCOMMCEIND,SCHL,London Chamber of Commce & Ind
E0000002003,NATIONALCOMPUTERCENTREUK,SCHL,National Computer Centre UK
E0000002004,UNIVERSITYOFSTIRLING,SCHL,University of Stirling
E0000002005,THEASSOCCHARTDCERACCUK,SCHL,"The Assoc Chart'd Cer Acc, UK"
E0000002006,KINGSTONUNIVERSITY,SCHL,Kingston University
E0000002007,UNICATOLICADEHONDURAS,SCHL,Uni Catolica De Honduras
E0000002008,EOTVOSLORANDUNIVERSITY,SCHL,Eotvos Lorand University
E0000002009,KODOLANYIJANAOSUNICOLLEGE,SCHL,Kodolanyi Janaos Uni College
E0000002010,ANDALASUNIVERSITYINDONESIA,SCHL,"Andalas University, Indonesia"
E0000002011,UNIVERSITYOFJEMBER,SCHL,University of Jember
E0000002012,TAMILNADUVETRYANIMALSCI,SCHL,Tamil Nadu Vet'ry & Animal Sci
E0000002013,MADRASCHRISTIANCOLLEGE,SCHL,Madras Christian College
E0000002014,MAHARSHIDAYANANDUNIVERSITY,SCHL,Maharshi Dayanand University
E0000002015,TEZPURUNIVERSITY,SCHL,Tezpur University
E0000002016,MUDRAINSTOFCOMMUNICATIONS,SCHL,Mudra Inst of Communications
E0000002017,SASTRAUNIVERSITY,SCHL,SASTRA University
E0000002018,BIRLAINSTOFTECHMESRA,SCHL,Birla Inst of Tech (MESRA)
E0000002019,SRVALHAINATLINSTTECHS,SCHL,"S'r Val'hai Nat'l Inst Tech, S"
E0000002020,SRMUNIVERSITY,SCHL,SRM University
E0000002021,ALZAHRAUNIVERSITY,SCHL,Alzahra University
E0000002022,SHIRAZUNIOFTECHNOLOGY,SCHL,Shiraz Uni of Technology
E0000002023,PETROLEUMUNIOFTECHNOLOGY,SCHL,Petroleum Uni of Technology
E0000002024,BIRJANDUNIVERSITY,SCHL,Birjand University
E0000002025,UNIVERSITYOFBOLOGNA,SCHL,University of Bologna
E0000002026,HOSEIUNIVERSITY,SCHL,Hosei University
E0000002027,KYUNGPOOKNATIONALUNIVERSITY,SCHL,Kyungpook National University
E0000002028,KOOKMINUNIVERSITY,SCHL,Kookmin University
E0000002029,KOREANATIONALUNIOFARTS,SCHL,Korea National Uni of Arts
E0000002030,KYUNGWONUNIVERSITY,SCHL,Kyungwon University
E0000002031,FEDERALUNIOFTECHMINNA,SCHL,"Federal Uni of Tech, Minna"
E0000002032,WAGENINGENUNIVERSITY,SCHL,Wageningen University
E0000002033,BPKOIRALAINSTHEALTHSCI,SCHL,B.P. Koirala Inst Health Sci
E0000002034,LINCOLNUNIVERSITYNZ,SCHL,"Lincoln University, NZ"
E0000002035,ADAMSONUNIVERSITY,SCHL,Adamson University
E0000002036,BULACANSTATEUNIVERSITY,SCHL,Bulacan State University
E0000002037,UNIVERSITYOFTHECORDILLERAS,SCHL,University of the Cordilleras
E0000002038,SIRSYEDUNIOFENGTECH,SCHL,Sir Syed Uni of Eng & Tech
E0000002039,BAHRIAUNIVERSITY,SCHL,Bahria University
E0000002040,UNIVERSITYOFWARSAW,SCHL,University of Warsaw
E0000002041,ACADEMYOFMEDICINE,SCHL,Academy of Medicine
E0000002042,SEAMEOREGIONALENGLANGCENTR,SCHL,Seameo Regional Eng Lang Centr
E0000002043,THEINSTOFBANKINGFINANCE,SCHL,The Inst of Banking & Finance
E0000002045,INFCOMMINSTOFSINGAPORE,SCHL,Inf Comm Inst of Singapore
E0000002046,MARKETINGINSTOFSINGAPORE,SCHL,Marketing Inst of Singapore
E0000002047,MGTDEVTINSTITUTEOFSMDIS,SCHL,Mgt Devt Institute of S (MDIS)
E0000002048,INFORMATICSACADEMY,SCHL,Informatics Academy
E0000002049,NATIONALINSTOFEDUCATION,SCHL,National Inst of Education
E0000002050,SINGAPOREBIBLECOLLEGE,SCHL,Singapore Bible College
E0000002051,INSTOFPUBRELATIONSOFSPORE,SCHL,Inst of Pub Relations of Spore
E0000002052,PSBINSTFORPRODUCTIVITYTRNG,SCHL,PSB Inst for Productivity Trng
E0000002053,SPOREHUMANRESOURCESINST,SCHL,Spore Human Resources Inst
E0000002054,SPOREHOTELASSOCTRNGEDUCTR,SCHL,Spore Hotel Assoc Trng Edu Ctr
E0000002055,LEECOMMUNITYCOLLEGE,SCHL,Lee Community College
E0000002056,STANFORDCOLLEGE,SCHL,Stanford College
E0000002057,EASTASIASCHOOLOFTHEOLOGY,SCHL,East Asia School of Theology
E0000002058,COUNSELLINGCARECTRSPORE,SCHL,"Counselling & Care Ctr, Spore"
E0000002059,ACADEMYOFHUMANDEVTSPORE,SCHL,"Academy of Human Devt, Spore"
E0000002060,EXECOUNSELGTRNGACADEMY,SCHL,Exe Counselg & Trng Academy
E0000002061,MOSCOWINSTOFPHYSICSTECH,SCHL,Moscow Inst of Physics & Tech
E0000002062,FINACADGOVTOFRUSSIANFEDN,SCHL,Fin Acad Govt of Russian Fedn
E0000002063,MIDDLEEASTTECHNICALUNI,SCHL,Middle East Technical Uni
E0000002064,BILKENTUNIVERSITY,SCHL,Bilkent University
E0000002065,CHUNGYUANCHRISTIANUNIVERSITY,SCHL,Chungyuan Christian University
E0000002066,INDIANAUNIVERSITY,SCHL,Indiana University
E0000002067,UNIVERSITYOFTENNESSEE,SCHL,University of Tennessee
E0000002068,UNIVERSITYOFTULSA,SCHL,University of Tulsa
E0000002069,VASSARCOLLEGE,SCHL,Vassar College
E0000002070,WELLESLEYCOLLEGE,SCHL,Wellesley College
E0000002071,WINONASTATEUNIVERSITY,SCHL,Winona State University
E0000002072,CLEMSONUNIVERSITY,SCHL,Clemson University
E0000002073,ASSOCINVMTMGTRSHVIRGINIA,SCHL,Assoc Invmt Mgt & Rsh Virginia
E0000002074,LIBERTYUNIVERSITY,SCHL,Liberty University
E0000002075,HUNTERCOLLEGEOFCITYUNINY,SCHL,"Hunter College of City Uni, NY"
E0000002076,CALVINCOLLEGE,SCHL,Calvin College
E0000002077,HANOINATIONALUNIOFEDU,SCHL,Hanoi National Uni of Edu
E0000002078,SAUDIARABIACULTURALOFFICE,SFTP,Saudi Arabia Cultural Office
E0000002079,SEMBCORPINDUSTRIESLTDSUT,SFTP,SembCorp Industries Ltd - SUT
E0000002080,SEMBCORPENVIRONMGTPTELTD,SFTP,SembCorp Environ Mgt Pte Ltd
E0000002081,JURONGSHIPYARDPTELTD,SFTP,Jurong Shipyard Pte Ltd
E0000002082,SEMBCORPINDUSTRIESLTD,SFTP,SembCorp Industries Ltd
E0000002083,SEATRIUMNEWENERGYLIMITED,SFTP,Seatrium New Energy Limited
E0000002084,SEATRIUMOGAMERICASLTD,SFTP,SEATRIUM O&G (AMERICAS) LTD
E0000002085,KEPPELLANDINTERNATIONALLTD,SFTP,Keppel Land International Ltd
E0000002086,SEMBCORPMARINELTD,SFTP,Sembcorp Marine Ltd
E0000002087,SIACARGOPTELTD,SFTP,SIA Cargo Pte Ltd
E0000002088,KEPPELSINGMARINEPTDLTD,SFTP,Keppel Singmarine Ptd Ltd
E0000002089,MSEENV1,SFTP,MSE (ENV01)
E0000002090,JUDICIARYSTATECOURTS,SFTP,"Judiciary, State Courts"
E0000002091,FUGROSUBSEATECNOLOGPTELTD,SFTP,Fugro Subsea Tecnolog Pte Ltd
E0000002092,CVLAVTNAUTHOFSGCAA24,SFTP,Cvl Avtn Auth of Sg (CAA24)
E0000002093,TEMASEKLIFESCIENCESLABLTD,SFTP,Temasek Life Sciences Lab Ltd
E0000002094,ASTAR,SFTP,A*STAR
E0000002095,CLEANENERGYPROGRAMMEOFFICE,SFTP,Clean Energy Programme Office
E0000002096,MTIMTI1,SFTP,MTI (MTI01)
E0000002097,COMPETITIONCOMMISSIONOFSG,SFTP,Competition Commission of SG
E0000002098,ACCOLLGOFENGTECH,SCHL,AC Collg Of Eng & Tech
E0000002099,ABSOLUTEKINETICSCONSULTANCY,SCHL,Absolute Kinetics Consultancy
E0000002100,ADESHINSTOFTECHPUNJAB,SCHL,"Adesh Inst Of Tech, Punjab"
E0000002101,AMRITAINSTOFTECHSCIENCE,SCHL,Amrita Inst Of Tech & Science
E0000002102,AMRITASCHOOLOFENGINEERING,SCHL,Amrita School Of Engineering
E0000002103,ANANTHMEMLMATRHRSECTNADU,SCHL,Ananth Meml Matr Hr Sec T.Nadu
E0000002104,APTECHCOMPUTEREDUCATION,SCHL,Aptech Computer Education
E0000002105,APTECHCOMPUTEREDUBANGALORE,SCHL,"Aptech Computer Edu, Bangalore"
E0000002106,BALALOKMATRICHIGHERSECSCH,SCHL,Balalok Matric Higher Sec Sch
E0000002107,BBMBDAVPUBSCTALWARAPUNJAB,SCHL,"BBMB Dav Pub Sc,Talwara,Punjab"
E0000002108,BESANTARUNDALESENIORSECSCH,SCHL,Besant Arundale Senior Sec Sch
E0000002109,BHARATHIMATRICHRSECSCHOOL,SCHL,Bharathi Matric Hr Sec School
E0000002110,BHAVANSRAJAJIVIDYASHRAM,SCHL,Bhavan's Rajaji Vidyashram
E0000002111,BHOPALWALAASSSSRIGANGANAGAR,SCHL,Bhopalwala A SSS Sriganganagar
E0000002112,BDOFINTERMEDIATESECEDU,SCHL,Bd Of Intermediate & Sec Edu
E0000002113,BDOFINTERMEDANDHRAPRADESH,SCHL,Bd Of Intermed-Andhra Pradesh
E0000002114,BOARDOFSECEDUTAMILNADU,SCHL,Board Of Sec Edu Tamil Nadu
E0000002115,BOSTONMATRICHRSECSCH,SCHL,Boston Matric Hr Sec Sch
E0000002116,CDACPUNEINDIA,SCHL,"C-Dac, Pune, India"
E0000002117,CSIEWARTSSCHOOLCHENNAI,SCHL,"C.S.I Ewarts School, Chennai"
E0000002118,CARMELHIGHERSECONDARYSCHOOL,SCHL,Carmel Higher Secondary School
E0000002119,CENTRALBOARDOFSECONDARYEDU,SCHL,Central Board Of Secondary Edu
E0000002120,CHINMAYAVIDYALAYAVADUTHALA,SCHL,"Chinmaya Vidyalaya, Vaduthala"
E0000002121,CHUNGNAMNATIONALUNIVERSITY,SCHL,Chungnam National University
E0000002122,CITRIXSYSTEMS,SCHL,CITRIX Systems
E0000002123,DAVPUBLICSCHOOL,SCHL,D.A.V. Public School
E0000002124,DATAMATICSCORPORATION,SCHL,Datamatics Corporation
E0000002125,DEPTOFTECHNICALEDUCHENNAI,SCHL,"Dept Of Technical Edu, Chennai"
E0000002126,DIRECTORATEGOVTEXAMSTNADU,SCHL,"Directorate Govt Exams, T.Nadu"
E0000002127,DIVISONALPUBLICHIGHSCHOOL,SCHL,Divisonal Public High School
E0000002128,DRAMBEDKARINSTOFTECHBLR,SCHL,"Dr Ambedkar Inst Of Tech, Blr"
E0000002129,DRAKEINTERNATIONALSLTD,SCHL,Drake International (S) Ltd
E0000002130,EASWARIENGCOLAFFANNAUNI,SCHL,Easwari Eng Col (Aff Anna Uni)
E0000002131,EXAMINSTFORINFOSCIEXIN,SCHL,Exam Inst For Info Sci (EXIN)
E0000002132,FEDUNIOFTECHOWERRIFUTO,SCHL,"Fed Uni Of Tech,Owerri(FUTO)"
E0000002133,FOONYEWHIGHSCHOOL,SCHL,Foon Yew High School
E0000002134,GOVTENGCOLLGTRICHURKERALA,SCHL,"Govt Eng Collg, Trichur,Kerala"
E0000002135,GOVTHRSECSCHTAMILNADU,SCHL,"Govt Hr Sec Sch, Tamil Nadu"
E0000002136,HIGHERSECBOARDOFTAMILNADU,SCHL,Higher Sec Board Of Tamil Nadu
E0000002137,HINHUAHIGHSCHOOL,SCHL,Hin Hua High School
E0000002138,IISCESARISCASALPUSTERLENGO,SCHL,IIS Cesaris Casalpusterlengo
E0000002139,IBMEDUCATIONSERVICES,SCHL,IBM Education Services
E0000002140,IDEONICSSYSPLCOCHINKERALA,SCHL,"Ideonics Sys P/L,Cochin,Kerala"
E0000002141,INDIAMYANMARCTRENHCMTITSK,SCHL,India-Myanmar Ctr Enhcmt IT Sk
E0000002142,INDIANINSTINFTECHALLAHABAD,SCHL,"Indian Inst Inf Tech,Allahabad"
E0000002143,INSTOFMANAGEMENTSCIENCES,SCHL,Inst Of Management Sciences
E0000002144,INTLINDIANSCHOOLDAMMAM,SCHL,"Int'l Indian School, Dammam"
E0000002145,INTICOLLEGE,SCHL,INTI College
E0000002146,PSBACADEMY,SCHL,PSB Academy
E0000002147,INFOSYSAUDITCONTROLASSN,SCHL,Info Sys Audit & Control Assn
E0000002148,JGNATIONALHRSECSCHOOL,SCHL,J G National Hr Sec School
E0000002149,JNECAURANGABAD,SCHL,J.N.E.C. Aurangabad
E0000002150,JEPPIAARENGCOLLEGEANNAUNI,SCHL,"Jeppiaar Eng College,Anna Uni"
E0000002151,KANGNUNGWONJUNATUNIVERSITY,SCHL,Kangnung Wonju Nat University
E0000002152,KERALASTATEELECTRICITYBOARD,SCHL,Kerala State Electricity Board
E0000002153,KUOCHUANPRESBYTERIANSECSCH,SCHL,Kuo Chuan Presbyterian Sec Sch
E0000002154,LASPINASCOLLEGE,SCHL,Las Pinas College
E0000002155,LITTLEANGELSHIGHSCHOOL,SCHL,Little Angels High School
E0000002156,LITTLEFLOWERJRCOLLEGE,SCHL,Little Flower Jr College
E0000002157,LITTLEFLOWERSCHJAMSHEDPUR,SCHL,"Little Flower Sch, Jamshedpur"
E0000002158,MAHARASHTRASTATEBDTECHEDN,SCHL,Maharashtra State Bd Tech Edn
E0000002159,MAKTABSULTANABUBAKAR,SCHL,Maktab Sultan Abu Bakar
E0000002160,MALAVIYANATIONALINSTOFTECH,SCHL,Malaviya National Inst Of Tech
E0000002161,MARAJUNIORSCIENCECOLLEGE,SCHL,Mara Junior Science College
E0000002162,MATRICULATIONBOARDTAMILNADU,SCHL,Matriculation Board Tamil Nadu
E0000002163,MENTORTECH,SCHL,Mentortech
E0000002164,MERCURYTECHNOLOGIES,SCHL,Mercury Technologies
E0000002165,MICROCODINGSOLUTIONSPVTLTD,SCHL,Microcoding Solutions Pvt Ltd
E0000002166,MICROSOFTCORPORATION,SCHL,Microsoft Corporation
E0000002167,MODERNSRSECSCHOOLCBSE,SCHL,Modern Sr Sec School(CBSE)
E0000002168,MTZIONMATRHIGHERSECSCH,SCHL,Mt Zion Matr Higher Sec Sch
E0000002169,MUTHIAHALAGAPPAMATRHIGHSEC,SCHL,Muthiah Alagappa Matr High Sec
E0000002170,NARAYANAJUNIORCOLLEGE,SCHL,Narayana Junior College
E0000002171,NASRSCHOOLFORGIRLS,SCHL,NASR School For Girls
E0000002172,NATCTRFORSOFTWARETECHNCST,SCHL,"Nat Ctr For Software Tech,Ncst"
E0000002173,NATCOLLGCOMPSCIPUNJABUNI,SCHL,"Nat Collg Comp Sci,Punjab Uni"
E0000002174,NATINSTOFTECHDURGAPUR,SCHL,"Nat Inst Of Tech, Durgapur"
E0000002175,NCCEDUCATIONSERVICES,SCHL,NCC Education Services
E0000002176,NISARSHAHEEDDEGREECOLLEGE,SCHL,Nisar Shaheed Degree College
E0000002177,NO1BASICEDNHIGHSCHDAGON,SCHL,"No.1 Basic Edn High Sch, Dagon"
E0000002178,NO2BASICEDNHIGHSCHINSEIN,SCHL,"No.2 Basic Edn High Sch,Insein"
E0000002179,NORTHDAKOTASTATEUNIFARGO,SCHL,"North Dakota State Uni, Fargo"
E0000002180,NORTHVIEWSECONDARYSCHOOL,SCHL,North View Secondary School
E0000002181,NORTHWESTAFUNIVERSITY,SCHL,Northwest A & F University
E0000002182,PNDADARSHVIDYALAYAMATHRSS,SCHL,PND Adarsh Vidyalaya Mat Hr SS
E0000002183,PRAGATIJUNIORCOLLEGE,SCHL,Pragati Junior College
E0000002184,PRINCEMATRHIGHERSECSCHOOL,SCHL,Prince Matr Higher Sec School
E0000002185,PROJECTMANAGEMENTINSTITUTE,SCHL,Project Management Institute
E0000002186,PROMETRIC,SCHL,Prometric
E0000002187,PUNJABENGCOLLEGEDEEMEDUNI,SCHL,"Punjab Eng College, Deemed Uni"
E0000002188,QUAIDEAZAMCOLLEGEOFCOMPSCI,SCHL,Quaideazam College Of Comp Sci
E0000002189,QUEENMARYCOLLEGELAHORE,SCHL,Queen Mary College Lahore
E0000002190,RAJAGIRIHSKALAMASSERYKERALA,SCHL,Rajagiri HS Kalamassery Kerala
E0000002191,RAJAMANGALAINSTOFTECHNBKK,SCHL,Rajamangala Inst Of Tech N Bkk
E0000002192,RATNAMJUNIORCOLLEGE,SCHL,Ratnam Junior College
E0000002193,RHYDOTECHCOCHINKERALA,SCHL,"Rhydo Tech Cochin, Kerala"
E0000002194,SKLMENENGAHKBSNROSLIDHORBY,SCHL,Skl Menengah Kbsn Rosli Dhorby
E0000002195,SEKOLAHMNGHKEBANGSAANSONG,SCHL,Sekolah Mngh Kebangsaan Song
E0000002196,SKLMGHKBSNYUHUAKAJANGSGR,SCHL,"Skl Mgh Kbsn Yu Hua,Kajang Sgr"
E0000002197,SPJAINSCHOFGLOBALMGT,SCHL,S P Jain Sch of Global Mgt
E0000002198,SAINIKPURIHIGHSCHOOL,SCHL,Sainikpuri High School
E0000002199,SANTHOMEHGHSECSCHCHENNAI,SCHL,"Santhome Hgh Sec Sch, Chennai"
E0000002200,SARAHTUCKERHSSPALAYAMKOTTAI,SCHL,Sarah Tucker HSS Palayamkottai
E0000002201,SBOAMATRHGRSECSCH,SCHL,Sboa Matr & Hgr Sec Sch
E0000002202,SCHOOLOFCOMPUTERTECHNOLOGY,SCHL,School Of Computer Technology
E0000002203,SHEIKHBAHAEIUNIVERSITY,SCHL,Sheikh Bahaei University
E0000002204,SHENYANGAEROSPACEUNIVERSITY,SCHL,Shenyang Aerospace University
E0000002205,SHRIBSMOOTHAGIRLSSNRSEC,SCHL,Shri BS Mootha Girl's Snr Sec
E0000002206,SINGAPOREQUALITYINSTITUTE,SCHL,Singapore Quality Institute
E0000002207,SIVAJUNIORCOLLEGE,SCHL,Siva Junior College
E0000002208,SKLMNGHKBSNMETHODIST,SCHL,Skl Mngh Kbsn Methodist
E0000002209,SKLMNGHKBSNTIONGHIN,SCHL,Skl Mngh Kbsn Tiong Hin
E0000002210,SRIAHOBILAMATHORIENTALHSS,SCHL,Sri Ahobila Math Oriental Hss
E0000002211,SRIANGALAMMANCOLLENGTECH,SCHL,Sri Angalamman Coll Eng & Tech
E0000002212,SRIBAGAWANMAHAVEERJAINCOLLG,SCHL,Sri Bagawan Mahaveer JainCollg
E0000002213,SRIJAYACHAMARAJENDRAGOVPOLY,SCHL,Sri Jayachamarajendra Gov Poly
E0000002214,SRIKRISHNASAMYMATRHRSEC,SCHL,Sri Krishnasamy Matr Hr Sec
E0000002215,SRISANKARAVIDHYASHRAMMHSS,SCHL,Sri Sankara Vidhyashram M Hss
E0000002216,SRISIVASUBRAMANIAHNADARCOLL,SCHL,Sri Sivasubramaniah Nadar Coll
E0000002217,SRIWIJAYAUNIVERSITY,SCHL,Sriwijaya University
E0000002218,SRVHIGHERSECONDARYSCHOOL,SCHL,SRV Higher Secondary School
E0000002219,STANNESMATRHIGHERSECSCH,SCHL,St Annes Matr Higher Sec Sch
E0000002220,STGABRIELSSECONDARYSCHOOL,SCHL,St Gabriel's Secondary School
E0000002221,STJOSEPHCLUNYHSPONDICHERRY,SCHL,St Joseph Cluny Hs Pondicherry
E0000002222,STJOHNSMATRICULATIONCHENNAI,SCHL,St Johns Matriculation Chennai
E0000002223,STMARYSHIGHERSECCHENNAI,SCHL,St.Mary's Higher Sec Chennai
E0000002224,STPATRICKMATRHIGHERSECSCH,SCHL,St Patrick Matr Higher SecSch
E0000002225,STATEBOARDOTTECHNICALEDU,SCHL,State Board Ot Technical Edu
E0000002226,STMIKLIKMI,SCHL,STMIK LIKMI
E0000002227,SUNCERTIFIEDWEBCOMPNTDEV,SCHL,Sun Certified Web Compnt Dev
E0000002228,SUNEDUCATIONALSERVICES,SCHL,Sun Educational Services
E0000002229,SUNMICROSYSTEMSINC,SCHL,Sun Microsystems Inc
E0000002230,SUNWAYUNICOLLGWMICHIGAN,SCHL,Sunway Uni Collg  W Michigan
E0000002231,TATACONSULTANCYSERVICES,SCHL,Tata Consultancy Services
E0000002232,THEHINDUSENIORSECONDARYSCH,SCHL,The Hindu Senior Secondary Sch
E0000002233,SINGAPORECONTRACTORSASSOC,SCHL,Singapore Contractors Assoc
E0000002234,UMEAUNIVERSITY,SCHL,Umea University
E0000002235,UNIOFMEDICINE1YANGON,SCHL,Uni Of Medicine -1 Yangon
E0000002236,UNIVERSITASUDAYANA,SCHL,Universitas Udayana
E0000002237,UNIVERSITISAINSMALAYSIA,SCHL,Universiti Sains Malaysia
E0000002238,USAMSYSTEMS,SCHL,Usam Systems
E0000002239,VIDYARANYAHSFORBOYSGIRLS,SCHL,Vidyaranya Hs For Boys & Girls
E0000002240,VIVEKANANDAHIGHSCHOOL,SCHL,Vivekananda High School
E0000002241,VIVEKANANDARESIDENTIALSCHOOL,SCHL,Vivekananda Residential School
E0000002242,VMWARE,SCHL,VMware
E0000002243,WIDYAMANDALACATHOLICUNI,SCHL,Widya Mandala Catholic Uni
E0000002244,YANGONUNIOFFOREIGNLANG,SCHL,Yangon Uni Of Foreign Lang
E0000002245,YISHUNTOWNSECONDARYSCHOOL,SCHL,Yishun Town Secondary School
E0000002246,YUHUASECONDARYSCHOOL,SCHL,Yuhua Secondary School
E0000002247,EUROPEANUNISTPETERSBURG,SCHL,European Uni St Petersburg
E0000002248,HUNTERINSTITUTEOFTAFE,SCHL,Hunter Institute of Tafe
E0000002249,AUSTONINSTITUTEOFMANAGEMENT,SCHL,Auston Institute of Management
E0000002250,QINGDAOFEIYANGVOCTECHCOLLG,SCHL,Qingdao Feiyang Voc Tech Collg
E0000002251,ERODEINSTITUTEOFCHEMTECH,SCHL,Erode Institute of Chem Tech
E0000002252,KAMARAJPOLYTECHNIC,SCHL,Kamaraj Polytechnic
E0000002253,CHANGZHOULIGHTINDUSTRYSCH,SCHL,Changzhou Light Industry Sch
E0000002254,MAMSUBRAMANIAMPOLYTECHNIC,SCHL,MAM Subramaniam Polytechnic
E0000002255,ALAMEENINSTOFTECHNOLOGY,SCHL,Al-Ameen Inst of Technology
E0000002256,HUAFENGMACHINERYELECSCH,SCHL,Huafeng Machinery & Elec Sch
E0000002257,CNPOLYTECHNICCHENNAI,SCHL,C N Polytechnic Chennai
E0000002258,SINGAPORECOMPUTERSOCIETY,SCHL,Singapore Computer Society
E0000002259,UNINATIONALINDONESIA,SCHL,Uni National Indonesia
E0000002260,UNIAIRLANGGAINDONESIA,SCHL,Uni Airlangga Indonesia
E0000002261,BALDWINWALLACECOLLEGE,SCHL,Baldwin-Wallace College
E0000002262,SPRINGSINGAPORE,SFTP,Spring Singapore
E0000002263,MINDEFMODES,SFTP,MINDEF (MODES)
E0000002264,MINDEFMODES,SFTP,MINDEF (MODES)
E0000002265,MINDEFMODES,SFTP,MINDEF (MODES)
E0000002266,MINDEFMODES,SFTP,MINDEF (MODES)
E0000002267,PHILIPPINEBAYANIHANSCTY,SFTP,Philippine Bayanihan Scty
E0000002268,SMJKKATHOLIKHIGHSCHOOL,SCHL,SMJK Katholik High School
E0000002269,HELPUNIVERSITYCOLLEGE,SCHL,HELP University College
E0000002270,TANTOCKSENGHOSPITAL,SFTP,Tan Tock Seng Hospital
E0000002271,MOHHOLDINGSPTELTD,SFTP,MOH Holdings Pte Ltd
E0000002272,INTERNATIONALHIGHSCHOOL,SCHL,International High School
E0000002273,SINGAPOREAEROENGINESERVICES,SFTP,Singapore Aero Engine Services
E0000002274,SGHPTELTDLEARNINGCENTRE,SFTP,SGH Pte Ltd(Learning Centre)
E0000002275,UNIVERSITYOFJYVASKYLA,SCHL,University of Jyvaskyla
E0000002276,QATARPETROLEUM,SFTP,Qatar Petroleum
E0000002277,NUSAPCTEST,SCHL,NUS APC Test
E0000002278,NUSASTAR,SCHL,NUS-A*STAR
E0000002279,UNIVERSITYOFTROMSO,SCHL,University of Tromso
E0000002280,ADGERUNIVERSITYCOLLEGE,SCHL,Adger University College
E0000002281,ACCOUSTICALSOCIETYOFAMERICA,SCHL,Accoustical Society of America
E0000002282,BINORWEGIANSCHLOFMGMT,SCHL,BI Norwegian Schl of Mgmt
E0000002283,TAIBAHUNIVERSITY,SCHL,Taibah University
E0000002284,KINGABDULAZIZUNIVERSITY,SCHL,King Abdulaziz University
E0000002285,KINGFAISALUNIVERSITY,SCHL,King Faisal University
E0000002286,YANBUINDUSTRIALCOLLEGE,SCHL,Yanbu Industrial College
E0000002287,UMMALQURAUNIVERSITY,SCHL,Umm Al-Qura University
E0000002288,TAIFUNIVERSITY,SCHL,Taif University
E0000002289,UNIVERSITYOFTABUK,SCHL,University of Tabuk
E0000002290,KINGKHALIDUNIVERSITY,SCHL,King Khalid University
E0000002291,UNIVERSITYOFHAIL,SCHL,University of Hail
E0000002292,JAZANUNIVERSITY,SCHL,Jazan University
E0000002293,ALJOUFUNIVERSITY,SCHL,Al Jouf University
E0000002294,QASSIMUNIVERSITY,SCHL,Qassim University
E0000002295,HERTIESCHOOLOFGOVERNANCE,SCHL,Hertie School of Governance
E0000002296,PEABODYCONSERVATORYOFMUSIC,SCHL,Peabody Conservatory of Music
E0000002297,UNIOFMEDAIXMARSEILLEII,SCHL,Uni of Med Aix-Marseille II
E0000002298,THEWASHINGTONCTRFORIAS,SCHL,The Washington Ctr for IAS
E0000002299,SRINIVASAPOLYTECHNIC,SCHL,Srinivasa Polytechnic
E0000002300,CIVILAVIATIONUNIOFCHINA,SCHL,Civil Aviation Uni of China
E0000002301,GUANGZHOUCIVILAVIATIONCOLLG,SCHL,Guangzhou Civil Aviation Collg
E0000002302,MOEHRMAURITIUS,SFTP,"MOE & HR, Mauritius"
E0000002303,GOVERNMENTPOLYTECHNIC,SCHL,Government Polytechnic
E0000002304,KEPPELSEGHERSENGINEERINGSIN,SFTP,Keppel Seghers Engineering Sin
E0000002305,MINISTRYOFEDUCATIONMALAYSIA,SFTP,Ministry of Education Malaysia
E0000002306,SSCSSC1,SFTP,SSC (SSC01)
E0000002307,NATTAIPEICOLLEGEOFNUR,SCHL,Nat Taipei College of Nur
E0000002308,HAUTEECOLECANTONALEVAUDOISE,SCHL,Haute Ecole Cantonale Vaudoise
E0000002309,HAUTEECOLEDELASANTELASOU,SCHL,Haute Ecole de la Sante La Sou
E0000002310,STENGINEERINGMARINELTD,SFTP,ST Engineering Marine Ltd
E0000002311,CLEVELANDCLINIC,SCHL,Cleveland Clinic
E0000002312,AGENCYFORINTEGRATEDCARE,SFTP,AGENCY FOR INTEGRATED CARE
E0000002313,SINGAPORETELECOMMLTD,SFTP,Singapore Telecomm Ltd
E0000002314,MINISTRYOFEDUCATIONMOE23,SFTP,Ministry of Education (MOE23)
E0000002315,CIVILSERVICECOLLEGECSC,SFTP,Civil Service College (CSC)
E0000002316,MINDEFMODES,SFTP,MINDEF (MODES)
E0000002317,SINGAPOREPOLICEFORCE,SFTP,Singapore Police Force
E0000002318,UNIVERSITYOFTEXASATDALLAS,SCHL,University of Texas at Dallas
E0000002319,ISTANBULTECHNICALUNITURKEY,SCHL,"Istanbul Technical Uni, Turkey"
E0000002320,NHGPHARMACY,SFTP,NHG Pharmacy
E0000002321,TEMASEKFOUNDATIONNURTURESCLG,SFTP,Temasek Foundation NurturesCLG
E0000002322,KDISCHOFPUBLICPOLICYMGM,SCHL,KDI Sch of Public Policy & Mgm
E0000002323,KINGSAUDUNIVERSITY,SCHL,King Saud University
E0000002324,UNIVERSITYOFNEVADA,SCHL,University of Nevada
E0000002325,CALIFORNIAPOLYSTATEUNISLO,SCHL,"California Poly State Uni, SLO"
E0000002326,CTRFORNUCLEARSTUDIESISLAMB,SCHL,"Ctr for Nuclear Studies,Islamb"
E0000002327,UNIOFCALIFORNIAMERCED,SCHL,"Uni of California, Merced"
E0000002328,INSTCENTRODEINVESTIGACION,SCHL,Inst Centro de Investigacion
E0000002329,UNIOFBASQUECOUNTRYBILBAO,SCHL,"Uni of Basque Country, Bilbao"
E0000002331,INDIANINSTOFMGMTCALCUTTA,SCHL,"Indian Inst of Mgmt, Calcutta"
E0000002333,TELAVIVUNIVERSITY,SCHL,Tel Aviv University
E0000002334,AALTOUNISCHOFECONOMICS,SCHL,Aalto Uni Sch of Economics
E0000002335,UNICATHOLIQUEDELOUVAIN,SCHL,Uni Catholique de Louvain
E0000002336,TECHNICALUNIVERSITYOFGRAZ,SCHL,Technical University of Graz
E0000002337,HAUTESETUDESCOMCHECPARIS,SCHL,Hautes Etudes Comc (HEC) Paris
E0000002338,PRAGUEUNIOFECONBIZ,SCHL,Prague Uni of Econ & Biz
E0000002339,UNIVERSITYOFPRETORIA,SCHL,University of Pretoria
E0000002340,INSTTECHAUTONOMODEMEXICO,SCHL,Inst Tech Autonomo de Mexico
E0000002341,SATHYABAMAUNIVERSITY,SCHL,Sathyabama University
E0000002342,INSTOFBUSINESSADMINKARACHI,SCHL,Inst of Business Admin Karachi
E0000002343,CATHOLICUNIOFPORTUGAL,SCHL,Catholic Uni of Portugal
E0000002344,LESATELIERSECOLENATSCI,SCHL,Les Ateliers Ecole Nat S C I
E0000002345,UNIVERSITYOFPASSAU,SCHL,University of Passau
E0000002346,HMSPOLYTECHNICTUMKUR,SCHL,H M S POLYTECHNIC TUMKUR
E0000002347,MOTHILALNEHRUGOVTPOLYCOL,SCHL,Mothilal Nehru Govt Poly Col
E0000002348,SEETHAIAMMALPOLYTECHNIC,SCHL,Seethaiammal Polytechnic
E0000002349,SRINALLALAGHUPOLYTECHNIC,SCHL,Sri Nallalaghu Polytechnic
E0000002350,XIANSHIYOUUNIVERSITY,SCHL,Xian Shiyou University
E0000002351,QINGDAOTECHNICALCOLLEGE,SCHL,Qingdao Technical College
E0000002352,UNIVERSITYOFSUNDERLAND,SCHL,UNIVERSITY OF SUNDERLAND
E0000002353,GOVTTECHNICALINSTTOUNGOO,SCHL,"Govt Technical Inst, Toungoo"
E0000002354,IPACADEMY,SFTP,IP Academy
E0000002355,ALEXANDRAHOSPITAL,SFTP,Alexandra Hospital
E0000002356,RICHARDIVEYSCHOFBUSINESS,SCHL,Richard Ivey Sch of Business
E0000002357,MSFMCD6,SFTP,MSF (MCD06)
E0000002358,HIGHEREDNCOMMISSIONOFPAKIS,SCHL,Higher Edn Commission of Pakis
E0000002359,UNIVERSITAETAUGSBURG,SCHL,Universitaet Augsburg
E0000002360,INSTITUTOPROFESIONALDUOCUC,SCHL,Instituto Profesional Duoc UC
E0000002361,UNIVERSITAETBREMEN,SCHL,Universitaet Bremen
E0000002362,AMITYUNIVERSITY,SCHL,Amity University
E0000002363,FRIEDRICHSCHILLERUNIOFJENA,SCHL,Friedrich Schiller Uni of Jena
E0000002364,OSTFALIAUNIOFAPPLSCIENCES,SCHL,Ostfalia Uni of Appl Sciences
E0000002365,ROVANIEMIUNIOFAPPLIEDSCI,SCHL,Rovaniemi Uni of Applied Sci
E0000002366,UNIVERSITYOFLAPLAND,SCHL,University of Lapland
E0000002367,NORWEGIANUNIOFLIFESCIENCES,SCHL,Norwegian Uni of Life Sciences
E0000002368,BUSKERUDUNIVERSITYCOLLEGE,SCHL,Buskerud University College
E0000002369,OSLOSCHOOLOFMANAGEMENT,SCHL,Oslo School of Management
E0000002370,UNIVERSITYOFOSLO,SCHL,University of Oslo
E0000002371,SANTAFEINSTITUTE,SCHL,Santa Fe Institute
E0000002372,MUNICHUNIOFAPPLIEDSCIENCES,SCHL,Munich Uni of Applied Sciences
E0000002373,UNIVERSITYATALBANYSUNY,SCHL,"University at Albany, SUNY"
E0000002374,UNIOFNEWYORKINPRAGUE,SCHL,Uni of New York in Prague
E0000002375,UNIVERSITYOFROCHESTER,SCHL,University of Rochester
E0000002376,UNIVERSITYOFNAVARRA,SCHL,University of Navarra
E0000002377,UNIOFMASSACHUSETTSDARTMOUTH,SCHL,Uni of Massachusetts Dartmouth
E0000002378,UNIVERSITYOFCOSTARICA,SCHL,University of Costa Rica
E0000002379,PONTIFICIAUNICATSAOPAULO,SCHL,"Pontificia Uni Cat, Sao Paulo"
E0000002380,HTWBERLINUNIOFAPPLIEDSCI,SCHL,HTW Berlin Uni of Applied Sci
E0000002381,UNIVERSITYOFDELAWARE,SCHL,University of Delaware
E0000002382,CARLVONOSSIETZKYUNIVERSITAE,SCHL,Carl von Ossietzky Universitae
E0000002383,TECHNICALUNIVERSITYOFDORTMU,SCHL,Technical University of Dortmu
E0000002384,BONNRHEINSIEGUNIOFAPPLSCI,SCHL,Bonn-Rhein-Sieg Uni of ApplSci
E0000002385,UNIOFAPPLSCIBFIVIENNA,SCHL,Uni of Appl Sci BFI Vienna
E0000002386,UNIVERSITYOFSZEGED,SCHL,University of Szeged
E0000002387,SENTOSADEVELOPMENTCORP,SFTP,Sentosa Development Corp
E0000002388,GUANGDONGUNIOFTECHNOLOGY,SCHL,Guangdong Uni of Technology
E0000002389,STSEENGINEERINGSERVICESPL,SFTP,STSE Engineering Services P/L
E0000002390,AMERICANUNIVERSITYINCAIRO,SCHL,American University in Cairo
E0000002391,HAUTEECOLEDEMUSIQUEDELAUS,SCHL,Haute Ecole de Musique de Laus
E0000002392,ROYALUNIOFLAWANDECONOMICS,SCHL,Royal Uni of Law and Economics
E0000002393,SORTRONDELAGUNICOLLEGE,SCHL,Sor-Trondelag Uni College
E0000002394,MHAMHA1,SFTP,MHA (MHA01)
E0000002395,ERPERUMALMANIMEKALAIPOLYCO,SCHL,Er Perumal Manimekalai Poly Co
E0000002396,INSTOFSHIPBUILDINGTECHNGY,SCHL,Inst of Shipbuilding Techngy
E0000002397,LIVERPOOLJOHNMOORESUNI,SCHL,Liverpool John Moores Uni
E0000002398,POLYTECHNICOFKUCHINGSARAWAK,SCHL,Polytechnic of Kuching Sarawak
E0000002399,YANTAITEACHERSCOLLEGE,SCHL,Yantai Teachers College
E0000002400,ATTORNEYGENERALSCHAMBERS,SFTP,Attorney-General's Chambers
E0000002401,ADVANCEDDIGITALSCIENCESCTR,SCHL,Advanced Digital Sciences Ctr
E0000002402,INDASSOCFORCULTIVATIONSCI,SCHL,Ind Assoc for Cultivation Sci
E0000002403,TATAINSTOFFUNDAMENTALRES,SCHL,Tata Inst of Fundamental Res
E0000002404,IISERKOLKATA,SCHL,IISER - Kolkata
E0000002405,IISERPUNE,SCHL,IISER - Pune
E0000002406,INDINSTOFSCIEDRESMOHALI,SCHL,Ind Inst of Sci Ed&Res Mohali
E0000002407,VISVABHARATIUNIVERSITY,SCHL,Visva Bharati University
E0000002408,SAURASHTRAUNIVERSITY,SCHL,Saurashtra University
E0000002409,PUNJABIUNIVERSITYPATIALA,SCHL,"Punjabi University, Patiala"
E0000002410,WESTBENGALSTATEUNIVERSITY,SCHL,West Bengal State University
E0000002411,SAGARUNIVERSITY,SCHL,Sagar University
E0000002412,BOMBAYCOLLEGEOFPHARMACY,SCHL,Bombay College of Pharmacy
E0000002413,MANIPALUNIVERSITY,SCHL,Manipal University
E0000002414,DELHIINSTOFPHARSCIRES,SCHL,Delhi Inst of Phar Sci & Res
E0000002415,TIANJINUNIOFSCITECH,SCHL,Tianjin Uni of Sci & Tech
E0000002416,SCIENCESPOPARIS,SCHL,Sciences Po Paris
E0000002417,SHANGHAIOCEANUNIVERSITY,SCHL,Shanghai Ocean University
E0000002418,ADVANCEDMATERIALENGRGPL,SFTP,Advanced Material Engrg P/L
E0000002419,AALTOUNISCHOFSCITECH,SCHL,Aalto Uni Sch of Sci & Tech
E0000002420,NGTENGFONGGENERALHOSPITAL,SFTP,Ng Teng Fong General Hospital
E0000002421,AGRIFOODVETERINARYAUTHORI,SFTP,Agri-Food & Veterinary Authori
E0000002422,COLORADOSCHOOLOFMINES,SCHL,Colorado School of Mines
E0000002423,ETHSINGAPORESECLTD,SFTP,ETH Singapore SEC Ltd
E0000002424,VIETNAMINTEDUDEVMOETRGVN,SFTP,Vietnam Int Edu Dev-MOE&Trg VN
E0000002425,TATAINSTITUTEOFSOCIALSCI,SCHL,Tata Institute of Social Sci
E0000002426,SOUTHWESTUNIVERSITYCHINA,SCHL,Southwest University (China)
E0000002427,CHRISTUNIVERSITYBANGALORE,SCHL,"Christ University, Bangalore"
E0000002428,COLOFSOCWKNIRMALANIKETAN,SCHL,Col of Soc Wk Nirmala Niketan
E0000002429,MADRASSCHOOLOFSOCIALWORK,SCHL,Madras School of Social Work
E0000002430,APC,SCHL,APC
E0000002431,PUBLICUTILITIESBOARDPUB3,SFTP,Public Utilities Board (PUB03)
E0000002432,KHULNAUNIOFENGRGTECH,SCHL,Khulna Uni of Engrg & Tech
E0000002433,INSTITUTEUROPEENDEFRANCAIS,SCHL,Institut Europeen de Francais
E0000002434,UNIVERSITYOFMUNSTER,SCHL,University of Münster
E0000002435,MINISTRYOFHEALTHMOH3,SFTP,Ministry of Health (MOH03)
E0000002436,UNIOFCALIFSANFRANCISCO,SCHL,Uni of Calif [San Francisco]
E0000002437,PRATTWHITNEYCANADASEAPL,SFTP,Pratt & Whitney CanadaSEA P.L.
E0000002438,TURBINEOVERHAULSERVICESPL,SFTP,Turbine Overhaul Services P.L.
E0000002440,CHANGIAIRPORTGROUPSPL,SFTP,Changi Airport Group (S) P.L.
E0000002441,KOCUNIVERSITY,SCHL,Koc University
E0000002442,JADEUNIOFAPPLSCIENCESWOE,SCHL,Jade Uni of Appl Sciences WOE
E0000002443,FRANKLINWOLINCOLLEGEOFENG,SCHL,Franklin W Olin College of Eng
E0000002444,LILLYNUSCTEFORCLPHARMPL,SFTP,Lilly-NUS Cte For Cl Pharm P.L
E0000002445,TEMPLEUNIVERSITY,SCHL,Temple University
E0000002446,AIMSTUNIVERSITY,SCHL,AIMST University
E0000002447,LASALLECOLLEGEOFTHEARTS,SCHL,LASALLE College of the Arts
E0000002448,NANYANGACADEMYOFFINEARTS,SCHL,Nanyang Academy of Fine Arts
E0000002449,ROYALACADEMYOFMUSIC,SCHL,Royal Academy of Music
E0000002450,AUSTRIALIANATLACADOFMUSIC,SCHL,Austrialia Nat'l Acad of Music
E0000002451,STOLAFCOLLEGE,SCHL,St. Olaf College
E0000002452,CENTRALNARCOTICSBUREAU,SFTP,Central Narcotics Bureau
E0000002453,WYETHNUTRITIONALSSGPL,SFTP,Wyeth Nutritionals (SG) P. L.
E0000002454,CHINESECULTUREUNIVERSITY,SCHL,Chinese Culture University
E0000002455,UNIVERSITYCOLLEGEDUBLIN,SCHL,University College Dublin
E0000002456,HARVARDSUMMERSCHOOL,SCHL,Harvard Summer School
E0000002457,AGILENTTECHSPORESALESPL,SFTP,Agilent Tech S'pore (Sales) PL
E0000002458,CENTROESCOLARUNIVERSITY,SCHL,Centro Escolar University
E0000002459,CVLAVTNAUTHOFSGCAA24,SFTP,Cvl Avtn Auth of Sg (CAA24)
E0000002460,MARA,SFTP,MARA
E0000002461,MINISTRYOFFINANCEMOF1,SFTP,Ministry of Finance (MOF01)
E0000002462,HOUSINGANDDEVTBOARDHDB28,SFTP,Housing and Devt Board (HDB28)
E0000002463,AIRFORCEINSTOFTECHNOLOGY,SCHL,Air Force Inst of Technology
E0000002464,INSTITUTGUSTAVEROUSSY,SCHL,Institut Gustave Roussy
E0000002465,VANANDELRESEARCHINSTITUTE,SCHL,Van Andel Research Institute
E0000002466,LEIDENUNIVERSITY,SCHL,Leiden University
E0000002467,ECOLESUPDECHIMIEPHYELECT,SCHL,Ecole Sup de Chimie Phy Elect
E0000002468,INDIANINSTOFTECHROPAR,SCHL,"Indian Inst of Tech, Ropar"
E0000002469,SEMBAWANGSHIPYARDPTELTD,SFTP,Sembawang Shipyard Pte Ltd
E0000002471,THAPARUNIVERSITY,SCHL,Thapar University
E0000002472,MINISTRYOFFINANCEMOF3,SFTP,Ministry of Finance (MOF03)
E0000002473,BRANDENBURGUNIVERSITYOFTECH,SCHL,Brandenburg University of Tech
E0000002474,CITYGUILDSOFLONDONINSTIT,SCHL,City & Guilds of London Instit
E0000002475,TRINITYINTERNATIONALUNI,SCHL,Trinity International Uni
E0000002476,VALIVALAMDESIKARPOLY,SCHL,Valivalam Desikar Poly
E0000002477,HANZHOUTEACHERSCOLLEGE,SCHL,Hanzhou Teachers College
E0000002478,MOHAMEDSATHAKPOLYTECHNIC,SCHL,Mohamed Sathak Polytechnic
E0000002479,SHANMUGHAPOLYTECHNIC,SCHL,Shanmugha Polytechnic
E0000002480,BCAACADEMY,SCHL,BCA Academy
E0000002481,TRINITYCOLLEGEOFMUSIC,SCHL,Trinity College of Music
E0000002482,IZMIRINSTITUTEOFTECHNOLOGY,SCHL,Izmir Institute of Technology
E0000002483,ENGLISHFOREIGNLANGUAGESU,SCHL,English & Foreign Languages U
E0000002484,SHANGHAIACADEMYOFSOCIALSCI,SCHL,Shanghai Academy of Social Sci
E0000002485,UNIVERSITEDEBOURGOGNE,SCHL,Universite de Bourgogne
E0000002486,UNIVERSITYOFBAMBERG,SCHL,University of Bamberg
E0000002487,AALTOUNIVERSITY,SCHL,Aalto University
E0000002488,CUMMINSASIAPACIFICPTELTD,SFTP,Cummins Asia Pacific Pte Ltd
E0000002489,UNIVERSITASAIRLANGGA,SCHL,Universitas Airlangga
E0000002491,NTUCHEALTHCOOPERATIVELTD,SFTP,NTUC Health Co-operative Ltd
E0000002492,RAFFLESHOSPITAL,SFTP,Raffles Hospital
E0000002493,GJOVIKUNIVERSITYCOLLEGE,SCHL,Gjovik University College
E0000002494,PWCOMPONENTSOLNSPTELTD,SFTP,P&W Component Solns Pte Ltd
E0000002495,CPAKPTELTD,SFTP,C-Pak Pte Ltd
E0000002496,COPENHAGENUNICOLLEGEOFENGR,SCHL,Copenhagen Uni College of Engr
E0000002497,RADBOUDUNIVERSITYNIJMEGEN,SCHL,Radboud University Nijmegen
E0000002498,SMRTCORPORATIONLTD,SFTP,SMRT Corporation Ltd
E0000002499,OLINCOLLEGE,SCHL,Olin College
E0000002500,WITTENHERDECKEUNIVERSITY,SCHL,Witten/Herdecke University
E0000002501,TRINITYCOLLEGEHARTFORD,SCHL,"Trinity College, Hartford"
E0000002502,SPJAININSTOFMGMTRES,SCHL,S.P. Jain Inst of Mgmt & Res
E0000002503,POLYTECHCLERMONTFERRAND,SCHL,Polytech Clermont-Ferrand
E0000002504,HAMPSHIRECOLLEGE,SCHL,Hampshire College
E0000002505,THEUNIVERSITYOFMAINE,SCHL,The University of Maine
E0000002506,MINISTRYOFMANPOWERMOM21,SFTP,Ministry of Manpower (MOM21)
E0000002507,FACHHOCHSCHULEKOBLENZ,SCHL,Fachhochschule Koblenz
E0000002508,ENERGYMARKETAUTHORITY,SFTP,Energy Market Authority
E0000002509,UNIVERSITYOFTEXASARLINGTON,SCHL,"University of Texas, Arlington"
E0000002510,NURTINGENGEISLINGENUNI,SCHL,Nurtingen-Geislingen Uni
E0000002511,WILLIAMSCOLLEGE,SCHL,Williams College
E0000002512,BURAPHAUNIVERSITY,SCHL,Burapha University
E0000002513,WESTERNILLINOISUNIVERSITY,SCHL,Western Illinois University
E0000002514,STONYBROOKUNIVERSITY,SCHL,Stony Brook University
E0000002515,THEUNIVERSITYOFMONTANA,SCHL,The University of Montana
E0000002516,PALACKYUNIVERSITYOFOLOMOUC,SCHL,Palacky University of Olomouc
E0000002517,ESCOLADEADMINISTRACAODEEMP,SCHL,Escola de Administracao de Emp
E0000002518,UNIOFERLANGENNUREMBERG,SCHL,Uni of Erlangen-Nuremberg
E0000002519,ECOLEDESHAUTESETUDESENSCI,SCHL,Ecole des hautes etudes en sci
E0000002520,UNIVERSITYOFBRASILIA,SCHL,University of Brasilia
E0000002521,PRESBYTERIANHIGHSCHOOL,SCHL,Presbyterian High School
E0000002522,UNIOFTHEPHILIPPINESCEBU,SCHL,Uni of the Philippines - Cebu
E0000002523,HANOIUNIOFSCIENCETECH,SCHL,Hanoi Uni of Science & Tech
E0000002524,LEUPHANAUNIOFLUENEBURG,SCHL,Leuphana Uni of Lueneburg
E0000002525,UNIVERSITYOFAGDER,SCHL,University of Agder
E0000002526,UNIVERSITYOFPALERMO,SCHL,University of Palermo
E0000002527,UNIVERSIDADEFEDERALDEMINAS,SCHL,Universidade Federal de Minas
E0000002528,SPORENATLCOOPFEDERATION,SFTP,S'pore Nat'l Co-Op Federation
E0000002529,NATSTEELHOLDINGSPTELTD,SFTP,NatSteel Holdings Pte Ltd
E0000002530,BINGHAMTONUNIVERSITY,SCHL,Binghamton University
E0000002531,THEUNIOFTHESOUTHSEWANEE,SCHL,"The Uni of the South, Sewanee"
E0000002532,STLAWRENCEUNIVERSITY,SCHL,St. Lawrence University
E0000002533,UNIOFDSTEDUCATIONMANDALAY,SCHL,"Uni of Dst Education, Mandalay"
E0000002534,UNIVERSITYOFHUDDERSFIELD,SCHL,University of Huddersfield
E0000002535,HUBEIUNIVERSITYOFTECHNOLOGY,SCHL,HUBEI UNIVERSITY OF TECHNOLOGY
E0000002536,GOVTTECHNICALINSTITUTECHAUK,SCHL,"GOVT TECHNICAL INSTITUTE,CHAUK"
E0000002537,YANTAIVOCATIONALCOLLEGE,SCHL,YANTAI VOCATIONAL COLLEGE
E0000002538,GENTINGMALAYSIABERHAD,SFTP,Genting Malaysia Berhad
E0000002539,MHAMHD1,SFTP,MHA (MHD01)
E0000002540,KIELUNIVOFAPPLIEDSCIENCES,SCHL,Kiel Univ of Applied Sciences
E0000002541,KEPPELOFFSHOREMARINETECH,SFTP,Keppel Offshore & Marine Tech
E0000002542,ESSECBUSINESSSCHOOL,SCHL,ESSEC Business School
E0000002543,RAMONLLULLUNIVERSITY,SCHL,Ramon Llull University
E0000002544,RAFFLESHOSPITALPTELTD,SFTP,Raffles Hospital Pte Ltd
E0000002545,SENTOSADEVELOPMENTCORP,SFTP,Sentosa Development Corp
E0000002546,PUBLICUTILITIESBOARDPUB3,SFTP,Public Utilities Board (PUB03)
E0000002547,STKINETICSINTEGRATEDENGRGPL,SFTP,ST Kinetics Integrated EngrgPL
E0000002548,FRANKFURTSCHOFFINANCEMGMT,SCHL,Frankfurt Sch of Finance &Mgmt
E0000002549,INFINEONTECHNOLOGIESAPPL,SFTP,Infineon Technologies AP P/L
E0000002550,NEANEA3,SFTP,NEA (NEA03)
E0000002551,UNIVERSITYOFLAQUILA,SCHL,University of L'Aquila
E0000002552,CTRFORSTRATEGICINFOCOMMTEC,SFTP,Ctr for Strategic Infocomm Tec
E0000002553,SIAENGINEERINGCOMPANY,SFTP,SIA Engineering Company
E0000002554,NORTHERNILLINOISUNIVERSITY,SCHL,Northern Illinois University
E0000002555,MHAMHD1,SFTP,MHA (MHD01)
E0000002556,BOUSTEADSERVICESPTELTD,SFTP,Boustead Services Pte Ltd
E0000002557,MAJLISUGAMAISLAMMUI1,SFTP,Majlis Ugama Islam (MUI01)
E0000002558,COLORADOCOLLEGE,SCHL,Colorado College
E0000002559,CURTISINSTITUTEOFMUSIC,SCHL,Curtis Institute of Music
E0000002560,MUSASHINOACADEMIAMUSICAE,SCHL,Musashino Academia Musicae
E0000002561,UNIOFAPPLIEDSCIFRANKFURT,SCHL,"Uni of Applied Sci, Frankfurt"
E0000002562,UNIVERSITYOFREGENSBURG,SCHL,University of Regensburg
E0000002563,THECOLLEGEOFNEWJERSEY,SCHL,The College of New Jersey
E0000002564,MALMOUNIVERSITY,SCHL,Malmo University
E0000002565,NATIONALARTSCOUNCILNAC1,SFTP,National Arts Council (NAC01)
E0000002566,UNIOFNCAROLINAWILMINGTON,SCHL,"Uni of N Carolina, Wilmington"
E0000002567,SYMBIOSISCTRFORMGMTSTUDIES,SCHL,Symbiosis Ctr for Mgmt Studies
E0000002568,EUROMEDMANAGEMENT,SCHL,Euromed Management
E0000002569,UNIVERSITYOFURBINOCARLOBO,SCHL,"University of Urbino""Carlo Bo"""
E0000002570,UNIVERSITYOFVAASA,SCHL,University of Vaasa
E0000002571,SINGAPOREPRISONSERVICE,SFTP,Singapore Prison Service
E0000002572,VISVESVARAYATECHNOLOGICALUNI,SCHL,Visvesvaraya Technological Uni
E0000002573,FURTWANGENUNIVERSITY,SCHL,Furtwangen University
E0000002574,HARVARDYENCHINGINSTITUTE,SCHL,Harvard-Yenching Institute
E0000002575,MINISTRYOFHEALTHMALAYSIA,SFTP,Ministry of Health Malaysia
E0000002576,CONSEJONACIONALDECIENCIAY,SFTP,CONSEJO NACIONAL DE CIENCIA Y
E0000002577,UNIOFLONDONINTLPROGLKA,SCHL,Uni of London Int'l Prog (LKA)
E0000002578,UNIOFLONDONINTLPROGPAK,SCHL,Uni of London Int'l Prog (PAK)
E0000002579,ALBSTADTSIGMARINGENUNI,SCHL,Albstadt-Sigmaringen Uni
E0000002580,SANBEDACOLLEGE,SCHL,San Beda College
E0000002581,BANDARANAIKECTRINTLSTUDIES,SCHL,Bandaranaike Ctr Int'l Studies
E0000002582,SOUTHTYNESIDECOLLEGE,SCHL,South Tyneside College
E0000002583,JIANGSUNORMALUNIVERSITY,SCHL,Jiangsu Normal University
E0000002584,SKEMABUSINESSSCHOOL,SCHL,SKEMA Business School
E0000002585,EXTERNALINSTITUTIONPRIVATE,SCHL,External Institution (Private)
E0000002586,ANNAMALAIPOLYTECHNIC,SCHL,Annamalai Polytechnic
E0000002587,DHARMAPURIDISTCOOPSMPOLY,SCHL,Dharmapuri dist Co-Op S M Poly
E0000002588,GOVERNMENTTECHNICALINSTITUTE,SCHL,Government Technical Institute
E0000002589,INSTOFAGRICYEZINPYINMANA,SCHL,"Inst of Agric, Yezin Pyinmana"
E0000002590,MYMENSINGHPOLYINSTITUTE,SCHL,Mymensingh Poly Institute
E0000002591,WUHANINSTOFSHIPBLDGTECH,SCHL,Wuhan Inst of Shipbldg Tech
E0000002592,JTCCORPORATIONJTC14,SFTP,JTC Corporation (JTC14)
E0000002593,UNIVERSITEDORLEANS,SCHL,Universite d'Orleans
E0000002594,UNIVERSITEDELORRAINE,SCHL,Universite de Lorraine
E0000002595,EMBRYRIDDLEAERONAUTICALUNIV,SCHL,Embry-Riddle Aeronautical Univ
E0000002596,STLUKESHOSPITAL,SFTP,St Luke's Hospital
E0000002597,INSTITUTEOFMEDICALBIOLOGY,OTHR,Institute of Medical Biology
E0000002598,SHANGHAICTRFORBIOINFOTECH,OTHR,Shanghai Ctr for Bioinfo Tech
E0000002599,LONGISLANDUNIVERSITYPOST,SCHL,Long Island University Post
E0000002600,UNIVERSIDADDELOSANDES,SCHL,Universidad de los Andes
E0000002601,KOBEUNIVERSITY,SCHL,Kobe University
E0000002602,JSCCTRFORINTERNATLPROGS,SFTP,"JSC ""Ctr for Internat'l Progs"""
E0000002603,SPORECTEFORENVLIFESCIENG,SFTP,Spore Cte for Env Life Sci Eng
E0000002604,HEINRICHHEINEUNIDUSSELDORF,SCHL,Heinrich Heine Uni Dusseldorf
E0000002605,ZEPPELINUNIVERSITY,SCHL,Zeppelin University
E0000002606,WASHINGTONSTUNISPOKANE,SCHL,Washington St Uni Spokane
E0000002607,OMNIMOLDLTD,SFTP,Omni Mold Ltd
E0000002608,MILLSCOLLEGE,SCHL,Mills College
E0000002609,ROLLSROYCESINGAPOREPTELTD,SFTP,Rolls-Royce Singapore Pte Ltd
E0000002610,MEMORIALSLOANKETTERINGCANCER,OTHR,Memorial Sloan-KetteringCancer
E0000002611,UNIVERSITYOFHANNOVER,SCHL,University of Hannover
E0000002612,THOMPSONRIVERSUNIVERSITY,SCHL,Thompson Rivers University
E0000002613,GOLDSMITHSUNIOFLONDON,SCHL,"Goldsmiths, Uni of London"
E0000002614,SYMBIOSISINTERNATIONALUNI,SCHL,Symbiosis International Uni
E0000002615,UNIVERSITYOFLUXEMBOURG,SCHL,University of Luxembourg
E0000002616,JACOBSUNIVERSITYBREMEN,SCHL,Jacobs University Bremen
E0000002617,WESTERNNEWENGLANDUNIVERSITY,SCHL,Western New England University
E0000002618,DREWUNIVERSITY,SCHL,Drew University
E0000002619,FLORIDAINTERNATIONALUNI,SCHL,Florida International Uni
E0000002620,INSTITUTDETUDESPOLITIQUES,SCHL,Institut d'Etudes Politiques
E0000002621,LONDONBUSINESSSCHOOL,SCHL,London Business School
E0000002622,HAFENCITYUNIVERSITYHAMBURG,SCHL,HafenCity University Hamburg
E0000002623,SCHOOLOFTHEARTSSINGAPORE,SCHL,School of the Arts Singapore
E0000002625,KARUNYAUNIVERSITY,SCHL,Karunya University
E0000002626,CATHOLICUOFEICHSTAETTINGOL,SCHL,Catholic U of Eichstaett-Ingol
E0000002627,UNIVERSITYOFSTANDREWS,SCHL,University of St Andrews
E0000002628,SPOREUNIOFTECHANDDESIGN,SCHL,S'pore Uni of Tech and Design
E0000002629,THELNMINSTITUTEOFINFOTECH,SCHL,The LNM Institute of Info Tech
E0000002630,HELMUTSCHMIDTUNIVERSITY,SCHL,Helmut Schmidt University
E0000002631,TOKYOUNIOFMARINESCITECH,SCHL,Tokyo Uni of Marine Sci & Tech
E0000002632,MINZUUNIVERSITYOFCHINA,SCHL,Minzu University of China
E0000002633,NORWEGIANSCHVETERINARYSCI,SCHL,Norwegian Sch Veterinary Sci
E0000002634,ECKERDCOLLEGE,SCHL,Eckerd College
E0000002635,VICTORIAUNIVERSITY,SCHL,Victoria University
E0000002636,TIANJINUNIOFFINANCEECONS,SCHL,Tianjin Uni of Finance & Econs
E0000002637,UNIVERSITYOFTHEREPUBLICUY,SCHL,"University of the Republic, Uy"
E0000002638,HUAIHAIINSTOFTECHNOLOGY,SCHL,Huaihai Inst of Technology
E0000002639,LOUISIANASTATEUHEALTHSCIC,SCHL,Louisiana State U Health Sci C
E0000002640,NATIONALPOLYINSTOFGRENOBLE,SCHL,National Poly Inst of Grenoble
E0000002641,STJOSEPHSINSTITUTIONINTL,SCHL,St. Joseph's Institution Int'l
E0000002642,JAYPEEINSTOFINFOTECHNOLOGY,SCHL,Jaypee Inst of Info Technology
E0000002643,NATIONALINSTOFBANKMGMT,SCHL,National Inst of Bank Mgmt
E0000002644,XLRIJAMSHEDPUR,SCHL,XLRI Jamshedpur
E0000002645,UNIVERSITYOFBRIDGEPORT,SCHL,University of Bridgeport
E0000002646,MAHARASHTRAUNIOFHEALTHSCI,SCHL,Maharashtra Uni of Health Sci
E0000002647,NATINSTHEALTHFAMWELFARE,SCHL,Nat Inst Health & Fam Welfare
E0000002648,EUROSOCIETYOFCRITICALCARE,SCHL,Euro Society of Critical Care
E0000002649,OCHANOMIZUUNIVERSITY,SCHL,Ochanomizu University
E0000002650,MELAKAMANIPALMEDICALCOLLEGE,SCHL,Melaka Manipal Medical College
E0000002651,MANIPALUNIVERSITY,SCHL,Manipal University
E0000002652,HEALTHSCIUNIOFMONGOLIA,SCHL,Health Sci Uni of Mongolia
E0000002653,UNIVERSITYOFSEVILLE,SCHL,University of Seville
E0000002654,BARILANUNIVERSITY,SCHL,Bar-Ilan University
E0000002655,REEDCOLLEGE,SCHL,Reed College
E0000002656,UNIVERSITYOFLINCOLN,SCHL,University of Lincoln
E0000002657,HAMDARDUNIVERSITY,SCHL,Hamdard University
E0000002658,NIRMAUNIVERSITY,SCHL,Nirma University
E0000002659,DHARMSINHDESAIUNIVERSITY,SCHL,Dharmsinh Desai University
E0000002660,ROYALCOLLEGEPHYSSURGEONS,SCHL,Royal College Phys Surgeons
E0000002661,ROYALCOLLEGESURGEONENGLAND,SCHL,Royal College Surgeon England
E0000002662,INTERNATIONALMEDICALUNI,SCHL,International Medical Uni
E0000002663,TANGSHANCOLLEGE,SCHL,Tangshan College
E0000002664,VASAVIPOLYTECHNIC,SCHL,Vasavi Polytechnic
E0000002665,BIRLAINSTOFTECHKOLKATA,SCHL,"Birla Inst. of Tech, Kolkata"
E0000002666,HARBINUNIVERSITYOFCOMMERCE,SCHL,Harbin University of Commerce
E0000002667,PRINCETONUNIVERSITY,SCHL,Princeton University
E0000002668,PUBLICUTILITIESBOARD,SCHL,Public Utilities Board
E0000002669,ALLINDIAINSTOFMEDSCIENCES,SCHL,All India Inst of Med Sciences
E0000002670,UNIVERSITYOFSANANDRES,SCHL,University of San Andres
E0000002671,ZHEJIANGUNIOFFINANCEECON,SCHL,Zhejiang Uni of Finance & Econ
E0000002672,SOUTHWESTERNCOLLEGE,SCHL,Southwestern College
E0000002673,HOLLINSUNIVERSITY,SCHL,Hollins University
E0000002674,WASHINGTONSTATEUNIVERSITY,SCHL,Washington State University
E0000002675,ZHEJIANGUNIOFMEDIAANDCOMM,SCHL,Zhejiang Uni of Media and Comm
E0000002676,HENANUNIOFECONOMICSLAW,SCHL,Henan Uni of Economics & Law
E0000002677,THANGLONGUNIVERSITY,SCHL,Thang Long University
E0000002679,VILLANOVAUNIVERSITY,SCHL,Villanova University
E0000002680,LATROBEUNIVERSITY,SCHL,La Trobe University
E0000002681,UNIVERSITYOFSAOPAULO,SCHL,University Of Sao Paulo
E0000002682,JIANGSUPOLYTECHNICUNIVERSITY,SCHL,Jiangsu Polytechnic University
E0000002683,THECOLLEGEOFIDAHO,SCHL,The College of Idaho
E0000002684,BNUHKBUUNITEDINTLCOLLEGE,SCHL,BNU-HKBU United Int'l College
E0000002685,PRESIDENCYUNIVERSITY,SCHL,Presidency University
E0000002686,ESCOLASUPAGRARIADECOIMBRA,SCHL,Escola Sup. Agraria de Coimbra
E0000002687,ESSUPDETECDASAUDEDOPORTO,SCHL,EsSup de Tec da Saude do Porto
E0000002688,LONDONSOUTHBANKUNIVERSITY,SCHL,London South Bank University
E0000002689,TAIPEIMEDICALUNIVERSITY,SCHL,Taipei Medical University
E0000002690,KHARKIVSTATEMEDICALUNI,SCHL,Kharkiv State Medical Uni
E0000002691,MISRUNIFORSCIENCETECH,SCHL,Misr Uni for Science & Tech
E0000002692,INDIANINSTOFFOREIGNTRADE,SCHL,Indian Inst. of Foreign Trade
E0000002693,NATLINSTOFTECHJALANDHAR,SCHL,Nat'l Inst. of Tech Jalandhar
E0000002694,ENTERPRISESINGAPOREESG1,SFTP,Enterprise Singapore (ESG01)
E0000002695,WAGNERCOLLEGE,SCHL,Wagner College
E0000002696,PUBLICUTILITIESBOARDPUB5,SFTP,Public Utilities Board (PUB05)
E0000002697,KEPPELCOMMUNICATIONSPTELTD,SFTP,Keppel Communications Pte Ltd
E0000002698,MCIINTLHOCHSCHULGMBH,SCHL,MCI - Intl Hochschul GmbH
E0000002699,ESCUELAPOLITECNICANACIONAL,SCHL,Escuela Politecnica Nacional
E0000002700,NATLRESEARCHCOUNCILCANADA,OTHR,Nat'l Research Council Canada
E0000002701,OTICONSINGAPOREPTELTD,SFTP,Oticon Singapore Pte Ltd
E0000002702,NATIONALPARKSBOARDNPB1,SFTP,National Parks Board (NPB01)
E0000002703,NATIONALLIBRARYBOARDNLB18,SFTP,National Library Board (NLB18)
E0000002704,UNIVERSITYOFSASKATCHEWAN,SCHL,University of Saskatchewan
E0000002705,YAYASANASTROKASIH,SFTP,Yayasan Astro Kasih
E0000002706,SAUDIARABIANCULTURALMISSION,SFTP,Saudi Arabian Cultural Mission
E0000002707,JCTRUSTLTD,SFTP,JC Trust Ltd
E0000002708,SIVANTOSPTELTD,SFTP,Sivantos Pte Ltd
E0000002709,MINISTRYOFTHEENVTJAPAN,SFTP,Ministry of the Envt-Japan
E0000002710,JUMBOGROUPOFRESTAURANTSPL,SFTP,Jumbo Group of Restaurants PL
E0000002711,PEOPLESASSOCIATIONPAS21,SFTP,People's Association (PAS21)
E0000002712,INSPERINSTITUTODEENSINOEP,SCHL,Insper-Instituto de Ensino e P
E0000002713,UNIVERSITYOFADEN,SCHL,University of Aden
E0000002714,NIZHNYNOVGORODSTATEMEDACAD,SCHL,Nizhny Novgorod State Med Acad
E0000002715,GRIGORETPOPAUOFMEDPHARM,SCHL,Grigore T. Popa U of Med&Pharm
E0000002716,OCTOBER7THUNIVERSITY,SCHL,October 7th University
E0000002717,MISRATAUNIVERSITY,SCHL,Misrata University
E0000002718,QIOPTIQSINGAPOREPTELTD,SFTP,Qioptiq Singapore Pte Ltd
E0000002719,JUDSONUNIVERSITY,SCHL,Judson University
E0000002720,AUTONOMOUSUNIOFBAJACALIFOR,SCHL,Autonomous Uni of Baja Califor
E0000002721,PHILIPPINECOLOFOCCMEDINC,SCHL,"Philippine Col of Occ Med, Inc"
E0000002722,MANILACENTRALUNIVERSITY,SCHL,Manila Central University
E0000002723,FAREASTERNUNIVERSITY,SCHL,Far Eastern University
E0000002724,COLLOFFAMILYPHYSICIANSSG,SCHL,Coll of Family Physicians SG
E0000002725,NATIONALUNIOFIRELANDGALWAY,SCHL,"National Uni of Ireland,Galway"
E0000002726,CHARLESUNIVERSITYINPRAGUE,SCHL,Charles University in Prague
E0000002727,KETTERINGUNIVERSITY,SCHL,Kettering University
E0000002728,EUYANSANGINTERNATIONALLTD,SFTP,Eu Yan Sang International Ltd
E0000002730,NATIONALRESEARCHFOUNDATION,SFTP,National Research Foundation
E0000002731,RESENTERPRISESPTELTD,SFTP,RE&S Enterprises Pte Ltd
E0000002732,SELECTGROUPLIMITED,SFTP,Select Group Limited
E0000002733,JOHNCABOTUNIVERSITY,SCHL,John Cabot University
E0000002734,UNIVERSITYOFLJUBLJANA,SCHL,University of Ljubljana
E0000002735,UNIOFWISCONSINMILWAUKEE,SCHL,Uni of Wisconsin-Milwaukee
E0000002736,TAIPEINATIONALUNIOFARTS,SCHL,Taipei National Uni of  Arts
E0000002737,EASTRAMONMAGSAYMEMMEDCTRE,SCHL,East Ramon Magsay Mem Med Ctre
E0000002738,CARDIFFUNIVERSITY,SCHL,CARDIFF UNIVERSITY
E0000002739,ACADEMYOFMEDICINESINGAPORE,SCHL,"ACADEMY OF MEDICINE, SINGAPORE"
E0000002740,STPAULCOLLEGEQUEZONCITY,SCHL,St. Paul College Quezon City
E0000002741,HARVARDTHCHANSCHOOLOFPU,SCHL,Harvard T.H. Chan School of Pu
E0000002742,GRAYMATICSSGPTELTD,SFTP,Graymatics SG Pte Ltd
E0000002743,SAPASIAPTELTD,SFTP,SAP Asia Pte Ltd
E0000002744,FRAUNHOFERINSTFORSOLENERGY,SCHL,Fraunhofer Inst for Sol Energy
E0000002746,UNIVERSITYOFINSUBRIA,SCHL,University of Insubria
E0000002747,FUJIXEROXCOLTDJAPAN,SFTP,"Fuji Xerox Co. Ltd, Japan"
E0000002749,THEAMERICANUNIOFROME,SCHL,The American Uni of Rome
E0000002750,ROCHESTERINSTOFTECHGIS,SCHL,"Rochester Inst of Tech, GIS"
E0000002751,FORDHAMUNIVERSITY,SCHL,Fordham University
E0000002752,WESTVISAYASSTATEUNIVERSITY,SCHL,West Visayas State University
E0000002753,MUNICHBUSINESSSCHOOL,SCHL,Munich Business School
E0000002754,CEBUDOCTORSUNIVERSITY,SCHL,Cebu Doctor's University
E0000002755,MSFMCD6,SFTP,MSF (MCD06)
E0000002756,UNIREGIONALDEBLUMENAU,SCHL,Uni Regional de Blumenau
E0000002757,INTERUNIVERSITYMICROELECTCTR,SCHL,Interuniversity Microelect Ctr
E0000002758,OGILVYMATHERSINGAPORE,SFTP,Ogilvy & Mather Singapore
E0000002760,STELECINFOCOMMSYSPTELTD,SFTP,ST Elec(info-Comm Sys) Pte Ltd
E0000002761,ROYALCOLLEGEOFOBSTEGYNAE,SCHL,Royal College of Obste & Gynae
E0000002762,RSHTRNGCTRONBIOINFORMATICS,OTHR,Rsh Trng Ctr on Bioinformatics
E0000002763,STLOGISTICSPTELTD,SFTP,ST Logistics Pte Ltd
E0000002764,HOMENURSINGFOUNDATION,SFTP,Home Nursing Foundation
E0000002765,NOVARTISSGPHARMACEUTICALMFG,SFTP,Novartis SG Pharmaceutical Mfg
E0000002766,NATIONALSKINCENTRE,SFTP,National Skin Centre
E0000002767,ANGLIARUSKINUNIVERSITY,SCHL,Anglia Ruskin University
E0000002768,BANGORUNIVERSITY,SCHL,Bangor University
E0000002769,DNIPROPETROVSKNATIONALUNIVER,SCHL,Dnipropetrovsk National Univer
E0000002770,UNIVERSITYOFMAURITIUS,SCHL,University of Mauritius
E0000002771,BRUNELUNIVERSITY,SCHL,Brunel University
E0000002772,KINGSMENCREATIVESLTD,SFTP,Kingsmen Creatives Ltd
E0000002773,SUEZENVIRONMENTCRISEE,SFTP,Suez Environment-Crisee
E0000002774,KWAMENKRUMAHUNIOFSCITEC,SCHL,Kwame Nkrumah Uni of Sci & Tec
E0000002775,SHANDONGUNIOFFINANCEECON,SCHL,Shandong Uni of Finance & Econ
E0000002776,FPTUNIVERSITY,SCHL,FPT University
E0000002777,NANJINGUNIOFINFOSCITECH,SCHL,Nanjing Uni of Info Sci & Tech
E0000002778,JAPYEEUNIOFENGINEERGTECH,SCHL,Japyee Uni of Engineerg & Tech
E0000002779,KANNURUNIVERSITY,SCHL,Kannur University
E0000002780,NATIONALLAWUNIJODHPUR,SCHL,"National Law Uni, Jodhpur"
E0000002781,GRAPHICERAUNIVERSITY,SCHL,Graphic Era University
E0000002782,INDIANINSTOFTECHPATNA,SCHL,"Indian Inst of Tech, Patna"
E0000002783,RAJASTHANTECHUNIKOTA,SCHL,"Rajasthan Tech Uni, Kota"
E0000002784,BIJUPATNAIKUNIOFTECHOR,SCHL,"Biju Patnaik Uni of Tech, O, R"
E0000002785,INDINSTOFTECHBHUBANESWAR,SCHL,Ind Inst of Tech Bhubaneswar
E0000002786,CHITKARAUNIVERSITY,SCHL,Chitkara University
E0000002787,ASSIUTUNIVERSITY,SCHL,Assiut University
E0000002788,DSCHANGUNIVERSITY,SCHL,Dschang University
E0000002789,UNIVERSIDADDELZULIA,SCHL,Universidad del Zulia
E0000002790,MASENOUNIVERSITY,SCHL,Maseno University
E0000002791,UNINACIONALAUTONOMDEMEXICO,SCHL,Uni Nacional Autonom de Mexico
E0000002792,UNIVERSITYOFKASSEL,SCHL,University of Kassel
E0000002793,ACADOFARMOREDFORCESENGRG,SCHL,Acad of Armored Forces Engrg
E0000002794,DRRAMMANOHARLOHYIAAVADHU,SCHL,Dr Ram Manohar Lohyia Avadh U
E0000002795,CEMPAKAINTERNATIONALSCHOOL,SCHL,Cempaka International School
E0000002796,ISTHMUS,SCHL,Isthmus
E0000002797,PONTIFICIAUNIVERSIDJAVERIANA,SCHL,Pontificia Universid Javeriana
E0000002798,BAQAIMEDICALUNIVERSITY,SCHL,Baqai Medical University
E0000002799,THEAGAKHANUNIVERSITY,SCHL,The Aga Khan University
E0000002800,THEAGHAKHANUNIVERSITY,SCHL,The Agha Khan University
E0000002801,DUKENUSGRADUATEMEDICALSCH,SCHL,Duke-NUS Graduate Medical Sch
E0000002802,HINDUSTANUNIVERSITY,SCHL,Hindustan University
E0000002803,MENSASINGAPORE,SCHL,Mensa Singapore
E0000002804,FOODANDDRUGADMINISTRATION,SCHL,Food and Drug Administration
E0000002805,BRDOFPHARMACEUTICALSPECIALT,SCHL,Brd of Pharmaceutical Specialt
E0000002807,STJOSEPHSCOLLEGEOFENGRG,SCHL,St Joseph's College of Engrg
E0000002808,ANSALINSTOFTECHGURGAON,SCHL,"Ansal Inst of Tech, Gurgaon"
E0000002809,ASSOCOFCHARTEREDCERTACCNTS,SCHL,Assoc of Chartered Cert Accnts
E0000002811,CHARTINSTOFPURCHSGSPPLY,SCHL,Chart Inst of Purchsg & Spply
E0000002812,CHONGHWAINDEPENDENTHIGHSCH,SCHL,Chong Hwa Independent High Sch
E0000002814,CUSTOMSPUBLICSCHOOL,SCHL,Customs Public School
E0000002815,DALIANJIAOTONGUNIVERSITY,SCHL,Dalian Jiaotong University
E0000002816,DONBOSCOMATRICHRSECSCH,SCHL,Don Bosco Matric Hr Sec Sch
E0000002817,FAZAIAINTERCOLLGMUSHAFSARG,SCHL,Fazaia Inter Collg Mushaf Sarg
E0000002818,KDUCOLLEGE,SCHL,KDU College
E0000002819,MAVENSILICONVLSITRNGINST,SCHL,"Maven Silicon, VLSI Trng Inst"
E0000002820,MEENAKSHISUNDARARAJANENGRGC,SCHL,Meenakshi Sundararajan Engrg C
E0000002821,NATINSTOFTECHJAMSHEDPUR,SCHL,"Nat Inst of Tech, Jamshedpur"
E0000002823,PUNJABUCOLLEGEOFINFOTECH,SCHL,Punjab U College of Info Tech
E0000002824,RESOURCEACADEMIA,SCHL,Resource Academia
E0000002825,SGINSTOFSAFETYOFFICERS,SCHL,SG Inst of Safety Officers
E0000002826,SMJKKEATHWA,SCHL,SMJK Keat Hwa
E0000002827,VELAMMALENGINEERINGCOLLEGE,SCHL,Velammal Engineering College
E0000002828,UNIVERSITYOFPADOVA,SCHL,University of Padova
E0000002829,UNIVERSITYOFCAPECOAST,SCHL,University of Cape Coast
E0000002830,SHRIBHAGUBHAIMAFATLALPOLY,SCHL,Shri Bhagubhai Mafatlal Poly
E0000002831,NATINSTOFTECHPATNA,SCHL,"Nat Inst of Tech, Patna"
E0000002832,HIROSHIMAUNIVERSITY,SCHL,Hiroshima University
E0000002833,UNIVERSITYOFMINHO,SCHL,University Of Minho
E0000002834,NATIONALTAIWANUNIOFARTS,SCHL,National Taiwan Uni of Arts
E0000002835,ERPNINTRUCTRFORHRDM,SCHL,Erpn Intr-U Ctr for H.R. & Dm
E0000002836,TONGZHOURADIOTELEVISIONUN,SCHL,Tongzhou Radio & Television Un
E0000002837,BANGLADESHINSTOFMARINETECH,SCHL,Bangladesh Inst Of Marine Tech
E0000002838,APCROYPOLYTECHNIC,SCHL,A.P.C Roy Polytechnic
E0000002839,KRISHNASWAMYMEMORIALPOLYTECH,SCHL,Krishnaswamy Memorial Polytech
E0000002840,NITTERUKMNADYNTHYMEMOPOLY,SCHL,Nitte Rukmn Adynthy Memo Poly
E0000002841,EDGEHILLUNIVERSITY,SCHL,Edge Hill University
E0000002842,NANJINGCOLLEGEOFINFOTECH,SCHL,Nanjing College Of Info Tech
E0000002843,NATYUNLINUNIOFSCITECH,SCHL,Nat Yunlin Uni of Sci & Tech
E0000002844,CONNATDESARTSETMTRCNAM,SCHL,Con Nat des Arts et Mtr (CNAM)
E0000002845,UNIFRANCOISRABELAISDETOURS,SCHL,Uni francois-rabelais de tours
E0000002846,SRILANKAINSTOFINFOTECH,SCHL,Sri Lanka Inst of Info Tech
E0000002847,CHINATHREEGORGESUNIVERSITY,SCHL,China Three Gorges University
E0000002848,COLLEGEOFENGINEERINGROORKEE,SCHL,College of Engineering Roorkee
E0000002849,OKANUNIVERSITY,SCHL,Okan University
E0000002850,DALIANMINZUUNIVERSITY,SCHL,Dalian Minzu University
E0000002851,SAINTJOSEPHSUNIVERSITY,SCHL,Saint Joseph's University
E0000002852,MAHARISHIMARKANDESHWARUNI,SCHL,Maharishi Markandeshwar Uni
E0000002853,UNIVERSITYOFJAMMU,SCHL,University of Jammu
E0000002854,ECOLESUPERRDECOMMRCETOULSE,SCHL,Ecole Superr de Commrce Toulse
E0000002855,UNIOFCAMBRIDGEINTRNTLEXAM,SCHL,Uni of Cambridge Intrnt'l Exam
E0000002856,ALLIANCEFRANCIASEDAHMEDABAD,SCHL,Alliance Franciase d Ahmedabad
E0000002857,VISTHARBANGALORE,SCHL,Visthar-Bangalore
E0000002858,KARLFRANZENSUNIVERSITYGRAZ,SCHL,Karl-Franzens-University Graz
E0000002859,SOLAPURUNIVERSITY,SCHL,Solapur University
E0000002860,NANJINGXIAOZHUANGUNIVERSITY,SCHL,Nanjing Xiaozhuang University
E0000002861,WOOSONGUNIVERSITY,SCHL,Woosong University
E0000002862,CHUNGANGUNIVERSITY,SCHL,Chung-Ang University
E0000002863,JIANGSUUNIOFTECHNOLOGY,SCHL,Jiangsu Uni of Technology
E0000002864,UNIVERSITYOFCATANIA,SCHL,University of Catania
E0000002865,GUILINUNIOFTECHNOLOGY,SCHL,Guilin Uni of Technology
E0000002866,JIANGXISCITECHNORMALUNI,SCHL,Jiangxi Sci & Tech Normal Uni
E0000002867,NATIONALUNIVERSITYOFRWANDA,SCHL,National University of Rwanda
E0000002868,MEIJOUNIVERSITY,SCHL,Meijo University
E0000002869,JISHOUUNIVERSITY,SCHL,Jishou University
E0000002870,YOKOHAMACITYUNIVERSITY,SCHL,Yokohama City University
E0000002871,WEILLCORNELLMEDICALCOLLEGE,SCHL,Weill Cornell Medical College
E0000002872,LLOYDSREGISTERSGPTELTD,SFTP,LLOYD'S REGISTER SG PTE. LTD
E0000002873,RESORTSWORLDSENTOSAPTELTD,SFTP,Resorts World Sentosa Pte Ltd
E0000002874,UNIVERSITYOFGREENWICH,SCHL,University of Greenwich
E0000002875,SHELTONCOLLEGEINTERNATIONAL,SCHL,Shelton College International
E0000002876,THECITYCOLLEGEOFNEWYORK,SCHL,The City College of New York
E0000002877,ACADEMYOFARTUNIVERSITY,SCHL,Academy of Art University
E0000002878,CENTRALINSTITUTEOFHINDI,SCHL,Central Institute of Hindi
E0000002879,NOCNEWYORK,SCHL,NOC New York
E0000002880,ROSTOVSTATEUNIOFCIVILENGR,SCHL,Rostov State Uni of Civil Engr
E0000002881,SAPIENZAUNIVERSITYOFROME,SCHL,Sapienza University of Rome
E0000002882,UNIVERSITYOFPISA,SCHL,University of Pisa
E0000002883,SANTANNASCHOFADVSTUDIES,SCHL,Sant'Anna Sch of Adv Studies
E0000002884,UNIVERSITYOFSHIZUOKA,SCHL,University of Shizuoka
E0000002885,SCHOOLOFNURSINGMOH,SCHL,"School of Nursing, MOH"
E0000002886,CURTINUNIVERSITYSINGAPORE,SCHL,Curtin University Singapore
E0000002887,LYCEEPRIVESALIEGE,SCHL,LYCEE PRIVE SALIEGE
E0000002888,THEUNIVERSITYOFTOLEDO,SCHL,The University of Toledo
E0000002889,FLORIDAAGRIMECHANICALUNI,SCHL,Florida Agri & Mechanical Uni
E0000002890,CENTRALUNIOFVENEZUELA,SCHL,Central Uni of Venezuela
E0000002891,SIMONBOLIVARUNIVERSITY,SCHL,Simon Bolivar University
E0000002892,UNIVERSITYOFCARABOBO,SCHL,University of Carabobo
E0000002893,UNIVERSITYOFSTRASBOURG,SCHL,University of Strasbourg
E0000002894,CHENNAIMATHEMATICALINSTITUTE,SCHL,Chennai Mathematical Institute
E0000002895,RANDOLPHCOLLEGE,SCHL,Randolph College
E0000002896,INDONESIANINSTITUTEOFTHEAR,SCHL,Indonesian Institute of the Ar
E0000002897,MOLEXSINGAPOREPTELTD,SFTP,Molex Singapore Pte Ltd
E0000002898,INDIANMARITIMEUNIVERSITY,SCHL,Indian Maritime University
E0000002899,SDDAPTELTD,SFTP,SDDA Pte Ltd
E0000002900,BEIJINGUNITEDUNIVERSITY,SCHL,Beijing United University
E0000002901,SPOREINSTITUTEOFTECHNOLOGY,SCHL,S'pore Institute of Technology
E0000002903,MEIJIUNIVERSITY,SCHL,Meiji University
E0000002904,ANHUIUOFFINANCEECONOMICS,SCHL,Anhui U of Finance & Economics
E0000002905,CHINAEUROPEINTLBIZSCHOOL,SCHL,China Europe Int'l Biz School
E0000002906,HEILONGJIANGUOFCHINESEMED,SCHL,Heilongjiang U of Chinese Med
E0000002907,GUANGXINORMALUNIVERSITY,SCHL,Guangxi Normal University
E0000002908,GUANGXIUNIFORNATIONALITIES,SCHL,Guangxi Uni for Nationalities
E0000002909,SHANGRAONORMALUNIVERSITY,SCHL,Shangrao Normal University
E0000002910,BEIJINGINSTITUTEOFEDUCATION,SCHL,Beijing Institute of Education
E0000002911,SHANGHAIUNIVERSITYOFSPORT,SCHL,Shanghai University of Sport
E0000002912,BEIJINGDANCEACADEMY,SCHL,Beijing Dance Academy
E0000002913,HEFEINORMALUNIVERSITY,SCHL,Hefei Normal University
E0000002914,UNIVERSITYOFSOUTHCHINA,SCHL,University of South China
E0000002915,ZHENGZHOUSCHOFSURVEYMAP,SCHL,Zhengzhou Sch of Survey & Map
E0000002916,ARTILLERYACADOFCHINESEPLA,SCHL,Artillery Acad of Chinese PLA
E0000002917,ANHUIOPENUNIVERSITY,SCHL,Anhui Open University
E0000002918,CHONGQINGINSTOFEDUCATION,SCHL,Chongqing Inst. of Education
E0000002919,HUAINANNORMALUNIVERSITY,SCHL,Huainan Normal University
E0000002920,SHIHHSINUNIVERSITY,SCHL,Shih Hsin University
E0000002921,SOUTHERNMEDICALUNIVERSITY,SCHL,Southern Medical University
E0000002922,METROPOLITANUNIVCOLLEGE,SCHL,Metropolitan Univ College
E0000002923,GOETHEINSTITUTENEWDEHLI,SCHL,"Goethe-Institute, New Dehli"
E0000002924,NATIONALUNIVOFCOLOMBIA,SCHL,National Univ of Colombia
E0000002925,INTLINSTFORPOPULATIONSCI,SCHL,Int'l Inst. for Population Sci
E0000002926,UNIVERSIDADSANFRANDEQUITO,SCHL,Universidad San Fran de Quito
E0000002927,GUANGXIUNIOFSCITECH,SCHL,Guangxi Uni of Sci & Tech
E0000002928,GUANGXIARTSINSTITUTE,SCHL,Guangxi Arts Institute
E0000002929,HUNANUNIVERSITYOFTECHNOLOGY,SCHL,Hunan University of Technology
E0000002930,WUHANSPORTSUNIVERSITY,SCHL,Wuhan Sports University
E0000002931,SOUTHWESTUNIOFSCITECH,SCHL,Southwest Uni of Sci & Tech
E0000002932,UNIDUQUEBECACHICOUTIMI,SCHL,Uni du Quebec a Chicoutimi
E0000002933,THALESSOLUTIONSASIAPTELTD,SFTP,Thales Solutions Asia Pte Ltd
E0000002934,SHANGHAIINSOFMATERIAMEDICA,SCHL,Shanghai Ins of Materia Medica
E0000002935,PACIFICUNIVERSITY,SCHL,Pacific University
E0000002936,THEHAMNERINSTFORHEALTHSCI,SCHL,The Hamner Inst for Health Sci
E0000002937,SEMMELWEISUNIVERSITY,SCHL,Semmelweis University
E0000002938,POLISHACADEMYOFSCIENCES,SCHL,Polish Academy of Sciences
E0000002939,SHANGHAIJIAOTONGUNIOFMED,SCHL,Shanghai Jiaotong Uni of Med
E0000002940,SCHOOLOFENGINEERINGOFANTIO,SCHL,School of Engineering of Antio
E0000002941,DELHITECHNOLOGICALUNIVERSITY,SCHL,Delhi Technological University
E0000002942,HUMBERCOLLEGEINSTITUTEOFTE,SCHL,Humber College Institute of Te
E0000002943,SEMESTERATSEA,SCHL,SEMESTER AT SEA
E0000002944,WAKEFORESTUNIVERSITY,SCHL,Wake Forest University
E0000002945,THEFLOREYINSTITUTEOFNEUROS,SCHL,The Florey Institute of Neuros
E0000002946,PETERMACCALLUMCANCERCENTRE,SCHL,Peter MacCallum Cancer Centre
E0000002947,BEIJINGTECHNOLOGYANDBUSINES,SCHL,Beijing Technology and Busines
E0000002948,EDMONDSCOMMUNITYCOLLEGE,SCHL,Edmonds Community College
E0000002949,NATIONALINSTITUTEFORLIFELON,SCHL,National Institute for Lifelon
E0000002950,LULEAUNIVERSITYOFTECHNOLOGY,SCHL,Lulea University of Technology
E0000002951,UNIVERSITYOFZILINA,SCHL,University Of Zilina
E0000002952,INSTITUTEOFCHARTEREDACCOUNT,SCHL,Institute of Chartered Account
E0000002953,SKHTGPERPAJAKANINDON,SCHL,Skh Tg Perpajakan Indon
E0000002954,ITMOUNIVERSITY,SCHL,ITMO University
E0000002955,CMRLAWSCHOOL,SCHL,CMR Law School
E0000002956,UNIVERSIDADADOLFOIBANEZ,SCHL,Universidad Adolfo Ibanez
E0000002957,RUHRUNIVERSITYBOCHUM,SCHL,Ruhr-University Bochum
E0000002958,PEPPERDINEUNIVERSITY,SCHL,Pepperdine University
E0000002959,DAEGUUNIVERSITY,SCHL,Daegu University
E0000002960,FATIMAMEMORIALHOSPITALFORM,SCHL,Fatima Memorial Hospital for M
E0000002961,XAVIERINSTOFMGMTENTREPR,SCHL,Xavier Inst. of Mgmt & Entrepr
E0000002962,RUBIKA,SCHL,Rubika
E0000002963,UNIVERSITYOFNANTES,SCHL,University of Nantes
E0000002964,XINXIANGMEDICALUNIVERSITY,SCHL,Xinxiang Medical University
E0000002965,HEBEIMEDICALUNIVERSITY,SCHL,Hebei Medical University
E0000002966,KBINSTOFPHARMEDURES,SCHL,KB Inst of Pharm Edu & Res
E0000002967,ANKARAUNIVERSITY,SCHL,Ankara University
E0000002968,INDIANINSTOFTECHINDORE,SCHL,Indian Inst of Tech Indore
E0000002969,ECOLECENTRALEDELYON,SCHL,Ecole Centrale de Lyon
E0000002970,NANYANGNORMALUNIVERSITY,SCHL,Nanyang Normal University
E0000002971,ECOLEDESMINESDALES,SCHL,Ecole des mines d'Ales
E0000002972,XIANJIAOTONGLIVERPOOLUNI,SCHL,Xi'an Jiaotong-Liverpool Uni
E0000002973,SICHUANAGRICULTURALUNI,SCHL,Sichuan Agricultural Uni
E0000002974,YEDITEPEUNIVERSITY,SCHL,Yeditepe University
E0000002975,QUEENSLANDINSTOFBIZTECH,SCHL,Queensland Inst of Biz & Tech
E0000002976,MAHARISHIVEDICUNIVERSITY,SCHL,Maharishi Vedic University
E0000002977,UNIVERSITYOFRENNES,SCHL,University of Rennes
E0000002978,JOHNSONWALESUNIVERSITY,SCHL,Johnson & Wales University
E0000002979,CANADIANFORCESLANGUAGESCH,SCHL,Canadian Forces Language Sch
E0000002980,NANJINGARMYCOMMANDCOLLEGE,SCHL,Nanjing Army Command College
E0000002981,NANJINGPOLITICALCOLLEGE,SCHL,Nanjing Political College
E0000002982,PLAINFOENGINEERINGUNI,SCHL,PLA Info Engineering Uni
E0000002983,DIPLOMATICACADEMYOFVIETNAM,SCHL,Diplomatic Academy of Vietnam
E0000002984,BUKITMERAHSECONDARYSCHOOL,SCHL,Bukit Merah Secondary School
E0000002985,PHILIPPINEMILITARYACADEMY,SCHL,Philippine Military Academy
E0000002986,HOLYNAMEUNIVERSITY,SCHL,Holy Name University
E0000002988,ANGELESUNIVERSITYFOUNDATION,SCHL,Angeles University Foundation
E0000002989,STIEDUCATION,SCHL,STI Education
E0000002990,MYANMARACCOUNTANCYCOUNCIL,SCHL,Myanmar Accountancy Council
E0000002991,INSTITUTEOFMECHELECTENG,SCHL,Institute of Mech & Elect Eng
E0000002992,INSTITUTEOFRURALMANAGEMENT,SCHL,Institute of Rural Management
E0000002993,TEXASAMUNIVERSITYATQATAR,SCHL,Texas A&M University at Qatar
E0000002994,UNIVERSITYOFMEDICINE1,SCHL,University of Medicine-1
E0000002995,MGMTDEVELOPMENTINSTITUTE,SCHL,Mgmt Development Institute
E0000002996,BROCKUNIVERSITY,SCHL,Brock University
E0000002997,UNIVERSIDADTECNICAPARTICULAR,SCHL,Universidad Tecnica Particular
E0000002998,ESCUELASUPERIORPOLITECNICAD,SCHL,Escuela Superior Politecnica d
E0000002999,BAHIRDARUNIVERSITY,SCHL,Bahir Dar University
E0000003000,INSEECGRADUATESCHOOLOFBUSI,SCHL,INSEEC Graduate School of Busi
E0000003001,AUDENCIANANTESSCHOOLOFMANA,SCHL,Audencia Nantes School of Mana
E0000003002,ASIANCOLLEGEOFJOURNALISMC,SCHL,"Asian College of Journalism, C"
E0000003003,WESTBENGALNATIONALUNIJURS,SCHL,West Bengal National Uni Jur S
E0000003004,THETAKSHASHILAINSTITUTION,SCHL,The Takshashila Institution
E0000003005,GAJAYANAUNIVERSITYMALANG,SCHL,Gajayana University Malang
E0000003006,INSTOFDEVECOIDEADVSCH,SCHL,Inst of Dev Eco (IDE) Adv Sch
E0000003007,PURBANCHALUNIVERSITY,SCHL,Purbanchal University
E0000003008,INSTITUTEOFBANKERSPAKISTAN,SCHL,Institute of Bankers Pakistan
E0000003009,SARATOVSTATEACADEMY OF LAW,SCHL,Saratov State Academy of Law
E0000003010,KIGALIINDEPENDENTUNIVERSITY,SCHL,Kigali Independent University
E0000003011,POMPEUFABRAUNIVERSITY,SCHL,Pompeu Fabra University
E0000003012,IBEIBARCELONAINSTITUTEOFIN,SCHL,IBEI Barcelona Institute of In
E0000003013,SHUTEUNIVERSITY,SCHL,Shu-Te University
E0000003014,TECHNOLOGICALUNIVERSITYOFTA,SCHL,Technological University of Ta
E0000003015,UNIVERSITYOFWISCONSINLAC,SCHL,University of Wisconsin - La C
E0000003016,CALIFORNIASTATEUNIVERSITYEA,SCHL,California State University Ea
E0000003017,SOUTHEASTMISSOURISTATEUNIVE,SCHL,Southeast Missouri State Unive
E0000003018,SURAPATIUNIVERSITY,SCHL,Surapati University
E0000003019,YOKOHAMANATIONALUNIVERSITY,SCHL,Yokohama National University
E0000003020,KAZAKHUNIVERSITYOFIRANDWL,SCHL,Kazakh University of IR and WL
E0000003021,INTERNATIONALSCHOOLOFDESIGN,SCHL,International School of Design
E0000003022,MASARYKUNIVERSITY,SCHL,Masaryk University
E0000003023,OHIOUNIVERSITY,SCHL,Ohio University
E0000003024,BUTLERUNIVERSITY,SCHL,Butler University
E0000003025,INDIAACADEMYOFINTLAWDIP,SCHL,India Academy of Int Law & Dip
E0000003026,NIPISSINGUNIVERSITY,SCHL,Nipissing University
E0000003027,AMERICANMILITARYUNIVERSITY,SCHL,American Military University
E0000003028,INSTITUTAGAMAISLAMNEGERI,SCHL,Institut Agama Islam Negeri
E0000003029,HAINANNORMALUNIVERSITY,SCHL,Hainan Normal University
E0000003030,ISHOUUNIVERSITY,SCHL,I-Shou University
E0000003031,GUANGZHOUUNIVERSITY,SCHL,Guangzhou University
E0000003032,INSEADFRANCE,SCHL,INSEAD (France)
E0000003033,ROYALINSTITUTEOFMANAGEMENT,SCHL,Royal Institute of Management
E0000003034,UNIVERSITYOFLAMPUNG,SCHL,University of Lampung
E0000003035,SHERUBTSECOLLEGE,SCHL,Sherubtse College
E0000003036,FACULDADESINTEGRADASALCANTAR,SCHL,Faculdades Integradas Alcantar
E0000003037,CHINESEPEOPLESPUBSECUNI,SCHL,Chinese People's Pub Sec Uni
E0000003038,PONTIFICALCATHOLICUNIVERSITY,SCHL,Pontifical Catholic University
E0000003039,HAZARAUNIVERSITYMANSEHRA,SCHL,Hazara University Mansehra
E0000003040,SCHOOLOFSTATEACCOUNTING,SCHL,School of State Accounting
E0000003041,KEIMYUNGUNIVERSITY,SCHL,Keimyung University
E0000003042,VIETNAMSPEOPLESPUBLICSECU,SCHL,Vietnam's People's Public Secu
E0000003043,UNIVERSITYOFNUEVACACERES,SCHL,University of Nueva Caceres
E0000003044,BADENWUERTTEMBERGSTATEUNI,SCHL,Baden-Wuerttemberg State Uni
E0000003045,THEISLAMIAUNIVERSITYOFBAHA,SCHL,The Islamia University of Baha
E0000003046,NORTHERNUNIVERSITYBANGLADESH,SCHL,Northern University Bangladesh
E0000003047,UNIFEDERALDORIODEJANEIRO,SCHL,Uni Federal do Rio de Janeiro
E0000003048,STETSONUNIVERSITYCOLLEGEOF,SCHL,Stetson University College of
E0000003049,GROVECITYCOLLEGEPENNSYLVAN,SCHL,"Grove City College, Pennsylvan"
E0000003050,SRILANKALAWCOLLEGE,SCHL,Sri Lanka Law College
E0000003051,UNIVERSIDADDELASABANA,SCHL,Universidad de La Sabana
E0000003052,THETAMILNADUDRAMBEDKARLA,SCHL,The Tamil Nadu Dr. Ambedkar La
E0000003053,RAJIVGANDHINATIONALUNIVERSI,SCHL,Rajiv Gandhi National Universi
E0000003054,NATIONALUNIVERSITYOFADVANCE,SCHL,National University of Advance
E0000003055,UNIVERSIDADDELNORTE,SCHL,Universidad Del Norte
E0000003056,NATIONALLAWINSTITUTEUNIVERS,SCHL,National Law Institute Univers
E0000003057,DELROSARIOUNIVERSITY,SCHL,Del Rosario University
E0000003058,PONTIFICIAUNICMM,SCHL,Pontificia Uni C M M
E0000003059,CHANAKYANATIONALLAWUNI,SCHL,Chanakya National Law Uni
E0000003060,DRRAMMLNATIONALLAWUNI,SCHL,Dr Ram M L National Law Uni
E0000003061,GUJARATNATIONALLAWUNI,SCHL,Gujarat National Law Uni
E0000003062,HIDAYATULLAHNATIONALLAWUNIV,SCHL,Hidayatullah National Law Univ
E0000003063,INDIANLAWINSTITUTE,SCHL,Indian Law Institute
E0000003064,AZERBAIJANLANGUAGESUNIVERSIT,SCHL,Azerbaijan Languages Universit
E0000003065,KARNATAKASTATELAWUNIVERSITY,SCHL,Karnataka State Law University
E0000003066,KIITUNIVERSITY,SCHL,KIIT University
E0000003067,NALSARUNIVERSITYOFLAW,SCHL,Nalsar University of Law
E0000003068,SAVEETHAUNIVERSITY,SCHL,Saveetha University
E0000003069,UNIVERSITYOFVIGO,SCHL,University of Vigo
E0000003070,MINJIANGUNIVERSITY,SCHL,Minjiang University
E0000003071,UNIOFARTSINDDESIGNLINZ,SCHL,Uni of Arts & Ind Design Linz
E0000003072,UNIVERSITYOFSHERBROOKE,SCHL,University of Sherbrooke
E0000003073,ESCEMBUSINESSSCHOOL,SCHL,ESCEM Business School
E0000003074,PTPERTAMINAPERSERO,SFTP,PT Pertamina (Persero)
E0000003075,INDIANINSTITUTEOFMASSCOMM,SCHL,Indian Institute of Mass Comm
E0000003076,ANDREWSUNIVERSITY,SCHL,Andrews University
E0000003077,MAZANDARANUOFSCITECH,SCHL,Mazandaran U of Sci & Tech
E0000003078,RYERSONUNIVERSITY,SCHL,Ryerson University
E0000003079,MONASHUNIVERSITYMALAYSIA,SCHL,Monash University Malaysia
E0000003080,PARKWAYCOLLEGE,SCHL,Parkway College
E0000003081,INSTITUTEFORADULTLEARNING,SCHL,Institute for Adult Learning
E0000003082,AUCKLANDUNIVERSITYOFTECH,SCHL,Auckland University of Tech
E0000003083,INSTOFCOSTACCOUNTANTSINDIA,SCHL,Inst of Cost Accountants India
E0000003084,LIAONINGUNIVERSITYOFTCM,SCHL,Liaoning University of TCM
E0000003085,PONTIFICALCATHOLICUNICHILE,SCHL,Pontifical Catholic Uni Chile
E0000003086,SAPPOROMEDICALUNIVERSITY,SCHL,Sapporo Medical University
E0000003087,DIGIPENINSTITUTEOFTECH,SCHL,DigiPen Institute of Tech
E0000003088,FAREASTERNNATIONALTECHUNI,SCHL,Far Eastern National Tech Uni
E0000003089,KAZANNATRESEARCHTECHUNI,SCHL,Kazan Nat Research Tech Uni
E0000003090,TDPARDEDEINSTOFSCITECH,SCHL,T.D. Pardede Inst of Sci&Tech
E0000003091,BATANGASSTATEUNIVERSITY,SCHL,Batangas State University
E0000003092,UNIVERSITYOFTOULOUSE,SCHL,University of Toulouse
E0000003093,FONTYSUNIOFAPPLIEDSCIENCES,SCHL,Fontys Uni of Applied Sciences
E0000003094,UNIVERSITYOFCAGLIARI,SCHL,University of Cagliari
E0000003095,NEWCASTLEUNIMEDICINEMSIA,SCHL,Newcastle Uni Medicine Msia
E0000003096,ALEXANDRIAUNIVERSITY,SCHL,Alexandria University
E0000003097,ADDISABABAUNIVERSITY,SCHL,Addis Ababa University
E0000003098,KUMARAGURUCOLLEGEOFTECH,SCHL,Kumaraguru College of Tech
E0000003099,POLYTECHNICUNIVOFTURIN,SCHL,Polytechnic Univ of Turin
E0000003100,SUNWAYUNIVERSITY,SCHL,Sunway University
E0000003101,HAMBURGUNIVOFAPPLIEDSCI,SCHL,Hamburg Univ of Applied Sci
E0000003102,CEBUINSTITUTEOFMEDICINE,SCHL,Cebu Institute of Medicine
E0000003103,CHINAUNIOFLABORRELATIONS,SCHL,China Uni of Labor Relations
E0000003104,UNIVERSITYOFBOLTON,SCHL,University of Bolton
E0000003105,TAYLORSUNIVERSITY,SCHL,TAYLOR'S UNIVERSITY
E0000003106,BRACUNIVERSITY,SCHL,BRAC University
E0000003107,EDHECBUSINESSSCHOOL,SCHL,EDHEC Business School
E0000003108,CHINACADOFAGRICULTURESCI,SCHL,Chin Acad of Agriculture Sci
E0000003109,PRATHYUSHAINSTITUTEOFTECHNO,SCHL,Prathyusha Institute of Techno
E0000003110,SRIJAYACHAMARAJENDRACOLLEGE,SCHL,Sri Jayachamarajendra College
E0000003111,MICHIGANTECHNOLOGICALUNIVERS,SCHL,Michigan Technological Univers
E0000003113,TECHNICALUNIOFMALAYSIAMALA,SCHL,Technical Uni of Malaysia Mala
E0000003114,UNIVERSITYPARISDESCARTES,SCHL,University Paris Descartes
E0000003115,ARTSETMETIERSPARISTECH,SCHL,Arts et metiers ParisTech
E0000003116,SOUTHWESTMINNESOTASTATEUNIV,SCHL,Southwest Minnesota State Univ
E0000003117,UNIVERSITYOFNORTHTEXAS,SCHL,University of North Texas
E0000003118,INDIANINSTITUTEOFTECHNOLOGY,SCHL,Indian Institute of Technology
E0000003119,COLLEGEOFENGINEERINGPUNE,SCHL,"College of Engineering, Pune"
E0000003120,YUNNANUNIVOFFINANCEECONS,SCHL,Yunnan Univ of Finance & Econs
E0000003121,JIMMAUNIVERSITY,SCHL,Jimma University
E0000003122,AMBOUNIVERSITY,SCHL,Ambo University
E0000003123,DALIANPOLYTECHNICUNIVERSITY,SCHL,Dalian Polytechnic University
E0000003124,GUNMAUNIVERSITY,SCHL,GUNMA UNIVERSITY
E0000003125,VANLANGUNIVERSITY,SCHL,Van Lang University
E0000003126,ACADEMYOFSOLNFOCUSTRAINING,SCHL,Academy of Soln Focus Training
E0000003127,CITYUNIVERSITYOFMACAU,SCHL,City University of Macau
E0000003128,SHAANXIOPENUNIVERSITY,SCHL,Shaanxi Open University
E0000003129,TAISHANUNIVERSITY,SCHL,Taishan University
E0000003130,SAINTMARYSUNIVERSITY,SCHL,Saint Mary's University
E0000003131,SAINTPETERSBURGACADEMICUNIV,SCHL,Saint Petersburg Academic Univ
E0000003132,QINGDAOAGRICULTURALUNIV,SCHL,Qingdao Agricultural Univ
E0000003133,UNIVERSITYOFRUHUNA,SCHL,University of Ruhuna
E0000003134,SRIRAMACHANDRAUNIVERSITY,SCHL,Sri Ramachandra University
E0000003135,UNIVERSITYOFLIMPOPO,SCHL,UNIVERSITY OF LIMPOPO
E0000003136,TANTAUNIVERSITY,SCHL,Tanta University
E0000003137,ALAZHARUNIVERSITY,SCHL,Al-Azhar University
E0000003138,ZAGAZIGUNIVERSITY,SCHL,Zagazig University
E0000003139,MANSOURAUNIVERSITY,SCHL,Mansoura University
E0000003140,BAPTISTTHEOLOGICALSEMINARY,SCHL,Baptist Theological Seminary
E0000003141,STANSFIELDCOLLEGE,SCHL,Stansfield College
E0000003142,JORDANUNIVOFSCIENCETECH,SCHL,Jordan Univ of Science & Tech
E0000003143,BIRMINGHAMCITYUNIVERSITY,SCHL,Birmingham City University
E0000003144,NORTHEASTAGRICULTURALUNIV,SCHL,Northeast Agricultural Univ
E0000003145,HUBEIUNIVERSITYOFECONOMICS,SCHL,Hubei University of Economics
E0000003146,WUHANPOLYTECHNICUNIVERSITY,SCHL,Wuhan Polytechnic University
E0000003147,CHINAWESTNORMALUNIVERSITY,SCHL,China West Normal University
E0000003148,CHANGCHUNUNIVERSITYOFTECH,SCHL,Changchun University of Tech
E0000003149,WUHANTEXTILEUNIVERSITY,SCHL,Wuhan Textile University
E0000003150,GUIZHOUUNIVERSITY,SCHL,Guizhou University
E0000003151,HUANGZHOUDIANZIUNIVERSITY,SCHL,Huangzhou Dianzi University
E0000003152,KADIRHASUNIVERSITY,SCHL,Kadir Has University
E0000003153,ISTANBULBILGIUNIVERSITY,SCHL,Istanbul Bilgi University
E0000003154,JIAMUSIUNIVERSITY,SCHL,Jiamusi University
E0000003155,HANGZHOUDIANZIUNIVERSITY,SCHL,Hangzhou Dianzi University
E0000003156,CENTENARYCOLLEGEOFLOUISIANA,SCHL,Centenary College of Louisiana
E0000003157,BANKOFINDONESIA,SFTP,Bank of Indonesia
E0000003158,STJOSEPHSCOLLEGEAUTONOMOUS,SCHL,St Joseph's College Autonomous
E0000003159,SEMBODAIRVPOLYCOLLEGE,SCHL,Sembodai R V Poly College
E0000003160,YANTAIAUTOENGGPROFCOLLEGE,SCHL,Yantai Auto Engg Prof College
E0000003161,SSCYRILMETHODIUSUNISKOPJE,SCHL,Ss Cyril Methodius Uni Skopje
E0000003162,PTTELEKOMUNIKASISELULAR,SFTP,PT TELEKOMUNIKASI SELULAR
E0000003163,UNIVOFCHIACADEMYOFSCI,SCHL,Univ of Chi Academy of Sci
E0000003164,GOECHEONUNIVERSITY,SCHL,Goecheon University
E0000003165,CHINACONSERVATORYOFMUSIC,SCHL,China Conservatory of Music
E0000003166,LNGEURASIANNATIONALU,SCHL,L.N. G Eurasian National U
E0000003167,UNIVERSITYOFKHARTOUM,SCHL,University of Khartoum
E0000003168,UNIVERSITYOFNORTHDAKOTA,SCHL,University of North Dakota
E0000003169,MAKEREREUNIVERSITY,SCHL,Makerere University
E0000003170,PLACOMMCOMDINST,SCHL,PLA Comm & Com'd Inst
E0000003171,ANHUIJIANZHUUNIVERSITY,SCHL,Anhui Jianzhu University
E0000003172,ANHUIPOLYTECHNICUNIVERSITY,SCHL,Anhui Polytechnic University
E0000003173,LANZHOUUNIVOFFINECONS,SCHL,LANZHOU UNIV OF FIN & ECONS
E0000003174,TAJENUNIVERSITY,SCHL,Tajen University
E0000003175,ZHEJIANGGONGSHANGUNIVERSITY,SCHL,Zhejiang Gongshang University
E0000003176,ZHEJIANGGONGSHANGUNIVERSITY,SCHL,Zhejiang Gongshang University
E0000003177,STGEORGESUNIVOFLONDON,SCHL,"St George's, Univ of London"
E0000003178,INNERMONGOLIAAGRIUNIV,SCHL,Inner Mongolia Agri Univ
E0000003179,INNERMONGOLIAUOFSCITECH,SCHL,Inner Mongolia U of Sci & Tech
E0000003180,GUANGZHOUUNIVOFCHINESEMED,SCHL,Guangzhou Univ of Chinese Med
E0000003181,UNIVERSITYOFPATRAS,SCHL,University of Patras
E0000003182,ASIAUNIVERSITY,SCHL,Asia University
E0000003183,SHIRAZUNIVOFMEDSCIENCE,SCHL,Shiraz Univ of Med Science
E0000003184,TABRIZUNIVOFMEDSCIENCE,SCHL,Tabriz Univ of Med Science
E0000003185,YANGTZEUNIVERSITY,SCHL,Yangtze University
E0000003186,NATIONALHSINCHUUNIVOFEDU,SCHL,National Hsinchu Univ of Edu
E0000003187,URMIAUNIVOFMEDICALSCIENCES,SCHL,Urmia Univ of Medical Sciences
E0000003188,SOUTHAMPTONSOLENTUNIVERSITY,SCHL,Southampton Solent University
E0000003189,YMCACENTREFORMASSMEDIA,SCHL,YMCA Centre for Mass Media
E0000003190,WUYIUNIVERSITY,SCHL,Wuyi University
E0000003191,TEHRANUNIVOFMEDSCIENCES,SCHL,Tehran Univ of Med Sciences
E0000003192,ESCOLASUPDEPGANDAEMKTING,SCHL,Escola Sup de P'ganda e Mkting
E0000003193,NORTHWESTNORMALUNIVERSITY,SCHL,Northwest Normal University
E0000003194,PUBLICSERVICEDEPTOFMSIA,SFTP,Public Service Dept of M'sia
E0000003195,ONCOLOGYNURSINGCERTCORP,SCHL,Oncology Nursing Cert Corp
E0000003196,AMERICANCHEMICALSOCIETY,SFTP,American Chemical Society
E0000003197,HOLIPPEUNIOFAPPLSC,SCHL,H O - Lippe Uni of Appl Sc
E0000003198,AUDITORGENERALSOFFICE,SFTP,Auditor-General's Office
E0000003199,HOGESCHOOLOFUTRECHT,SCHL,Hogeschool of Utrecht
E0000003200,EMILIOAGUINALDOCOLLEGE,SCHL,Emilio Aguinaldo College
E0000003201,LYCEUMNORTHWESTERNUNIVERSITY,SCHL,Lyceum-Northwestern University
E0000003202,UNIVOFPERPETUALHELPSYSTEM,SCHL,Univ of Perpetual Help System
E0000003203,ASSAMMEDICALCOLLEGE,SCHL,Assam Medical College
E0000003204,UNIVERSITYOFCOLORADOBOULDER,SCHL,University of Colorado Boulder
E0000003205,KOREANATIONALOPENUNIVERSITY,SCHL,Korea National Open University
E0000003206,UNIVERSITYOFPERUGIA,SCHL,University of Perugia
E0000003207,MINDEFMODES,SFTP,MINDEF (MODES)
E0000003208,TIANJINUNIVERSITYOFCOMMERCE,SCHL,Tianjin University Of Commerce
E0000003209,BUSINESSANDINFOTECHSCH,SCHL,Business and Info Tech Sch
E0000003210,SIENACOLLEGE,SCHL,Siena College
E0000003211,TCHAIKOVSKYNATMUSACAUKRA,SCHL,Tchaikovsky Nat Mus Aca Ukra
E0000003212,IHUBSOLUTIONSPTELTD,SFTP,iHub Solutions Pte Ltd
E0000003213,CARECORNERSINGAPORELTD,SFTP,Care Corner Singapore Ltd
E0000003214,MASDARINSTITUTEOFSCITECH,SCHL,Masdar Institute of Sci & Tech
E0000003215,M1LIMITED,SFTP,M1 Limited
E0000003216,OFFICEOFTHEGYALPOIZIMPON,SFTP,Office of the Gyalpoi Zimpon
E0000003217,PENANGMEDICALCOLLEGE,SCHL,Penang Medical College
E0000003218,COLEGIOESTUDIOSSUPADMIN,SCHL,Colegio Estudios Sup Admin
E0000003219,ECOLENATLSUPARTSDECORATIF,SCHL,Ecole Nat'l Sup Arts Decoratif
E0000003220,ESPCIPARISTECH,SCHL,ESPCI Paris Tech
E0000003221,NATLRESEARCHUNIVHISCHECON,SCHL,Natl Research Univ Hi Sch Econ
E0000003222,SHINSHUUNIVERSITY,SCHL,Shinshu University
E0000003223,OPENUNIVERSITYOFCHINA,SCHL,Open University of China
E0000003224,ULSANNATLINSTOFSCITECH,SCHL,Ulsan Natl Inst of Sci & Tech
E0000003225,GEMALTOPTELTD,SFTP,Gemalto Pte Ltd
E0000003226,BARNARDCOLLEGE,SCHL,Barnard College
E0000003227,UNIVERSITYOFPOTSDAM,SCHL,University of Potsdam
E0000003228,SPOREMITALLIANCEFORRTCTE,SFTP,Spore-MIT Alliance for R&T Cte
E0000003229,COLFUTURO,SFTP,COLFUTURO
E0000003230,BOHAIUNIVERSITY,SCHL,BOHAI UNIVERSITY
E0000003231,MCDANIELCOLLEGE,SCHL,McDaniel College
E0000003232,HELWANUNIVERSITY,SCHL,Helwan University
E0000003233,UNIVERSITYOFNEWMEXICO,SCHL,University of New Mexico
E0000003234,CHANGGUNGUNIVERSITY,SCHL,Chang Gung University
E0000003235,UNIFEDERALDESANTACATARINA,SCHL,Uni Federal de Santa Catarina
E0000003236,GAMBLINGREGULATORYAUTHORITY,SFTP,Gambling Regulatory Authority
E0000003237,INSTITUTEFORINFOCOMMRESEARC,SFTP,Institute for Infocomm Researc
E0000003238,FRENCHUNIVERSITYINARMENIA,SCHL,French University in Armenia
E0000003239,AMSTERDAMUNIVOFAPPLIEDSCI,SCHL,Amsterdam Univ of Applied Sci
E0000003240,JAINUNIVCTRFORMGMTSTUDIES,SCHL,Jain Univ-Ctr for Mgmt Studies
E0000003241,FINANCIALUNIVGOVTRUSFED,SCHL,Financial Univ Govt Rus Fed
E0000003242,PASADENACITYCOLLEGE,SCHL,Pasadena City College
E0000003243,MINISTRYOFMANPOWERMOM21,SFTP,Ministry of Manpower (MOM21)
E0000003244,NATIONALGALLERYSINGAPORE,SFTP,National Gallery Singapore
E0000003245,SREENIDHIINSTITUTEOFSCIENCE,SCHL,Sreenidhi Institute of Science
E0000003246,GIRIDIHCOLLEGE,SCHL,Giridih College
E0000003247,JJCOLLEGEOFENGRGTECH,SCHL,J.J. College of Engrg & Tech
E0000003248,SOONGSILITVOCATIONALEDUCTR,SCHL,Soongsil IT Vocational Edu Ctr
E0000003249,SWAMIVIVEKANANDAINSTITUTE,SCHL,Swami Vivekananda Institute
E0000003250,NATIONALCHUNGCHENGUNIV,SCHL,National Chung Cheng Univ
E0000003251,NCCEDUCATION,SCHL,NCC Education
E0000003252,NIITUNIVERSITY,SCHL,NIIT University
E0000003253,DHIRUBHAIAMBANIINSTITUTEICT,SCHL,Dhirubhai Ambani Institute ICT
E0000003254,PADMASRIDRBVRAJUINSTTECH,SCHL,Padmasri Dr BVRaju Inst Tech
E0000003255,TONDUCTHANGUNIVERSITY,SCHL,Ton Duc Thang University
E0000003256,NHATNGHEICTTRAININGCENTER,SCHL,Nhat Nghe ICT Training Center
E0000003257,METASIANMGMTDEVCENTRE,SCHL,MET Asian Mgmt Dev Centre
E0000003258,THOMASMOREUNIVERSITYCOLLEGE,SCHL,Thomas More University College
E0000003259,UNIVERSITYOFPADERBORN,SCHL,University of Paderborn
E0000003260,CANTERBURYCHRISTCHURCHUNIV,SCHL,Canterbury Christ Church Univ
E0000003261,SITGRADUATEINSTITUTE,SCHL,SIT Graduate Institute
E0000003262,AMERICANUNIVERSITYOFROME,SCHL,American University of Rome
E0000003263,RAJENDRAAGRICULTURALUBIHAR,SCHL,"Rajendra Agricultural U, Bihar"
E0000003264,UNIVERSITYOFGRANADA,SCHL,University of Granada
E0000003265,UNIVERSITYOFCORDOBA,SCHL,University of Cordoba
E0000003266,KSRANGASAMYCOLLEGEOFTECH,SCHL,K.S.Rangasamy College of Tech
E0000003267,DAMASCUSUNIVERSITY,SCHL,Damascus University
E0000003268,BANNARIAMMANINSTITUTEOFTEC,SCHL,Bannari Amman Institute of Tec
E0000003269,PRINCESULTANUNIVERSITY,SCHL,Prince Sultan University
E0000003270,VINAYAKAMISSIONSUNIVERSITY,SCHL,Vinayaka Missions University
E0000003271,INDINSTOFENGSCITECHSHIBPUR,SCHL,Ind Inst of EngSciTech Shibpur
E0000003272,THENEWSCHOOL,SCHL,The New School
E0000003273,PERIYARMANIAMMAIUNIVERSITY,SCHL,Periyar Maniammai University
E0000003274,PENSACOLACHRISTIANCOLLEGE,SCHL,Pensacola Christian College
E0000003275,MOIUNIVERSITY,SCHL,MOI University
E0000003276,UNIVERSITYOFPAVIA,SCHL,University of Pavia
E0000003277,NATIONALYANGMINGUNIVERSITY,SCHL,National Yang-Ming University
E0000003278,MULTIMEDIANUSANTARAUNIV,SCHL,Multimedia Nusantara Univ
E0000003279,UNIVOFBORDJBOUARRERIDJ,SCHL,Univ Of Bordj Bou Arreridj
E0000003280,LARBIBENMHIDIUNIVERSITY,SCHL,Larbi Ben M'Hidi University
E0000003281,GLOBALOPENUNIVERSITY,SCHL,Global Open University
E0000003282,BANDARANAIKEINTLDIPTRNINST,SCHL,Bandaranaike Intl Dip Trn Inst
E0000003283,DRHARISINGHGOURUNIVERSITY,SCHL,Dr Hari Singh Gour University
E0000003284,PRAYAGSANGEETSAMITI,SCHL,Prayag Sangeet Samiti
E0000003285,CHANGCHUNGUANGHUAUNIVERSITY,SCHL,Changchun Guanghua University
E0000003286,UDMURTSTATEUNIVERSITY,SCHL,Udmurt State University
E0000003287,SHANGHAIINSTFORINTLSTUDIES,SCHL,Shanghai Inst for Intl Studies
E0000003288,VNKARAZINKHARKIVNATLUNIV,SCHL,V N Karazin Kharkiv Nat'l Univ
E0000003289,CONCORDIACOLLEGE,SCHL,Concordia College
E0000003290,HONGKONGSHUEYANUNIVERSITY,SCHL,Hong Kong Shue Yan University
E0000003291,MISSOURISTATEUNIVERSITY,SCHL,Missouri State University
E0000003292,OZARKSTECHCOMMUNITYCOLLEGE,SCHL,Ozarks Tech Community College
E0000003293,CHHATTISGARHSWAMIVIVEKANANDTU,SCHL,ChhattisgarhSwamiVivekanandTU
E0000003294,NILEUNIVERSITY,SCHL,Nile University
E0000003295,UNIVERSITYOFMISSISSIPPI,SCHL,University of Mississippi
E0000003296,SOUTHWESTMINZUUNIVERSITY,SCHL,Southwest Minzu University
E0000003297,FAYOUMUNIVERSITY,SCHL,Fayoum University
E0000003298,ALBALQAAPPLIEDUNIVERSITY,SCHL,Al-Balqa' Applied University
E0000003299,KIMEPUNIVERSITY,SCHL,KIMEP University
E0000003300,SHRIGURUGOBINDSINGHJIINST,SCHL,Shri Guru Gobind Singhji Inst
E0000003301,NANTONGUNIVERSITY,SCHL,Nantong University
E0000003302,UVAWELLASSAUNIVERSITY,SCHL,Uva Wellassa University
E0000003303,STICOLLEGE,SCHL,STI College
E0000003304,SOOCHOWUNIVERSITYCHINA,SCHL,Soochow University (China)
E0000003305,ECOLECENTRALEMARSEILLE,SCHL,Ecole Centrale Marseille
E0000003306,NUSSUZHOURESEARCHINST,SCHL,NUS (Suzhou) Research Inst.
E0000003307,NATIONALTECHUNIVOFATHENS,SCHL,National Tech Univ of Athens
E0000003308,KWANDONGUNIVERSITY,SCHL,Kwandong University
E0000003309,INTLINSTOFITBANGALORE,SCHL,"Int'l Inst of IT, Bangalore"
E0000003310,LOVELYPROFESSIONALUNIVERSITY,SCHL,Lovely Professional University
E0000003311,STPETERSUNIVERSITY,SCHL,St.Peter's University
E0000003312,SRIRAMAKRISHNAENGCOLLEGE,SCHL,Sri Ramakrishna Eng College
E0000003313,WOLLOUNIVERSITY,SCHL,Wollo University
E0000003314,NORTHCHINAINSTOFSCITECH,SCHL,North China Inst of Sci & Tech
E0000003315,GITAMUNIVERSITY,SCHL,GITAM University
E0000003316,UNIVERSITYOFRICHMOND,SCHL,University of Richmond
E0000003317,NINGXIAUNIVERSITY,SCHL,Ningxia University
E0000003318,NIAGARAUNIVERSITY,SCHL,Niagara University
E0000003319,NONGLAMUNIVERSITY,SCHL,Nong Lam University
E0000003320,UNIVERSITYOFSCIENCEANDTECH,SCHL,University of Science and Tech
E0000003321,NATLUNIOFEDUPLANGADM,SCHL,Nat'l Uni of Edu Plan'g & Adm
E0000003322,DIBRUGARHUNIVERSITY,SCHL,Dibrugarh University
E0000003323,SHANDONGUNIVERSITYOFFINANCE,SCHL,Shandong University of Finance
E0000003324,UNIVERSITYOFNORDLAND,SCHL,University of Nordland
E0000003325,NANZANUNIVERSITY,SCHL,Nanzan University
E0000003326,SINGAPORENATIONALEYECENTRE,SFTP,Singapore National Eye Centre
E0000003327,STAEROSPACESERVICESCOPL,SFTP,ST Aerospace Services Co P/L
E0000003328,WUZHOUUNIVERSITY,SCHL,Wuzhou University
E0000003329,TEMPLEUNIVERSITYJAPANCAMPUS,SCHL,Temple University Japan Campus
E0000003330,COUNCILONINTLEXCHANGECIEE,SCHL,Council on Intl Exchange(CIEE)
E0000003331,SPANISHSTUDIESABROAD,SCHL,Spanish Studies Abroad
E0000003332,MARTINLUTHERUHALLEWITTENBE,SCHL,Martin Luther U Halle-Wittenbe
E0000003333,ZHAWZURICHUOFAPPSCIENCES,SCHL,ZHAW Zurich U of App Sciences
E0000003334,ORDEROFATTORNEYSOFBRAZIL,SCHL,Order of Attorneys of Brazil
E0000003335,GLOBALASSOCIATIONOFRISKPRO,SCHL,Global Association of Risk Pro
E0000003336,SCHOOLOFORIENTALANDAFRICAN,SCHL,School of Oriental and African
E0000003337,AWWALTD,SFTP,AWWA Ltd
E0000003338,THECITADELMILITARYCOLLAGESC,SCHL,The Citadel MilitaryCollageSC
E0000003339,GLOBALSERVICESENGRGASIA,SFTP,Global Services Engrg - Asia
E0000003340,SUNYCOLLEGEOFENVSCIFORE,SCHL,SUNY College of Env Sci & Fore
E0000003341,OTTOVONGUERICKEUNIVMAGDEBURG,SCHL,OttovonGuericke Univ Magdeburg
E0000003342,UNIVERSITYOFSIEGEN,SCHL,University of Siegen
E0000003343,UNIVERSITYOFCHILE,SCHL,University of Chile
E0000003344,SSINDUSTRIALSUPTECHSVC,SFTP,S.S. Industrial Sup & Tech Svc
E0000003345,VICTORIAUNIVERSITY,SCHL,Victoria University
E0000003346,OTTAWAUNIVERSITY,SCHL,Ottawa University
E0000003347,ECOLEPOLYTECHNICESOPHIA,SCHL,Ecole Polytech'Nice Sophia
E0000003348,PLASHIJIAZHUANGMECHINFACAD,SCHL,PLA Shijiazhuang Mech Inf Acad
E0000003349,PLAANTICHEMCOMMENGINST,SCHL,PLA Anti-Chem Comm & Eng Inst
E0000003350,ASIANPASTORALINSTITUTE,SCHL,Asian Pastoral Institute
E0000003351,KYONGGIUNIVERSITY,SCHL,Kyonggi University
E0000003352,TECHNISCHEUNIBRAUNSCHWEIG,SCHL,Technische Uni Braunschweig
E0000003353,GOODRICHAEROSPACEPTELTD,SFTP,Goodrich Aerospace Pte Ltd
E0000003354,BEIJINGXINGHUAUNIVERSITY,SCHL,Beijing Xinghua University
E0000003355,XIANUNIVOFSCIENCETECH,SCHL,Xi'an Univ of Science & Tech
E0000003356,NATIONALUNIOFMONGOLIA,SCHL,National Uni of Mongolia
E0000003357,CENTRALESUPELEC,SCHL,CentraleSupelec
E0000003358,HENDRIXCOLLEGE,SCHL,Hendrix College
E0000003359,HKINSTIOFCERTPUBLCACCOUNT,SCHL,HK Insti of Cert Publc Account
E0000003360,GWANGJUINSTOFSCITECH,SCHL,Gwangju Inst of Sci & Tech
E0000003361,CHICHESTERCOLLEGE,SCHL,Chichester College
E0000003362,GRANDVALLEYSTATEUNIVERSITY,SCHL,Grand Valley State University
E0000003363,YUANZEUNIVERSITY,SCHL,Yuan Ze University
E0000003364,CHONGQINGMEDICALUNIVERSITY,SCHL,Chongqing Medical University
E0000003365,ABERYSTWYTHUNIVERSITY,SCHL,Aberystwyth University
E0000003366,YAROSLAVMUDRYINATIONALLAWU,SCHL,Yaroslav Mudryi National Law U
E0000003367,UNIVERSITYOFLUCERNE,SCHL,University of Lucerne
E0000003368,NICOLAUSCOPERNICUSUNIVERSITY,SCHL,Nicolaus Copernicus University
E0000003369,LAVALUNIVERSITY,SCHL,Laval University
E0000003370,CHANGZHOUUNIVERSITY,SCHL,Changzhou University
E0000003371,GUANGDONGUNIOFFINANCEECONS,SCHL,Guangdong Uni of Finance&Econs
E0000003372,JIANGSUPOLICEINSTITUTE,SCHL,Jiangsu Police Institute
E0000003373,SHANDONGUNIOFPOLSCILAW,SCHL,Shandong Uni of Pol Sci & Law
E0000003374,SHANGHAICUSTOMSCOLLEGE,SCHL,Shanghai Customs College
E0000003375,SHANGHAIUNIOFPOLSCILAW,SCHL,Shanghai Uni of Pol Sci & Law
E0000003376,SOUTHWESTUNIOFPOLSCILAW,SCHL,Southwest Uni of Pol Sci & Law
E0000003377,WEIFANGUNIVERSITY,SCHL,Weifang University
E0000003378,UNIVERSITEPARISNANTERRE,SCHL,Universite Paris Nanterre
E0000003379,PAULCEZANNEUNIVERSITY,SCHL,Paul Cezanne University
E0000003380,UNIVERSITYOFLILLEII,SCHL,University of Lille II
E0000003381,FREEUNIVERSITYOFTBILISI,SCHL,Free University of Tbilisi
E0000003382,NATIONALLAWUNIVERSITYDELHI,SCHL,"National Law University, Delhi"
E0000003383,NATLUNIOFSTUDYRESINLAW,SCHL,Nat'l Uni of Study &Res in Law
E0000003384,UNIOFPETROLEUMENERGYSTUD,SCHL,Uni of Petroleum & Energy Stud
E0000003385,AMERICANUNIOFCENTRALASIA,SCHL,American Uni of Central Asia
E0000003386,KYRGYZRUSSIANSLAVICUNI,SCHL,Kyrgyz-Russian Slavic UnI
E0000003387,ESCUELALIBREDEDERECHO,SCHL,Escuela Libre de Derecho
E0000003388,ESCUELALIBREDEDERECHO,SCHL,Escuela Libre de Derecho
E0000003389,UNIOFTHEARTSHELSINKISA,SCHL,Uni of the Arts Helsinki - SA
E0000003390,SHANGHAIORCHESTRAACADEMY,SCHL,Shanghai Orchestra Academy
E0000003391,BOLIVIANCATHOLICUNIVERSITY,SCHL,Bolivian Catholic University
E0000003392,KUHNELOGISTICSUNIVERSITY,SCHL,Kuhne Logistics University
E0000003393,BABAFARIDUNIVOFHEALTHSCI,SCHL,Baba Farid Univ of Health Sci
E0000003394,ALNAHRAINUNIVERSITY,SCHL,Al-Nahrain University
E0000003395,UNIFORMEDSERVICESUNIVERSITY,SCHL,Uniformed Services University
E0000003396,PALAWANSTATEUNIVERSITY,SCHL,Palawan State University
E0000003397,RUSSIANSTATEMEDICALUNI,SCHL,RUSSIAN STATE MEDICAL UNI
E0000003398,SARAHLAWRENCECOLLEGE,SCHL,Sarah Lawrence College
E0000003399,BLEKINGEINSTITUTEOFTECH,SCHL,Blekinge Institute of Tech
E0000003400,LINDENWOODUNIVERSITY,SCHL,Lindenwood University
E0000003401,JAWAHARLALINSTPGMEDEDURSH,SCHL,Jawaharlal Inst PG Med Edu Rsh
E0000003402,SBSTRANSITLTD,SFTP,SBS Transit Ltd
E0000003403,UNIVERSITYOFBAGHDAD,SCHL,UNIVERSITY OF BAGHDAD
E0000003404,MOSCOWSTUNIVECONSTATSINFO,SCHL,Moscow St Univ EconStatsInfo
E0000003405,EGEUNIVERSITY,SCHL,Ege University
E0000003406,ISTANBULKULTURUNIVERSITY,SCHL,Istanbul Kultur University
E0000003407,KAFKASUNIVERSITY,SCHL,Kafkas University
E0000003408,UNIVERSITYOFBASRAH,SCHL,University of Basrah
E0000003409,TIANSHUINORMALUNIVERSITY,SCHL,Tianshui Normal University
E0000003410,NAZARBAYEVUNIVERSITY,SCHL,Nazarbayev University
E0000003411,AMERICANUNIVERSITYOFBEIRUT,SCHL,American University of Beirut
E0000003412,UNIVERSITYOFBUENOSAIRES,SCHL,University of Buenos Aires
E0000003413,TORCUATODITELLAUNIVERSITY,SCHL,Torcuato di Tella University
E0000003414,CENTRALELECNICSENGRESINST,SCHL,Central Elec'nics Eng Res Inst
E0000003415,UNIVPERUANADECIENCIASADAS,SCHL,Univ Peruana de Ciencias A'das
E0000003416,TECNOLOGIODEMONTERREYPERU,SCHL,Tecnologio De Monterrey Peru
E0000003417,ESANUNIVERSITY,SCHL,ESAN University
E0000003418,THEONEACADEMYPENANG,SCHL,The One Academy Penang
E0000003419,UNIVOFNOTTINGHAMMALAYSIA,SCHL,"Univ of Nottingham, Malaysia"
E0000003420,UNIVERSITYOFMALTA,SCHL,University of Malta
E0000003421,UNIVERSITYOFLUGANO,SCHL,University of Lugano
E0000003422,TRENTUNIVERSITY,SCHL,Trent University
E0000003423,GEORGIANAMERICANUNIVERSITY,SCHL,Georgian-American University
E0000003424,INTERNATIONALCHRISTIANUNIV,SCHL,International Christian Univ
E0000003425,UNIVOFMEDICINEMANDALAY,SCHL,"Univ of Medicine, Mandalay"
E0000003426,JIWAJIUNIVERSITY,SCHL,Jiwaji University
E0000003427,NATIONALECONOMICSUNIVERSITY,SCHL,National Economics University
E0000003428,KYRGYZNATIONALUNIVERSITY,SCHL,Kyrgyz National University
E0000003429,DEPAULUNIVERSITY,SCHL,DePaul University
E0000003430,DEVRYUNIVERSITYCHICAGO,SCHL,DeVry University Chicago
E0000003431,PLAUNIOFFOREIGNLANGUAGES,SCHL,PLA Uni of Foreign Languages
E0000003432,INSTOFLANGCULTURESTUDIES,SCHL,Inst of Lang & Culture Studies
E0000003433,WESTERNWASHINGTONUNIVERSITY,SCHL,Western Washington University
E0000003434,INDINSTOFSURVEYGMAPPING,SCHL,Ind Inst of Survey'g & Mapping
E0000003435,PREKLEAPNATLCOLLEGEAGRI,SCHL,Prek Leap Nat'l College Agri
E0000003436,NORTONUNIVERSITY,SCHL,Norton University
E0000003437,SILLIMANUNIVERSITY,SCHL,Silliman University
E0000003438,HAIPHONGUNIVERSITY,SCHL,Hai Phong University
E0000003439,DRGRAHAMSHOMESSCHOOL,SCHL,Dr. Graham's Homes School
E0000003440,CEGEPDESHERBROOKE,SCHL,Cegep de Sherbrooke
E0000003441,DELHIPUBLICSCHVASANTKUNJ,SCHL,"Delhi Public Sch, Vasant Kunj"
E0000003442,WHATCOMCOMMUNITYCOLLEGE,SCHL,Whatcom Community College
E0000003443,INDIANINSTOFTECHHYDERABAD,SCHL,"Indian Inst of Tech, Hyderabad"
E0000003444,GENEVAACADEMY,SCHL,Geneva Academy
E0000003445,NATLUNIVOFPUBLICSERVICE,SCHL,Nat'l Univ of Public Service
E0000003446,MATSUNIVERSITY,SCHL,MATS University
E0000003447,JUDICIALRESTRAININGINST,SCHL,Judicial Res. & Training Inst
E0000003448,SHIVNADARUNIVERSITY,SCHL,Shiv Nadar University
E0000003449,POLYTECHNICUNIVERSITYOFBARI,SCHL,Polytechnic University of Bari
E0000003450,GUAMBOARDOFACCOUNTANCY,SCHL,Guam Board of Accountancy
E0000003451,CHENGDUINTERNATIONALSCHOOL,SCHL,Chengdu International School
E0000003452,MINDEFMODES,SFTP,MINDEF (MODES)
E0000003453,ESCUELASUPDEECONYNEGOCIOS,SCHL,Escuela Sup de Econ y Negocios
E0000003454,UNIVERSITYOFFLORENCE,SCHL,University of Florence
E0000003455,SULTANAGUNGISLAMICUNIV,SCHL,Sultan Agung Islamic Univ
E0000003456,UNIVOFAPPSCIWESTSWITLAND,SCHL,Univ of App Sci West Swit'land
E0000003457,EASTUKRAINENATIONALUNIV,SCHL,East Ukraine National Univ
E0000003458,SHANGHAIINSTITUTEOFCERAMICS,SCHL,Shanghai Institute of Ceramics
E0000003459,UNIVERSITYOFBRIGHTON,SCHL,University of Brighton
E0000003460,BOISESTATEUNIVERSITY,SCHL,Boise State University
E0000003461,RESCTRFORECOENVSCIENCES,SCHL,Res. Ctr for Eco-Env. Sciences
E0000003462,YILDIZTECHNICALUNIVERSITY,SCHL,Yildiz Technical University
E0000003463,RAWALPINDIMEDICALCOLLEGE,SCHL,Rawalpindi Medical College
E0000003464,PERMSTATEUNIVERSITY,SCHL,Perm State University
E0000003465,KOREAAEROSPACEUNIVERSITY,SCHL,Korea Aerospace University
E0000003466,MIYAZAKIMEDICALCOLLEGE,SCHL,Miyazaki Medical College
E0000003467,PHILIPPUNIVERSITYOFMARBURG,SCHL,Philipp University of Marburg
E0000003468,UNIVERSITYOFSHARJAH,SCHL,University of Sharjah
E0000003469,NATINSTOFTECHKURUKSHETRA,SCHL,"Nat Inst of Tech, Kurukshetra"
E0000003470,UNIVERSITYOFDUISBURGESSEN,SCHL,University of Duisburg-Essen
E0000003471,SEOULNATUNIVOFSCITECH,SCHL,Seoul Nat Univ of Sci & Tech
E0000003472,UNIVERSITYOFSANSIMON,SCHL,University of San Simon
E0000003473,UNIVERSITYCOLLEGEUTRECHT,SCHL,University College Utrecht
E0000003474,CHRISTIANBROTHERSUNIVERSITY,SCHL,Christian Brothers University
E0000003475,INSTOFCHEMICALTECHNOLOGY,SCHL,Inst of Chemical Technology
E0000003476,PERMSTATETECHNICALUNIV,SCHL,Perm State Technical Univ
E0000003477,RUSPRESACADOFNATECONPA,SCHL,Rus Pres Acad of Nat Econ & PA
E0000003478,PLA2NDARTIENGGUNIVERSITY,SCHL,PLA 2nd Arti Eng'g University
E0000003479,SHANXIAGRICULTURALUNIVERSITY,SCHL,Shanxi Agricultural University
E0000003480,UNIVOFPETROLEUMEASTCHINA,SCHL,"Univ of Petroleum, East China"
E0000003481,PRINCEMOHAMMADBINFAHDUNIV,SCHL,Prince Mohammad bin Fahd Univ
E0000003482,MYANMARINSTITUTEOFTHEOLOGY,SCHL,Myanmar Institute of Theology
E0000003483,AZERBAIJANSTATEUNIVOFECONS,SCHL,Azerbaijan State Univ of Econs
E0000003484,TOKYOMETROPOLITANUNIVERSITY,SCHL,Tokyo Metropolitan University
E0000003485,SEIJOUNIVERSITY,SCHL,Seijo University
E0000003486,SHENYANGUNIVERSITYOFTECH,SCHL,Shenyang University of Tech
E0000003487,KAZAKHSTATEACADEMYOFMGMT,SCHL,Kazakh State Academy of Mgmt
E0000003488,MALDIVESNATIONALUNIVERSITY,SCHL,Maldives National University
E0000003489,UNIVERSITYOFTURIN,SCHL,University of Turin
E0000003490,LUOYANGNORMALUNIVERSITY,SCHL,Luoyang Normal University
E0000003491,MACKENZIEPRESBYTERIANUNIV,SCHL,Mackenzie Presbyterian Univ
E0000003492,INFORMATICSINSTITUTEOFTECH,SCHL,Informatics Institute of Tech
E0000003493,ROYALCOLLGOFGENPRACTNERS,SCHL,Royal Collg of Gen Pract'ners
E0000003494,CATHOLICUNIVERSITYOFAMERICA,SCHL,Catholic University of America
E0000003495,INSTOFDISPREVNSCITECH,SCHL,Inst of Dis'- Prev'n Sci&Tech
E0000003496,JAINUNIVERSITY,SCHL,Jain University
E0000003497,AMBEDKARUNIVERSITYDELHI,SCHL,"Ambedkar University, Delhi"
E0000003498,SOUTHASIANUNIVERSITY,SCHL,South Asian University
E0000003499,HEMCHANDRACHARYANORTHGUJARATU,SCHL,HemchandracharyaNorthGujarat U
E0000003500,UNIVERSITYOFGONDAR,SCHL,University of Gondar
E0000003501,SUNGSHINWOMENSUNIVERSITY,SCHL,Sungshin Women's University
E0000003502,BSABDURRAHMANUNIVERSITY,SCHL,B.S. Abdur Rahman University
E0000003503,YARMOUKUNIVERSITY,SCHL,Yarmouk University
E0000003504,ENSEEIHT,SCHL,ENSEEIHT
E0000003505,LIAONINGTECHNICALUNIVERSITY,SCHL,Liaoning Technical University
E0000003506,HEBEIUNIVOFECONSBUSINESS,SCHL,Hebei Univ of Econs & Business
E0000003507,INTERFACBIOTECHUMEDUOFGDANSK,SCHL,InterFacBiotechU&MedUofGdansk
E0000003508,DUBLININSTITUTEOFTECHNOLOGY,SCHL,Dublin Institute of Technology
E0000003509,MACAUUNIVOFSCIENCEANDTECH,SCHL,Macau Univ of Science and Tech
E0000003510,HASHEMITEUNIVERSITY,SCHL,Hashemite University
E0000003511,INSTITUTOPOLITECNICONACIONAL,SCHL,Instituto Politecnico Nacional
E0000003512,UNIVFELIXHOUPHOUETBOIGNY,SCHL,Univ Felix Houphouet-Boigny
E0000003513,LANZHOUJIAOTONGUNIVERSITY,SCHL,Lanzhou Jiaotong University
E0000003514,POSTSTELECOMSINSTOFTECH,SCHL,Posts & Telecoms Inst of Tech
E0000003515,CHANGSHAUNIVOFSCITECH,SCHL,Changsha Univ of Sci & Tech
E0000003516,KIMILSUNGUNIVERSITY,SCHL,Kim Il Sung University
E0000003517,UNIVERSITYOFMILANOBICOCCA,SCHL,University of Milano-Bicocca
E0000003518,CHANGZHOUINSTITUTEOFTECH,SCHL,Changzhou Institute of Tech
E0000003519,NATIONALSCHOFGEOGRAPHICSCI,SCHL,National Sch of Geographic Sci
E0000003520,KYRGYZSTUOFCONTRANSARCH,SCHL,"Kyrgyz St U of Con,Trans&Arch"
E0000003521,UCSIUNIVERSITY,SCHL,UCSI University
E0000003522,HLJPROVINCESCHOOLOFADMIN,SCHL,HLJ Province School of Admin
E0000003523,HENANAGRICULTURALUNIVERSITY,SCHL,Henan Agricultural University
E0000003524,SHIHEZIUNIVERSITY,SCHL,Shihezi University
E0000003525,HUBEIRADIOTELEVISIONUNIV,SCHL,Hubei Radio & Television Univ
E0000003526,SHANGHAIINSTOFURBANCONSTR,SCHL,Shanghai Inst of Urban Constr
E0000003527,BEIHUAUNIVERSITY,SCHL,Beihua University
E0000003528,SHIHCHIENUNIVERSITY,SCHL,Shih Chien University
E0000003529,BEIJINGJINGCHENGSCHOFACCT,SCHL,Beijing Jingcheng Sch of Acct
E0000003530,BEIJINGSCITECHECONMGTCOL,SCHL,Beijing Sci Tech Econ Mgt Col
E0000003531,SICHUANECONANDMGMTCOLLEGE,SCHL,Sichuan Econ and Mgmt College
E0000003532,SHANXIDATONGUNIVERSITY,SCHL,Shanxi Datong University
E0000003533,ABSHETTYMEMLINSTDENSCI,SCHL,AB Shetty Mem'l Inst Den Sci
E0000003534,INFRAUNIVKUALALUMPUR,SCHL,Infra Univ Kuala Lumpur
E0000003535,BRNOUNIVERSITYOFTECHNOLOGY,SCHL,Brno University of Technology
E0000003536,LOUISPRESTONTRLTOURISMTRNCTR,SCHL,LouisPrestonTrl&TourismTrnCtr
E0000003537,ININGHIGHSCHOOL,SCHL,I-NING High School
E0000003538,STPETERHIGHSCHOOL,SCHL,St. Peter High School
E0000003539,BLAISEPASCALUNIVERSITY,SCHL,Blaise Pascal University
E0000003540,PANAFRICANUNIVERSITY,SCHL,Pan African University
E0000003541,JOMOKENYATTAUOFAGRITECH,SCHL,Jomo Kenyatta U of Agri & Tech
E0000003542,UNIVERSITIMALAYSIAPAHANG,SCHL,Universiti Malaysia Pahang
E0000003543,UNIVERSITYOFALCALA,SCHL,University of Alcala
E0000003544,CENTRALAMERICANTECHUNIV,SCHL,Central American Tech Univ
E0000003545,UNIVERSITYOFFRIBOURG,SCHL,University of Fribourg
E0000003546,UNIVERSITYOFBERN,SCHL,University of Bern
E0000003547,UNIVERSITYOFMALAGA,SCHL,University of Malaga
E0000003548,UNIVERSITYOFGDANSK,SCHL,University of Gdansk
E0000003549,STAMBROSEUNIVERSITY,SCHL,St. Ambrose University
E0000003550,INTLINSTOFITHYDERABAD,SCHL,Intl Inst of IT Hyderabad
E0000003551,BINORWEGIANBUSINESSSCHOOL,SCHL,BI Norwegian Business School
E0000003552,HUAMEITRAININGACADEMY,SCHL,Hua Mei Training Academy
E0000003553,MYONGJIUNIVERSITY,SCHL,Myongji University
E0000003554,YEUNGNAMUNIVERSITY,SCHL,Yeungnam University
E0000003555,KALASALINGAMUNIVERSITY,SCHL,Kalasalingam University
E0000003556,EASTERNLIAONINGUNIVERSITY,SCHL,Eastern Liaoning University
E0000003557,ESSILORRDCENTRESINGAPORE,SFTP,Essilor R & D Centre Singapore
E0000003558,FAREASTMANAGEMENTPTELTD,SFTP,Far East Management (Pte) Ltd
E0000003559,UNIVERSITYOFTHEARTSLONDON,SCHL,University of the Arts London
E0000003560,SITSTUDYABROAD,SCHL,SIT Study Abroad
E0000003561,FINESHEETMETALTECHNOLOGIES,SFTP,Fine Sheetmetal Technologies
E0000003562,COUNCILFORESTATEAGENCIES,SFTP,Council for Estate Agencies
E0000003563,INTLNWKEDUSUPHIGHEREDU,SCHL,Intl Nwk Edu Sup Higher Edu
E0000003564,RUSSIANARMENIANSLAVONICUNI,SCHL,Russian-Armenian(Slavonic) Uni
E0000003565,MFBACADEMYOFFINANCE,SCHL,MFB Academy of Finance
E0000003566,ARAMCOASIA,SFTP,Aramco Asia
E0000003567,SENGKANGGENERALHOSPITALPL,SFTP,Sengkang General Hospital P.L
E0000003568,EASTCAROLINAUNIVERSITY,SCHL,East Carolina University
E0000003569,MINISTRYOFMANPOWERMOM2,SFTP,Ministry of Manpower (MOM20)
E0000003570,PRIMEMINISTERSOFFICEPMO2,SFTP,Prime Minister's Office(PMO02)
E0000003571,EUROPEANINNOVATIONACADEMY,SCHL,European Innovation Academy
E0000003572,SKILLSFUTURESINGAPORESSG22,SFTP,SkillsFuture Singapore (SSG22)
E0000003573,SWIBERCORPORATEPTELTD,SFTP,Swiber Corporate Pte Ltd
E0000003574,ASHOKAUNIVERSITY,SCHL,Ashoka University
E0000003575,FEIYUECOMMUNITYSERVICES,SFTP,Fei Yue Community Services
E0000003576,MCYCCOMMUNSERVSOCIETY,SFTP,MCYC Commun. Serv Society
E0000003577,CENTRO,SCHL,Centro
E0000003578,FINANCIALSERVICESAGENCYJPN,SFTP,"Financial Services Agency, JPN"
E0000003579,MANNHEIMUNIVOFAPPLIEDSCI,SCHL,Mannheim Univ of Applied Sci
E0000003580,INSTFORRRSHONSCITECH,OTHR,Inst for Rrsh on Sci & Tech
E0000003581,CONNECTICUTCOLLEGE,SCHL,Connecticut College
E0000003582,SPOREAEROSPACEMANUFACTURING,SFTP,S'pore Aerospace Manufacturing
E0000003583,BARDCOLLEGE,SCHL,Bard College
E0000003584,BARDCOLLEGEATSIMONSROCK,SCHL,Bard College at Simon's Rock
E0000003585,DUBLINCITYUNIVERSITY,SCHL,Dublin City University
E0000003586,NNAMDIAZIKIWEUNIVERSITY,SCHL,Nnamdi Azikiwe University
E0000003587,QIQIHARUNIVERSITY,SCHL,Qiqihar University
E0000003588,BHARATHUNIVERSITY,SCHL,Bharath University
E0000003589,CENTRALFOODTECHRSRCHINST,SCHL,Central Food Tech Rsrch Inst
E0000003590,GICPRIVATELIMITED,SFTP,GIC Private Limited
E0000003591,JAYPEEUNIOFINFORMATIONTECH,SCHL,Jaypee Uni of Information Tech
E0000003592,HIROSHIMACITYUNIVERSITY,SCHL,Hiroshima City University
E0000003593,SARANATHANCOLLEGEOFENGRG,SCHL,Saranathan College of Engrg
E0000003594,XIANUNIOFPOSTSTELECOMS,SCHL,Xi'an Uni of Posts & Telecoms
E0000003595,ROSSUNIVERSITY,SCHL,Ross University
E0000003596,SURESHGYANVIHARUNIVERSITY,SCHL,Suresh Gyan Vihar University
E0000003597,SRIMANAKULAVINAYAGARENGCOL,SCHL,Sri Manakula Vinayagar Eng Col
E0000003598,HUIZHOUUNIVERSITY,SCHL,Huizhou University
E0000003599,SWAMIKESHVANANDINSTTECHMGMTG,SCHL,Swami Keshvanand InstTechMgmtG
E0000003600,HERITAGEINSTITUTEOFTECH,SCHL,Heritage Institute of Tech
E0000003601,GOVTWOMENENGINEERINGCOLLEGE,SCHL,Govt Women Engineering College
E0000003602,SAINTGITSCOLLEGEOFENGG,SCHL,SAINTGITS College of Engg
E0000003603,INDIRAGANDHIINSTOFTECHDELHI,SCHL,Indira Gandhi InstofTechDelhi
E0000003604,SHRIGOVINDRAMSEKSARIAINSTECSCI,SCHL,ShriGovindramSeksariaInsTecSci
E0000003605,SRISAIRAMINSTITUTEOFTECH,SCHL,Sri Sairam Institute of Tech
E0000003606,SRISIVASUBRAMANIYANADARCOLL,SCHL,Sri Sivasubramaniya Nadar Coll
E0000003607,MALLAREDDYENGINEERINGCOLL,SCHL,Malla Reddy Engineering Coll
E0000003608,NARSEEMONJEEINSTMGMTSTUDIES,SCHL,Narsee Monjee InstMgmtStudies
E0000003609,SHRIVAISHNAVINSTTECHSCI,SCHL,Shri Vaishnav Inst Tech & Sci
E0000003610,CHINAUNIVOFPETROLEUMEC,SCHL,China Univ of Petroleum EC
E0000003611,ALHUSSEINBINTALALUNIV,SCHL,Al-Hussein Bin Talal Univ
E0000003612,TECHNOINDIA,SCHL,Techno India
E0000003613,MOHANDASCOLLOFENGTECH,SCHL,Mohandas Coll of Eng & Tech
E0000003614,VIDYAVARDHINICOLLGOFENGTECH,SCHL,Vidyavardhini CollgofEng&Tech
E0000003615,SOOKMYUNGWOMENSUNIVERSITY,SCHL,Sookmyung Women's University
E0000003616,ISIKUNIVERSITY,SCHL,Isik University
E0000003617,UNIVERSITYOFAGRICULTURE,SCHL,University of Agriculture
E0000003618,UNIVERSITYOFLLEIDA,SCHL,University of Lleida
E0000003619,ESCPEUROPEPARISCAMPUS,SCHL,ESCP Europe Paris Campus
E0000003620,UNIVERSITACAMPUSBIOMEDICO,SCHL,Universita Campus Bio-Medico
E0000003621,ACADOFSCIINNORES,SCHL,Acad of Sci & Inno Res
E0000003622,TARBIATMODARESUNIVERSITY,SCHL,Tarbiat Modares University
E0000003623,UNIVERSITYOFMAZANDARAN,SCHL,University of Mazandaran
E0000003624,BABOLNOSHIRVANIUNIVOFTECH,SCHL,Babol Noshirvani Univ of Tech
E0000003625,MINESPARISPSL,SCHL,Mines Paris - PSL
E0000003626,NOVARTISBIOPHARMOPS,SFTP,Novartis-BiopharmOps
E0000003627,NOVARTISPHARMOPS,SFTP,Novartis-PharmOps
E0000003628,ALCONSGMANUFACTURING,SFTP,Alcon SG Manufacturing
E0000003630,UOFTRASOSMONTESALTODOURO,SCHL,U of Tras-os-Montes&AltoDouro
E0000003631,DONGGUANUNIVOFTECHNOLOGY,SCHL,Dongguan Univ of Technology
E0000003632,TOBBUNIVOFECONSTECH,SCHL,TOBB Univ of Econs & Tech
E0000003633,CHAPMANUNIVERSITY,SCHL,Chapman University
E0000003634,VEERSURENDRASAIUNIOFTECH,SCHL,Veer Surendra Sai Uni of Tech
E0000003635,UNIVOFTHECITYOFMANILA,SCHL,Univ of the City of Manila
E0000003636,YANANUNIVERSITY,SCHL,Yan'an University
E0000003637,DUTAWACANACHRISTIANUNIV,SCHL,Duta Wacana Christian Univ
E0000003638,UNIVERSITYOFDERBY,SCHL,University of Derby
E0000003639,CHERKASYNATIONALUNIVERSITY,SCHL,Cherkasy National University
E0000003640,UNIVERSITYOFTAMPA,SCHL,University of Tampa
E0000003641,STMARTINSENGRGCOLLEGE,SCHL,St. Martin's Engrg College
E0000003642,SWISSHOTELMANAGEMENTSCHOOL,SCHL,Swiss Hotel Management School
E0000003643,PWCOMPONENTSOLNSPTELTD,SFTP,P&W Component Solns Pte Ltd
E0000003644,HOCHIMINHCITYUNIVFGNLANGSIT,SCHL,HoChiMinhCityUnivFgnLangs&IT
E0000003645,PARISDIDEROTUNIVERSITY,SCHL,Paris Diderot University
E0000003646,STRAITSBIOTECHPTELTD,SFTP,Straits Biotech Pte Ltd
E0000003647,INNESINSTITUTEVIENNA,SCHL,INNES Institute Vienna
E0000003648,MUHLENBERGCOLLEGE,SCHL,Muhlenberg College
E0000003649,UNIVERSITYOFTHEWESTINDIES,SCHL,University of the West Indies
E0000003650,MENDELUNIVERSITY,SCHL,Mendel University
E0000003651,UNIVERSITYOFDEUSTO,SCHL,University of Deusto
E0000003652,INTERNATIONALSTUDENTVOLUNTEE,OTHR,International Student Voluntee
E0000003653,CHAOHUUNIVERSITY,SCHL,Chaohu University
E0000003654,REGENTSPARKCOLLEGEOXFORD,SCHL,Regent's Park College Oxford
E0000003655,PEMBROKECOLLEGECAMBRIDGE,SCHL,Pembroke College Cambridge
E0000003656,EARLHAMCOLLEGE,SCHL,Earlham College
E0000003657,REICHMANUNIVERSITY,SCHL,Reichman University
E0000003658,CORNELLUNIVCOLLOFAGRICULTU,SCHL,Cornell Univ Coll of Agricultu
E0000003659,CORNELLUNIVCOLLOFHUMANECO,SCHL,Cornell Univ Coll of Human Eco
E0000003660,KOREASOONGSILCYBERUNIV,SCHL,Korea Soongsil Cyber Univ
E0000003661,KYUNGHEECYBERUNIVERSITY,SCHL,Kyung Hee Cyber University
E0000003662,WESTERNMICHIGANUNIVERSITY,SCHL,Western Michigan University
E0000003663,LOYOLAUNIVERSITYCHICAGO,SCHL,Loyola University Chicago
E0000003664,CETACADEMICPROGRAMS,SCHL,CET Academic Programs
E0000003665,CHANGZHIMEDICALCOLLEGE,SCHL,Changzhi Medical College
E0000003666,MEIJIPHARMACEUTICALUNIV,SCHL,Meiji Pharmaceutical Univ
E0000003667,FUJIANUNIVERSITYOFTCM,SCHL,Fujian University of TCM
E0000003668,SHENYANGMEDICALCOLLEGE,SCHL,Shenyang Medical College
E0000003669,QINGHAIUNIVERSITY,SCHL,Qinghai University
E0000003670,CHANGCHUNUNIVOFCHINESEMED,SCHL,Changchun Univ of Chinese Med
E0000003671,CENTRALSOUTHUNIVFORESTRYTECH,SCHL,Central South UnivForestryTech
E0000003672,ITUNIVERSITYOFCOPENHAGEN,SCHL,IT University of Copenhagen
E0000003673,MINISTRYOFFINANCEINDONESIA,SFTP,"Ministry of Finance, Indonesia"
E0000003674,NANJINGUNIVOFCHINESEMED,SCHL,Nanjing Univ of Chinese Med
E0000003675,INSTCHARTEREDACCTANTSPAK,SCHL,Inst Chartered Acctants Pak
E0000003676,ALAKHAWAYNUNIVERSITY,SCHL,Al Akhawayn University
E0000003677,SPD,SFTP,SPD
E0000003678,SULEYMANDEMIRELUNIVERSITY,SCHL,Suleyman Demirel University
E0000003679,CENTERFORTRANSNATIONALLEGAL,SCHL,Center for Transnational Legal
E0000003680,STATEUNIVERSITYOFMANAGEMENT,SCHL,State University of Management
E0000003681,GUANGXITEACHERSEDUCATIONUNI,SCHL,Guangxi Teachers Education Uni
E0000003682,NORTHEASTPETROLEUMUNIVERSITY,SCHL,Northeast Petroleum University
E0000003683,GANSUINSTITUTEOFPOLSCILAW,SCHL,Gansu Institute of Pol Sci&Law
E0000003684,HUBEIUNIVFORNATIONALITIES,SCHL,Hubei Univ for Nationalities
E0000003685,HEBEIRADIOTVUNIVERSITY,SCHL,Hebei Radio & TV University
E0000003686,SWARTHMORECOLLEGE,SCHL,Swarthmore College
E0000003687,UNIVEXTERNADODECOLOMBIA,SCHL,Univ Externado de Colombia
E0000003688,AJOUUNIVERSITY,SCHL,Ajou University
E0000003689,DANUBEUNIVERSITYKREMS,SCHL,Danube University Krems
E0000003690,UNIVERSITYOFMONS,SCHL,University of Mons
E0000003691,UNIVOFLOUISIANAATLAFAYETTE,SCHL,Univ of Louisiana at Lafayette
E0000003692,OREGONSTATEUNIVERSITY,SCHL,Oregon State University
E0000003693,BIRLAINSTTECHSCIPILANI,SCHL,BirlaInstTech&SciPilani
E0000003694,UNIVERSITYOFALASKAFAIRBANKS,SCHL,University of Alaska Fairbanks
E0000003695,SUFFOLKUNIVERSITY,SCHL,Suffolk University
E0000003696,UNIVERSITYOFGOTHENBURG,SCHL,University of Gothenburg
E0000003697,SIDDAGANGAINSTITUTEOFTECH,SCHL,Siddaganga Institute of Tech
E0000003698,UNIVERSITYOFALASKAANCHORAGE,SCHL,University of Alaska Anchorage
E0000003699,IDEBUSINESSSCHOOL,SCHL,IDE Business School
E0000003701,UOFAPPLSCITECHBIZWIZMAR,SCHL,"U of Appl Sci,Tech,Biz Wizmar"
E0000003702,ROYALNORWEGIANNAVALACADEMY,SCHL,Royal Norwegian Naval Academy
E0000003703,SOKAUNIVERSITY,SCHL,Soka University
E0000003704,OSLOAKERSHUSUNIVCOLLAPPLSCI,SCHL,Oslo&AkershusUnivCollApplSci
E0000003705,VOLDAUNIVERSITYCOLLEGE,SCHL,Volda University College
E0000003706,KEIOBUSINESSSCHOOL,SCHL,Keio Business School
E0000003707,FEDCTRTECSF,SCHL,FedCtrTECSF
E0000003708,QALAMWALAWH,SCHL,Qalam wa Lawh
E0000003709,INSTITUTEFORINTLEDUFORSTDS,SCHL,Institute forIntlEduforStds
E0000003710,COLLEGEYEARINATHENS,SCHL,College Year in Athens
E0000003711,AMERICANINSOFINDIANSTUDIES,SCHL,American Ins of Indian Studies
E0000003712,STELLAADLERSTUDIOOFACTING,SCHL,Stella Adler Studio of Acting
E0000003713,SAVONIAUNIVOFAPPLSCIENCES,SCHL,Savonia Univ of Appl Sciences
E0000003714,UNIVOFAPPLSCITECHNIKUMW,SCHL,Univ of Appl Sci Technikum W
E0000003715,ATENEODEZAMBOANGAUNIVERSITY,SCHL,Ateneo de Zamboanga University
E0000003716,MIAMIUNIVERSITY,SCHL,Miami University
E0000003717,STATEISLAMICUNIVOFMALANG,SCHL,State Islamic Univ of Malang
E0000003718,ANHUIUNIVERSITYOFTECHNOLOGY,SCHL,Anhui University of Technology
E0000003719,WESTCHESTERUNIVERSITY,SCHL,West Chester University
E0000003720,UNIVERSITYOFPUERTORICO,SCHL,University of Puerto Rico
E0000003721,INSTCHARTEDSECADMIN,SCHL,Inst Chart'ed Sec & Admin
E0000003722,NEWYORKSTUDIOSCHOOL,SCHL,New York Studio School
E0000003723,AVINASHILINGAMUNIVERSITY,SCHL,Avinashilingam University
E0000003724,KURSKSTATEAGRIACADEMY,SCHL,Kursk State Agri Academy
E0000003725,HSBAHAMBURGSCHOFBIZADMIN,SCHL,HSBA Hamburg Sch of Biz Admin
E0000003726,ALGONQUINCOLLEGE,SCHL,Algonquin College
E0000003727,TYUMENSTATEUNIVERSITY,SCHL,Tyumen State University
E0000003728,UNIVTUNHUSSEINONNMALAYSIA,SCHL,Univ Tun Hussein Onn Malaysia
E0000003729,CHINAACADEMYOFART,SCHL,China Academy of Art
E0000003730,JAWAHARLALNEHRUARCHIFAU,SCHL,Jawaharlal Nehru Archi & FA U
E0000003731,INDUSVALLEYSCHOFARTARCHI,SCHL,Indus Valley Sch of Art&Archi
E0000003732,WESTERNUNIVERSITY,SCHL,Western University
E0000003733,DANISHSCHOFMEDIAJOURLISM,SCHL,Danish Sch of Media&Jour'lism
E0000003734,NATIONALINSTOFAPPLIEDSCI,SCHL,National Inst of Applied Sci
E0000003735,ALFARABIKAZAKHNATIONALUNIV,SCHL,Al-Farabi Kazakh National Univ
E0000003736,ENUGUSTUNIVOFSCITECH,SCHL,Enugu St Univ of Sci & Tech
E0000003737,UNIVOFENGRGTECHPESHAWAR,SCHL,"Univ of Engrg & Tech, Peshawar"
E0000003738,ANNAJAHNATIONALUNIVERSITY,SCHL,An-Najah National University
E0000003739,UNIVOFEPHILIPPINESVISAYAS,SCHL,Univ of e Philippines Visayas
E0000003740,NORTHEASTERNFEDERALUNIV,SCHL,North-Eastern Federal Univ
E0000003741,YALENUSCOLLEGE,SCHL,Yale-NUS College
E0000003742,SPOREINSTOFLEGALEDUCATION,SCHL,S'pore Inst of Legal Education
E0000003743,TRANSNATLLAWBUSINESSUNIV,SCHL,Transnat'l Law & Business Univ
E0000003744,BATESCOLLEGE,SCHL,Bates College
E0000003745,SALEMSTATEUNIVERSITY,SCHL,Salem State University
E0000003746,HULTINTERNATIONALBIZSCHOOL,SCHL,Hult International Biz School
E0000003747,ALBERTOHURTADOUNIVERSITY,SCHL,Alberto Hurtado University
E0000003748,FEDERICOSANTAMARIATECHUNIV,SCHL,Federico Santa Maria Tech Univ
E0000003749,UNIVERSITYOFSANTIAGOCHILE,SCHL,"University of Santiago, Chile"
E0000003750,PLAUNIVOFSCITECH,SCHL,PLA Univ of Sci & Tech
E0000003751,INDIANINSTOFPLANGMGMT,SCHL,Indian Inst of Plan'g & Mgmt
E0000003752,NATIONALINSTOFFASHIONTECH,SCHL,National Inst of Fashion Tech
E0000003753,PRINLNWELINGKARINSTMGMTDEVRES,SCHL,PrinLNWelingkarInstMgmtDevRes
E0000003754,OKAYAMAUNIVERSITY,SCHL,Okayama University
E0000003755,INTLUNIVOFKYRGYZSTAN,SCHL,Int'l Univ of Kyrgyzstan
E0000003756,UNIVERSITYOFTHEHUMANITIES,SCHL,University of the Humanities
E0000003757,PHILIPPINELAWSCHOOL,SCHL,Philippine Law School
E0000003758,GOLDENGATEUNIVERSITY,SCHL,Golden Gate University
E0000003759,ALLIANCEFRANCAISEDEBOMBAY,SCHL,Alliance Francaise de Bombay
E0000003760,SAGAUNIVERSITY,SCHL,Saga University
E0000003761,NANCHANGUNIVERSITY,SCHL,Nanchang University
E0000003762,OPJINDALGLOBALUNIVERSITY,SCHL,O. P. Jindal Global University
E0000003763,NATIONALLAWUNIVERSITYODISHA,SCHL,National Law University Odisha
E0000003764,BHARATIVIDYAPEETHUNIVERSITY,SCHL,Bharati Vidyapeeth University
E0000003765,HANDONGGLOBALUNIVERSITY,SCHL,Handong Global University
E0000003766,DOKUZEYLULUNIVERSITY,SCHL,Dokuz Eylul University
E0000003767,TEXASCHRISTIANUNIVERSITY,SCHL,Texas Christian University
E0000003768,ROYALCOLLEGEOFPSYCHIATRISTS,SCHL,Royal College of Psychiatrists
E0000003769,UNIOFSOUTHEASTERNPHILIPPINES,SCHL,Uni of SoutheasternPhilippines
E0000003770,INDIANINSTOFTECHMANDI,SCHL,"Indian Inst of Tech, Mandi"
E0000003771,AMETUNIVERSITY,SCHL,AMET University
E0000003772,SOUTHERNUNIOFSCITECH,SCHL,Southern Uni of Sci & Tech
E0000003773,MOHAMMEDVIPOLYTECHNICUNIV,SCHL,Mohammed VI Polytechnic Univ
E0000003774,ECOLENORMALESUPERIEUREPARIS,SCHL,Ecole Normale Superieure Paris
E0000003775,FORMANCHRISTIANCOLLEGE,SCHL,Forman Christian College
E0000003776,INDINSTMGMTTIRUCHIRAPPALLI,SCHL,Ind Inst Mgmt Tiruchirappalli
E0000003777,KUWAITUNIVERSITY,SCHL,Kuwait University
E0000003778,DEVIAHILYAVISHWAVIDYALAYA,SCHL,Devi Ahilya Vishwavidyalaya
E0000003779,YEREVANSTATEMEDICALUNIV,SCHL,Yerevan State Medical Univ
E0000003780,DEFENCESERVICESMEDACADEMY,SCHL,Defence Services Med Academy
E0000003781,NATIONALINSTOFTECHMIZORAM,SCHL,National Inst of Tech Mizoram
E0000003782,SWANSEAUNIVERSITY,SCHL,Swansea University
E0000003783,UNIVERSITYOFLUBECK,SCHL,University of Lubeck
E0000003784,INDIANINSTTECHGANDHINAGAR,SCHL,Indian Inst Tech Gandhinagar
E0000003785,INSTITUTEOFTECHTALLAGHT,SCHL,"Institute of Tech, Tallaght"
E0000003786,DELASALLECOLLOFSTBENILDE,SCHL,De La Salle-Coll of St Benilde
E0000003787,NATINSTTECHARUNACHALPRADESH,SCHL,Nat Inst Tech ArunachalPradesh
E0000003788,CHUNGYUANCHRISTIANUNIV,SCHL,Chung Yuan Christian Univ
E0000003789,NOCISRAEL,SCHL,NOC Israel
E0000003790,RAJASTHANUNIOFHEALTHSERVICES,SCHL,Rajasthan UniofHealthServices
E0000003791,UNIVERSITYOFKASHMIR,SCHL,University of Kashmir
E0000003792,UNIVERSITYOFHEALTHSCIENCES,SCHL,University of Health Sciences
E0000003793,UNIVERSITYOFLIMERICK,SCHL,University of Limerick
E0000003794,ALMUSTANSIRIYAHUNIVERSITY,SCHL,Al-Mustansiriyah University
E0000003795,HAMILTONSUNDSTRANDPACAEROP,SFTP,Hamilton Sundstrand Pac Aero P
E0000003796,UNIVERSITYOFCANTABRIA,SCHL,University of Cantabria
E0000003797,SABARAGAMUWAUNIVERSITY,SCHL,Sabaragamuwa University
E0000003798,UNIVERSITYOFCENTRALLANCASH,SCHL,University of Central Lancash
E0000003799,THEOPENUNIVERSITYOFHONGKO,SCHL,The Open University of Hong Ko
E0000003800,NATIONALINSTOFTECHSILCHAR,SCHL,"National Inst of Tech, Silchar"
E0000003801,MARITIMETRGEDUCENTRE,SCHL,Maritime Trg & Edu Centre
E0000003802,GACHONUNIVERSITY,SCHL,Gachon University
E0000003803,CAMBRIDGECENTREFORADVRES,SFTP,Cambridge Centre for Adv. Res
E0000003804,CORDLIFEGROUPLIMITED,SFTP,Cordlife Group Limited
E0000003805,INSTITUTEOFMANAGEMENTTECH,SCHL,Institute of Management Tech
E0000003806,SAPASIAPTELTD,SCHL,SAP Asia Pte Ltd
E0000003807,INSTOFCHARTEREDSHIPBROKERS,SCHL,Inst Of Chartered Shipbrokers
E0000003808,NEWYORKINSTITUTEOFTECH,SCHL,New York Institute of Tech
E0000003809,NORTHWESTUNIVERSITY,SCHL,Northwest University
E0000003810,SOOCHOWUNIVERSITY,SCHL,Soochow University
E0000003811,COMPLUTENSEUNIVOFMADRID,SCHL,Complutense Univ of Madrid
E0000003812,SHANGHAIINSTITUTIONOFTECH,SCHL,Shanghai Institution of Tech
E0000003813,HANSEIUNIVERSITY,SCHL,Hansei University
E0000003814,MORGANSTATEUNIVERSITY,SCHL,Morgan State University
E0000003815,TOWSONUNIVERSITY,SCHL,Towson University
E0000003816,PRESIDENTUNIVERSITY,SCHL,President University
E0000003817,KOKSHETAUSTATEUNIVERSITY,SCHL,Kokshetau State University
E0000003818,BEIJINGCITYUNIVERSITY,SCHL,Beijing City University
E0000003819,MAEFAHLUANGUNIVERSITY,SCHL,Mae Fah Luang University
E0000003820,UNIVERSITYOFMEDICINEMAGWAY,SCHL,"University of Medicine, Magway"
E0000003821,UTTARAKHANDTECHNICALUNIV,SCHL,Uttarakhand Technical Univ
E0000003822,UNIVERSITYOFERFURT,SCHL,University of Erfurt
E0000003823,JOHNABBOTTCOLLEGE,SCHL,John Abbott College
E0000003824,SHEFFIELDHALLAMUNIVERSITY,SCHL,Sheffield Hallam University
E0000003825,FUJIANUNIVERSITYOFTECH,SCHL,Fujian University of Tech
E0000003826,YASHWANTRAOCHAVANMAHARASHTRAOU,SCHL,YashwantraoChavanMaharashtraOU
E0000003827,HUACHIEWCHALERMPRAKIETUNIV,SCHL,Huachiew Chalermprakiet Univ
E0000003828,COLLEGEOFWOOSTER,SCHL,College of Wooster
E0000003829,UNIVOFTECHYATANARPONCC,SCHL,Univ of Tech (YatanarponCC)
E0000003830,CHONGQINGNORMALUNIVERSITY,SCHL,Chongqing Normal University
E0000003831,OITAUNIVERSITY,SCHL,Oita University
E0000003832,VERSAILLESSQENYUNIVERSITY,SCHL,Versailles SQenY University
E0000003833,PHILIPPINECOLLOFPHYSICIANS,SCHL,Philippine Coll of Physicians
E0000003834,QUEENMARGARETUNIVERSITY,SCHL,Queen Margaret University
E0000003835,CHINAMEDICALUNIVERSITY,SCHL,China Medical University
E0000003836,ISLAMICUNIVERSITYOFGAZA,SCHL,Islamic University of Gaza
E0000003837,AHVAZJUNDISHAPURUNIVOFMS,SCHL,Ahvaz Jundishapur Univ of M S
E0000003838,UNIVERSITYOFEASTERNFINLAND,SCHL,University of Eastern Finland
E0000003839,HEBEINORMALUNIVERSITYOFSCI,SCHL,Hebei Normal University of Sci
E0000003840,CHEUNGKONGGRADUATESCHOOLOF,SCHL,Cheung Kong Graduate School of
E0000003841,SHENYANGRADIOANDTELEVISION,SCHL,Shenyang Radio and Television
E0000003842,UNIVOFONTARIOINSTOFTECH,SCHL,Univ of Ontario Inst of Tech
E0000003843,CHRISTSCOLLEGETAIPEI,SCHL,Christ's College Taipei
E0000003844,HENANPROVINCIALPARTYSSCHOO,SCHL,Henan Provincial Party's Schoo
E0000003845,ZHENGZHOUVOCATIONALCOLLEGE,SCHL,Zhengzhou Vocational College
E0000003846,JUNIATACOLLEGE,SCHL,Juniata College
E0000003847,JIHUACOLLEGEFORSTAFF,SCHL,Jihua College for Staff
E0000003848,LAUSANNECONSERVATORY,SCHL,Lausanne Conservatory
E0000003849,DEUTSCHEBORSEGROUP,SCHL,Deutsche Borse Group
E0000003850,LLRMMEDICALCOLLEGE,SCHL,LLRM Medical College
E0000003851,KINGGEORGESMEDICALUNI,SCHL,King George's Medical Uni
E0000003852,INHAUNIVERSITY,SCHL,Inha University
E0000003853,ROYLCOLLGOFPAEDCHILDHEA,SCHL,Royl Collg of Paed & Child Hea
E0000003854,EXCELSIORCOLLEGE,SCHL,Excelsior College
E0000003855,CHONGQINGJIAOTONGUNIVERSITY,SCHL,Chongqing Jiaotong University
E0000003856,SHRIANDALALAGARCOLLEGE,SCHL,Shri Andal Alagar College
E0000003857,HANIFLCENTRE,SCHL,Hanifl Centre
E0000003858,UNIVERSIDADDELASAMERICASPU,SCHL,Universidad de las Americas Pu
E0000003859,ESADEBUSINESSLAWSCHOOL,SCHL,ESADE Business & Law School
E0000003860,ASCOTTINTLMGT21PL,SFTP,Ascott Int'l Mgt (2001) P/L
E0000003861,UBCOKANAGAN,SCHL,UBC (Okanagan)
E0000003862,UNIOFTORMISSISSAUGA,SCHL,Uni of Tor (Mississauga)
E0000003863,UNIOFTORSCARBOROUGH,SCHL,Uni of Tor (Scarborough)
E0000003864,GLAXOWELLCOMEMFGPTELTD,SFTP,Glaxo Wellcome Mfg Pte Ltd
E0000003865,ARTSUNIBOURNEMOUTH,SCHL,Arts Uni Bournemouth
E0000003866,IEBUSINESSSCHOOL,SCHL,IE Business School
E0000003867,IESEBUSINESSSCHOOL,SCHL,IESE Business School
E0000003868,MELBOURNEBUSINESSSCHOOL,SCHL,Melbourne Business School
E0000003869,AGSMUNSWBUSINESSSCHOOL,SCHL,AGSM - UNSW Business School
E0000003870,GIFUUNIVERSITY,SCHL,Gifu University
E0000003871,UNIOFTHESUNSHINECOAST,SCHL,Uni of the Sunshine Coast
E0000003872,HWZUOFAPPSCIINBIZADMZ,SCHL,HWZ U of App Sci in Biz Adm Z
E0000003873,GOODRICHAEROSTRUCTURESSVCCTR,SFTP,Goodrich Aerostructures SvcCtr
E0000003874,SOUTH32MARKETINGPTELTD,SFTP,South32 Marketing Pte Ltd
E0000003875,MARKONOPRINTMEDIAPTELTD,SFTP,Markono Print Media Pte Ltd
E0000003876,REACHCOMMUNITYSVCSSOCIETY,SFTP,Reach Community Svcs Society
E0000003877,ISEASISE1,SFTP,ISEAS (ISE01)
E0000003878,UNIOFAPPLIEDSCIUPPAUSTRIA,SCHL,Uni of Applied Sci Upp Austria
E0000003879,SIKSHAOANUSANDHANUNI,SCHL,Siksha 'O' Anusandhan Uni
E0000003880,GUJARATTECHNOLOGICALUNI,SCHL,Gujarat Technological Uni
E0000003881,IESABROADBARCELONA,SCHL,IES Abroad Barcelona
E0000003882,INNOPOLISUNIVERSITY,SCHL,Innopolis University
E0000003883,LAHTIUNIOFAPPLIEDSCIENCES,SCHL,Lahti Uni of Applied Sciences
E0000003884,MINDEFMODES,SFTP,MINDEF (MODES)
E0000003885,ALEXANDRAHEALTHPTELTDHRM,SFTP,Alexandra Health Pte Ltd-HRM
E0000003886,CAPITALANDSINGAPORELTD,SFTP,CapitaLand Singapore Ltd
E0000003887,COLGATEUNIVERSITY,SCHL,Colgate University
E0000003888,CLARKUNIVERSITY,SCHL,Clark University
E0000003889,GERMANKAZAKHUNIVERSITY,SCHL,German-Kazakh University
E0000003890,DEPAUWUNIVERSITY,SCHL,DePauw University
E0000003891,INTERNATIONALPAINTSPOREPL,SFTP,International Paint S'pore P/L
E0000003892,AALTOUNIVERSITYHELSINKI,SCHL,"Aalto University, Helsinki"
E0000003893,GLOBALFOUNDRIESSPOREPTELTD,SCHL,GlobalFoundries S'pore Pte Ltd
E0000003894,AALTOUNIVERSITYMIKKELI,SCHL,"Aalto University, Mikkeli"
E0000003895,SIKKIMMANIPALUNIVERSITY,SCHL,Sikkim Manipal University
E0000003896,PSGRKRISHNAMMALCOLFORWOMEN,SCHL,PSGR Krishnammal Col for Women
E0000003897,XINYANGNORMALUNIVERSITY,SCHL,Xinyang Normal University
E0000003898,STEVENSINSTOFTECHNOLOGY,SCHL,Stevens Inst of Technology
E0000003899,INDINSTOFSCIEDURESBHOPAL,SCHL,Ind Inst of Sci Edu&Res Bhopal
E0000003900,UNICATOLICASANANTONIODEMURCIA,SCHL,Uni CatolicaSanAntonioDeMurcia
E0000003901,INDINSTOFSPACESCITECH,SCHL,Ind Inst of Space Sci & Tech
E0000003902,OKINAWAINSTOFSCITECH,SCHL,Okinawa Inst of Sci & Tech
E0000003903,GUILINUNIOFELECTECH,SCHL,Guilin Uni of Elec Tech
E0000003904,SRIKRISHNAARTSANDSCICOL,SCHL,Sri Krishna Arts and Sci Col
E0000003905,SEMBCORPDEVELOPMENTLTD,SFTP,Sembcorp Development Ltd
E0000003906,DYSLEXIAASSOCOFSINGAPORE,SCHL,Dyslexia Assoc of Singapore
E0000003907,BENHAUNIVERSITY,SCHL,Benha University
E0000003908,HAUTEECOLEDEMUSIQDEGENEVE,SCHL,Haute ecole de musiq de Geneve
E0000003909,RUSSTATEUNIFORHUMANITIES,SCHL,Rus State Uni for Humanities
E0000003910,NEOMABUSINESSSCHOOL,SCHL,NEOMA Business School
E0000003911,REUTLINGENUNIVERSITY,SCHL,Reutlingen University
E0000003912,MUNICHINTLSUMMERUNIVERSITY,SCHL,Munich Intl Summer University
E0000003913,SSEIFULLINKAZAKHAGROTECHU,SCHL,S.Seifullin Kazakh Agrotech U
E0000003914,SIBERIANFEDERALUNIVERSITY,SCHL,Siberian Federal University
E0000003915,SHANDONGJIAOTONGUNIVERSITY,SCHL,Shandong Jiaotong University
E0000003916,BIRZEITUNIVERSITY,SCHL,Birzeit University
E0000003917,MIDDLESEXUNIVERSITYDUBAI,SCHL,Middlesex University Dubai
E0000003918,TAYLORUNIVERSITY,SCHL,Taylor University
E0000003919,SINGAPOREIMMUNOLOGYNETWORK,SFTP,Singapore Immunology Network
E0000003920,BEIJINGINFOSCITECHUNI,SCHL,Beijing Info Sci & Tech Uni
E0000003921,DYPATILUNIVERSITY,SCHL,D Y Patil University
E0000003922,CHONGQINGCOMMUNICATIONINST,SCHL,Chongqing Communication Inst
E0000003923,UNIVERSITYMOHAMMEDVIPOLYTEC,SFTP,University Mohammed VI Polytec
E0000003924,UNIVERSITYOFPHARMACYYANGON,SCHL,"University of Pharmacy, Yangon"
E0000003925,UNIVERSITYOFUDINE,SCHL,University of Udine
E0000003926,INTSUMMERSCHOOLNEWDELHI,SCHL,"Int Summer School, New Delhi"
E0000003927,CHIANGKAISHEKCOLLEGE,SCHL,Chiang Kai Shek College
E0000003928,UNIOFIMMACULATECONCEPTION,SCHL,Uni of Immaculate Conception
E0000003929,HOASENUNIVERSITY,SCHL,Hoa Sen University
E0000003930,CENTRALPHILIPPINEUNIVERSITY,SCHL,Central Philippine University
E0000003931,POLYTECHNICUNIOFPHILIPPINES,SCHL,Polytechnic Uni of Philippines
E0000003932,THEUNIVERSITYOFSUWON,SCHL,The University of Suwon
E0000003933,AMACOMPUTERUNIVERSITY,SCHL,AMA Computer University
E0000003934,KAZANFEDERALUNIVERSITY,SCHL,Kazan Federal University
E0000003935,CHARTEREDACCTSCHOFBUSINESS,SCHL,Chartered Acct Sch of Business
E0000003936,KRASNOYKAEROTECHCOLCIVAV,SCHL,Krasnoyk Aero Tech Col Civ Av
E0000003937,UNIVERSITYOFGUILAN,SCHL,University of Guilan
E0000003938,CANADIANINTERNATIONALSCHOOL,SCHL,Canadian International School
E0000003939,SRTMARATHWADAUNIVERSITY,SCHL,SRT Marathwada University
E0000003940,ANYANGINSTITUTEOFTECHNOLOGY,SCHL,Anyang Institute of Technology
E0000003941,HOCHMUSIKTHTREMEDIHANNOVER,SCHL,"Hoch Musik,Thtre Medi Hannover"
E0000003942,SHANDONGUNIVERSITYOFARTS,SCHL,Shandong University of Arts
E0000003943,UNIVERSITYOFLAVERNE,SCHL,University of La Verne
E0000003944,DANKOOKUNIVERSITY,SCHL,Dankook University
E0000003945,UNIVERSITYOFHAMBURG,SCHL,University of Hamburg
E0000003946,INSTFURINTLKOMMUNIKATION,SCHL,Inst fur Intl Kommunikation
E0000003947,NEWYORKFILMACADEMY,SCHL,New York Film Academy
E0000003948,HUMBOLDTINSTITUT,SCHL,Humboldt-Institut
E0000003949,QASIDARABICINSTITUTE,SCHL,Qasid Arabic Institute
E0000003950,HOKKAIDOINTLFOUNDATION,SCHL,Hokkaido Intl Foundation
E0000003951,IESABROADMADRID,SCHL,IES Abroad Madrid
E0000003952,COLLABORATIVEARTSPROJECT21,SCHL,Collaborative Arts Project 21
E0000003953,CAFOSCARIUNIOFVENICE,SCHL,Ca' Foscari Uni of Venice
E0000003954,STCATHERINESCOLLEGEOXFORD,SCHL,St Catherine's College Oxford
E0000003955,STEDMUNDHALLOXFORD,SCHL,St Edmund Hall Oxford
E0000003956,UNIVERSIDADCARLOSIIIMADRID,SCHL,Universidad Carlos III Madrid
E0000003957,UCLSLADESCHOOLOFFINEART,SCHL,UCL Slade School of Fine Art
E0000003958,UNIVERSIDADTECMILENIO,SCHL,Universidad TecMilenio
E0000003959,NEWCOLLEGEOXFORD,SCHL,New College Oxford
E0000003960,FUKUYAMAUNIVERSITY,SCHL,Fukuyama University
E0000003961,BIELEFELDUNIVERSITY,SCHL,Bielefeld University
E0000003962,THEUNIVERSITYOFJORDAN,SCHL,The University of Jordan
E0000003963,ROYALCONSERVATORYOFHAGUE,SCHL,Royal Conservatory of Hague
E0000003964,SHANGHAIFINANCEUNIVERSITY,SCHL,Shanghai Finance University
E0000003965,OSAKAPREFECTUREUNIVERSITY,SCHL,Osaka Prefecture University
E0000003966,INSTFORFINANCIALMGMTRES,SCHL,Inst for Financial Mgmt & Res
E0000003967,STELECTRONICSINFOSOFTWARE,SFTP,ST Electronics (Info-Software)
E0000003968,RENCIHOSPITAL,SFTP,Ren Ci Hospital
E0000003969,CUMMINSPOWERGENERATIONSPL,SFTP,Cummins Power Generation(S) PL
E0000003970,NATIONALUNIVERSITYHEALTHSYS,SFTP,National University Health Sys
E0000003971,NITSRINAGAR,SCHL,NIT SRINAGAR
E0000003972,AMERICANUNIINBULGARIA,SCHL,American Uni in Bulgaria
E0000003973,FORMWERKZPTELTD,SFTP,Formwerkz Pte Ltd
E0000003974,RAFFLESMEDICALGROUPLTD,SFTP,Raffles Medical Group Ltd
E0000003975,EMBASSYOFPRCHINAINSGP,SFTP,Embassy of  P. R. China in SGP
E0000003976,SCOPEGLOBALPTYLTD,SFTP,Scope Global Pty Ltd
E0000003977,WOODSTOCKSCHOOL,SCHL,Woodstock School
E0000003978,QINGHAINATIONALITIESUNI,SCHL,Qinghai Nationalities Uni
E0000003979,NORTHCHINAUNIVERSITYOFWATE,SCHL,North China University of Wate
E0000003980,JIANGXIINDUSTRYPOLYTECHNICC,SCHL,Jiangxi Industry Polytechnic C
E0000003981,WESTBENGALUNIOFHEALTHSCI,SCHL,West Bengal Uni of Health Sci
E0000003982,CRIMEASTATEMEDICALUNI,SCHL,Crimea State Medical Uni
E0000003983,ASHTONCOLLEGE,SCHL,Ashton College
E0000003984,UNIVERSITYOFMGMTANDTECH,SCHL,University of Mgmt and Tech
E0000003985,INDIANINSTITUTEOFMGTINDORE,SCHL,Indian Institute of Mgt Indore
E0000003986,MINISTRYOFEDUCATIONCHINA,OTHR,"Ministry of Education, China"
E0000003987,NOCLAUSANNE,SCHL,NOC Lausanne
E0000003988,NOCMUNICH,SCHL,NOC Munich
E0000003989,NOCSINGAPORE,SCHL,NOC Singapore
E0000003990,UNIOFTEXASHEALTHSCICTR,SCHL,Uni of Texas Health Sci Ctr
E0000003991,UNIOFNOTTINGHAMNINGBOCHINA,SCHL,Uni of Nottingham Ningbo China
E0000003992,UNIOFMASSACHUSETTSLOWELL,SCHL,Uni of Massachusetts Lowell
E0000003993,UNIVERSITYOFSOUTHFLORIDA,SCHL,University of South Florida
E0000003994,FHWIENUNIOFAPPLIEDSCI,SCHL,FHWien Uni of Applied Sci
E0000003995,TOKYOUNIVERSITYOFSCIENCE,SCHL,Tokyo University of Science
E0000003996,LESROCHESGLOBALHOSPITALITYED,SCHL,LesRoches GlobalHospitality Ed
E0000003997,LESROCHESGRUYEREUNIOFASC,SCHL,Les Roches-Gruyere Uni of A Sc
E0000003998,INFOCOMMMEDIADEVLPMNTAUTH,SFTP,Infocomm Media Devlpmnt Auth
E0000003999,UNIVERSITYOFOVIEDO,SCHL,University of Oviedo
E0000004000,BEIJINGUNIOFCIVILENGAKI,SCHL,Beijing Uni of Civil Eng & Aki
E0000004001,THEROYALANZCOLLOFRADIOLOG,SCHL,The Royal ANZ Coll of Radiolog
E0000004002,PROJECTMANAGEMENTINSTITUTE,SCHL,Project Management Institute
E0000004003,VSPMDENTALCOLLEGEANDRCTR,SCHL,VSPM Dental College and R Ctr
E0000004004,UNIVERSITYOFPRISHTINA,SCHL,University of Prishtina
E0000004005,INSTITUTSUPBIOTECHDEPARIS,SCHL,Institut Sup'Biotech de Paris
E0000004006,UNIDELVALLEDEGUATEMALA,SCHL,Uni del Valle de Guatemala
E0000004007,UNIFRANCISCOMARROQUIN,SCHL,Uni Francisco Marroquin
E0000004008,ISTANBULAYDINUNIVERSITY,SCHL,Istanbul Aydin University
E0000004009,HUUNIOFAPPLIEDSCIENCES,SCHL,HU Uni of Applied Sciences
E0000004010,NATIONALACADEMYOFGOVERNANCE,SCHL,National Academy of Governance
E0000004011,ASIANUNIVERSITYFORWOMEN,SCHL,Asian University for Women
E0000004012,AZERBAIJANDIPLOMATICACADEMY,SCHL,Azerbaijan Diplomatic Academy
E0000004013,BILLYBLUECOLLEGEOFDESIGN,SCHL,Billy Blue College of Design
E0000004014,BIRMINGHAMSOUTHERNCOLLEGE,SCHL,Birmingham-Southern College
E0000004015,CALIFORNIASTATEUNISANBERNA,SCHL,California State Uni San Berna
E0000004016,CHARTEREDINSTOFMGTACC,SCHL,Chartered Inst of Mgt Acc
E0000004017,THEDEBOERFOUNDATION,SCHL,The DeBoer Foundation
E0000004018,GREENRIVERCOLLEGE,SCHL,Green River College
E0000004019,GRINNELLCOLLEGE,SCHL,Grinnell College
E0000004020,HARAMAYAUNIVERSITY,SCHL,Haramaya University
E0000004021,INSTOFCAPITALMKTREGISTRARS,SCHL,Inst of Capital Mkt Registrars
E0000004022,INSTITUTEOFPERSONNELMGT,SCHL,Institute of Personnel Mgt
E0000004023,MONROECOLLEGE,SCHL,Monroe College
E0000004024,NASARAWASTATEUNIVERSITY,SCHL,Nasarawa State University
E0000004025,NIGERDELTAUNIVERSITY,SCHL,Niger Delta University
E0000004026,NILAIUNIVERSITY,SCHL,Nilai University
E0000004027,PHILIPPINENORMALUNIVERSITY,SCHL,Philippine Normal University
E0000004028,PONTIFICIAUNIVERSIDADCATOLIC,SCHL,Pontificia Universidad Catolic
E0000004029,RAIUNIVERSITY,SCHL,Rai University
E0000004030,RAJIVGANDHIINSTOFPETROLEUM,SCHL,Rajiv Gandhi Inst of Petroleum
E0000004031,SEVENOAKSSCHOOL,SCHL,Sevenoaks School
E0000004032,SHAHABDULLATIFUNIVERSITYKH,SCHL,Shah Abdul Latif University Kh
E0000004033,STATEUNIOFNEWYORKATPLATT,SCHL,State Uni of New York at Platt
E0000004034,SZEBIST,SCHL,SZEBIST
E0000004035,UNESCOINTLINSTFOREDUPLAN,SCHL,UNESCO Int'l Inst for Edu Plan
E0000004036,UNIVERSIDADVERACRUZANA,SCHL,Universidad Veracruzana
E0000004037,UNIVERSITIMALAYSIATERENGGANU,SCHL,Universiti Malaysia Terengganu
E0000004038,UNIVERSITYOFABUJA,SCHL,University of Abuja
E0000004039,UNIOFAPPLSCIARTSNWSWIS,SCHL,Uni of Appl Sci & Arts NW Swis
E0000004040,UNIVERSITYOFBALOCHISTAN,SCHL,University of Balochistan
E0000004041,UNIVERSITYOFPALESTINE,SCHL,University of Palestine
E0000004042,UNIWORLDECONOMYDIPLOMACY,SCHL,Uni World Economy & Diplomacy
E0000004043,UNIOFWESTINDIESOPENCAMPUS,SCHL,Uni of West Indies Open Campus
E0000004044,INSTITUTDETUDESPOLITIQUES,SCHL,Institut D'Études Politiques
E0000004045,STRATESCHOOLOFDESIGN,SCHL,Strate School of Design
E0000004046,BHUPENDRANARAYANMANDALUNI,SCHL,Bhupendra Narayan Mandal Uni
E0000004047,UZBEKISTANSTATEUNIOFLANG,SCHL,UZBEKISTAN STATE UNI of LANG
E0000004048,UNIOFWALESPRIFYSGOLCYMRU,SCHL,Uni of Wales Prifysgol Cymru
E0000004049,HOCHIMINHCITYOPENUNI,SCHL,Ho Chi Minh City Open Uni
E0000004050,UNIVERSITATDEVALENCIA,SCHL,Universitat de Valencia
E0000004051,MOHAMMEDBINRASHIDSCHOFGOV,SCHL,Mohammed Bin Rashid Sch of Gov
E0000004052,UNIVERSITEGRENOBLEALPES,SCHL,Universite Grenoble Alpes
E0000004053,TOMSKSTATEUNIVERSITY,SCHL,Tomsk State University
E0000004054,INTERNATIONALMANAGEMENTINST,SCHL,International Management Inst
E0000004055,SGTRAININGDEVTASSOC,SCHL,SG Training & Devt Assoc
E0000004056,UNIVERSITYOFSOUTHAFRICA,SCHL,University of South Africa
E0000004057,BUDDHISTANDPALICOLLEGE,SCHL,Buddhist and Pali College
E0000004058,UNIVERSITISULTANZAINALABIDI,SCHL,Universiti Sultan Zainal Abidi
E0000004059,CHENGDUUNIVERSITYOFTCM,SCHL,Chengdu University of TCM
E0000004060,LIVERPOOLINTFORPERFORMGART,SCHL,Liverpool Int for Performg Art
E0000004061,CURTINUNIVERSITY,SCHL,Curtin University
E0000004062,CURTINCOLLEGE,SCHL,Curtin College
E0000004063,RENNESSCHOOLOFBUSINESS,SCHL,Rennes School of Business
E0000004064,HEILONGJIANGINSTITUTEOFTECH,SCHL,Heilongjiang Institute of Tech
E0000004065,HUBEIUNIVERSITYOFAUTOMOTIVE,SCHL,Hubei University of Automotive
E0000004066,IIITDESIGNMFGKANCHEEPURAM,SCHL,IIIT Design & Mfg Kancheepuram
E0000004067,JANARDANRAINAGARRAJASTHANV,SCHL,Janardan Rai Nagar Rajasthan V
E0000004068,LYCEELOUISLEGRAND,SCHL,Lycee Louis-Le-Grand
E0000004069,MYANMARMARITIMEUNIVERSITY,SCHL,Myanmar Maritime University
E0000004070,NANJINGINSTITUTEOFTECH,SCHL,Nanjing Institute of Tech
E0000004071,NORTHEASTELECTRICPOWERUNI,SCHL,Northeast Electric Power Uni
E0000004072,SRISIDDHARTHAUNIVERSITY,SCHL,Sri Siddhartha University
E0000004073,TECHNOCRATAUTOMATION,SCHL,Technocrat Automation
E0000004074,TIANJINFOREIGNSTUDIESUNI,SCHL,Tianjin Foreign Studies Uni
E0000004075,UNIVERSIDADEFEDERALFLUMINENS,SCHL,Universidade Federal Fluminens
E0000004076,WESTYANGONTECHNOLOGICALUNI,SCHL,West Yangon Technological Uni
E0000004077,HUBEIENGINEERINGUNIVERSITY,SCHL,Hubei Engineering University
E0000004078,INDIANSTATINSTDELHI,SCHL,"Indian Stat Inst, Delhi"
E0000004079,INDIANSTATINSTBANGALORE,SCHL,"Indian Stat Inst, Bangalore"
E0000004080,INDIANSTATINSTTEZPUR,SCHL,"Indian Stat Inst, Tezpur"
E0000004081,INSTITUTEOFPUBLICENTERPRISE,SCHL,Institute of Public Enterprise
E0000004082,HUNANUNIOFSCIENCETECH,SCHL,Hunan Uni of Science & Tech
E0000004083,GLIONINSTITUTEOFHIGHEREDUN,SCHL,Glion Institute of Higher Edun
E0000004084,NATIONALSKINCENTRE,SCHL,National Skin Centre
E0000004085,JEJUNATIONALUNIVERSITY,SCHL,Jeju National University
E0000004086,PETERTHEGREATSAINTPETERSBU,SCHL,Peter the Great Saint-Petersbu
E0000004087,FEDERALURDUUOFARTSCITECH,SCHL,Federal Urdu U of Art Sci Tech
E0000004088,RHINEWAALUNIOFAPPLSCI,SCHL,Rhine-Waal Uni of Appl Sci
E0000004089,FLENSBURGUNIOFAPPLSCI,SCHL,Flensburg Uni of Appl Sci
E0000004090,VEERNARMADSOUTHGUJARATUNI,SCHL,Veer Narmad South Gujarat Uni
E0000004091,JILINJIANZHUUNIVERSITY,SCHL,Jilin Jianzhu University
E0000004092,IITBANARASHINDUUNIVERSITY,SCHL,IIT (Banaras Hindu University)
E0000004093,RIPHAHINTERNATIONALUNI,SCHL,Riphah International Uni
E0000004094,HENGYANGNORMALUNIVERSITY,SCHL,Hengyang Normal University
E0000004095,NOTREDAMEUNIVERSITY,SCHL,Notre Dame University
E0000004096,UNIVERSITYOFSOUTHERNMINDANA,SCHL,University of Southern Mindana
E0000004097,PHILIPPINECOLOFCRIMINOLOGY,SCHL,Philippine Col of Criminology
E0000004098,COLEGIODESANJUANDELETRAN,SCHL,Colegio de San Juan de Letran
E0000004099,HEMWATINANDANBAHUGUNAGARHWA,SCHL,Hemwati Nandan Bahuguna Garhwa
E0000004100,DAYALBAGHEDUCATIONALINST,SCHL,Dayalbagh Educational Inst
E0000004101,ROYALCOLLEGEOFEMERGENCYMED,SCHL,Royal College of Emergency Med
E0000004102,AMERICANUNIOFAFGHANISTAN,SCHL,American Uni of Afghanistan
E0000004103,IONMINCUUNIOFARCHIURB,SCHL,"""Ion Mincu"" Uni of Archi & Urb"
E0000004104,MUSASHIUNIVERSITY,SCHL,Musashi University
E0000004105,UNIVERSITYOFDAYTON,SCHL,University of Dayton
E0000004106,REGENTSUNIVERSITYLONDON,SCHL,Regent's University London
E0000004107,UNIVERSITYOFROEHAMPTON,SCHL,University of Roehampton
E0000004108,HKGACADEMYFORPERFORMINGART,SCHL,HKG Academy for Performing Art
E0000004109,TRINITYTHEOLOGICALCOLLEGE,SCHL,Trinity Theological College
E0000004110,TCACOLLEGE,SCHL,TCA College
E0000004111,THIRUVALLUVARUNIVERSITY,SCHL,Thiruvalluvar University
E0000004112,DEANZACOLLEGE,SCHL,De Anza College
E0000004113,LANGARACOLLEGE,SCHL,Langara College
E0000004114,SOUTHERNUNIVERSITYCOLLEGE,SCHL,Southern University College
E0000004115,GYEONGSANGNATIONALUNIVERSITY,SCHL,Gyeongsang National University
E0000004116,SOUTHEASTUNIVERSITY,SCHL,Southeast University
E0000004117,UNIVERSIDADNACIONALDELSANTA,SCHL,Universidad Nacional del Santa
E0000004118,SOUTHRUSSIANSTATEUNIVERSITY,SCHL,South Russian State University
E0000004119,SOUTHERNFEDERALUNIVERSITY,SCHL,Southern Federal University
E0000004120,UNIVERSITYOFECONSFINANCE,SCHL,University of Econs & Finance
E0000004121,IMPERIALCOLLEGEBUSINESSSCH,SCHL,Imperial College Business Sch
E0000004122,LUMSA,SCHL,LUMSA
E0000004123,UNIVERSITYOFBRESCIA,SCHL,University of Brescia
E0000004124,DEMOCRITUSUNIOFTHRACE,SCHL,Democritus Uni of Thrace
E0000004125,PANTHEONASSASUNIVERSITY,SCHL,Pantheon-Assas University
E0000004126,SAINTJOSEPHUNIVERSITY,SCHL,Saint Joseph University
E0000004127,STJUDECOLLEGE,SCHL,St. Jude College
E0000004128,LYCEECONDORCET,SCHL,Lycee Condorcet
E0000004129,CATALYSTCLINICALSERVICES,SCHL,Catalyst Clinical Services
E0000004130,VELSUNIVERSITY,SCHL,Vels University
E0000004131,INDRAPRASTHAINSTOFITDELHI,SCHL,Indraprastha Inst of IT Delhi
E0000004132,NOVIAUNIOFAPPLIEDSCI,SCHL,Novia Uni of Applied Sci
E0000004133,HANGZHOUNORMALUNIVERSITY,SCHL,Hangzhou Normal University
E0000004134,NATLINSTOFTECHPUDUCHERRY,SCHL,Nat'l Inst of Tech Puducherry
E0000004135,ROYALCONSERVATOIRESCOTLAND,SCHL,Royal Conservatoire Scotland
E0000004136,PANDITBHAGWATDAYALSHARMAUN,SCHL,Pandit Bhagwat Dayal Sharma Un
E0000004137,PONNAIYAHRAMAJAYAMINSTST,SCHL,Ponnaiyah Ramajayam Inst S&T
E0000004138,ANADOLUUNIVERSITY,SCHL,Anadolu University
E0000004139,BENTLEYUNIVERSITY,SCHL,Bentley University
E0000004140,YALESCHOOLOFMANAGEMENT,SCHL,Yale School of Management
E0000004141,SKEMABUSINESSSCHOOL,SCHL,SKEMA Business School
E0000004142,COOPERUNIONFORTHEADVCOFS,SCHL,Cooper Union For the Advc of S
E0000004143,ALQUDSUNIVERSITY,SCHL,Al-Quds University
E0000004144,PARKWAYHOSPITALSSINGAPORE,SFTP,Parkway Hospitals Singapore
E0000004145,INFOCASTINSTOFDIGITALARTS,SCHL,Infocast Inst of Digital Arts
E0000004146,LUCERNEUNIOFAPPLSCIARTS,SCHL,Lucerne Uni of Appl Sci & Arts
E0000004147,HADASSAHACADEMICCOLLEGE,SCHL,Hadassah Academic College
E0000004148,NATIONALUNIVERSITYOFCORDOBA,SCHL,National University of Cordoba
E0000004149,HUNANINSTITUTEOFENGINEERING,SCHL,Hunan Institute of Engineering
E0000004150,SHANDONGJIANZHUUNIVERSITY,SCHL,Shandong Jianzhu University
E0000004151,SHANDONGYOUTHUNIOFPOLITICA,SCHL,Shandong Youth Uni of Politica
E0000004152,YANGONUNIVERSITYOFEDUCATION,SCHL,Yangon University of Education
E0000004153,GTCMYINGYAN,SCHL,GTC Myingyan
E0000004154,UNIVERSITYOFNORTHAMPTON,SCHL,University of Northampton
E0000004155,TMCACADEMY,SCHL,TMC Academy
E0000004156,SHAHIDBEHESHTIUNIOFMEDSCI,SCHL,Shahid Beheshti Uni of Med Sci
E0000004157,SOKAUNIVERSITYOFAMERICA,SCHL,Soka University of America
E0000004158,AMSTERDAMUNIVERSITYCOLLEGE,SCHL,Amsterdam University College
E0000004159,SHANGHAIPOLYTECHNICUNIVERSIT,SCHL,Shanghai Polytechnic Universit
E0000004160,SOUTHWESTPHALIAUOFAPPSCI,SCHL,South Westphalia U of App Sci
E0000004161,CYCLECARRIAGEINDUSTRIESPL,SFTP,Cycle & Carriage Industries PL
E0000004162,SUNGKONGHOEUNIVERSITY,SCHL,SungKongHoe University
E0000004163,SEJONGUNIVERSITY,SCHL,Sejong University
E0000004164,SEOKYEONGUNIVERSITY,SCHL,Seokyeong University
E0000004165,MEDIADATASYSTEMSPTELTD,SFTP,Media Data Systems Pte Ltd
E0000004166,LUCYCAVENDISHCOLLEGE,SCHL,Lucy Cavendish College
E0000004167,UNIOFMUSICPERARTSVIENNA,SCHL,Uni of Music & Per Arts Vienna
E0000004168,ARUPSINGAPOREPTELTD,SFTP,Arup Singapore Pte Ltd
E0000004169,TVERSTATEMEDICALACADEMY,SCHL,Tver State Medical Academy
E0000004170,OURLADYOFFATIMAUNIVERSITY,SCHL,Our Lady of Fatima University
E0000004171,GREENLIFEDENTALCLINICBEDOK,SFTP,Greenlife Dental Clinic-Bedok
E0000004172,NHGPHARMACY,SFTP,NHG Pharmacy
E0000004173,MINISTRYOFEDUCATIONMOE1,SFTP,Ministry of Education (MOE01)
E0000004174,GDENTALYEWTEEPTELTD,SFTP,G.Dental@ Yew Tee Pte Ltd
E0000004175,WOODLANDSHEALTHPTELTD,SFTP,Woodlandshealth Pte Ltd
E0000004176,ACUMEDHOLDINGSPTELTD,SFTP,AcuMed Holdings Pte Ltd
E0000004177,KINDERLANDEDUCARESERVICES,SFTP,Kinderland Educare Services
E0000004178,TYLININTERNATIONALPTELTD,SFTP,T.Y.Lin International Pte Ltd
E0000004179,SRICHANDRASARASWATHIVISWAM,SCHL,Sri Chandra Saraswathi Viswa M
E0000004180,GALGOTIASUNIVERSITY,SCHL,Galgotias University
E0000004181,RVCOLLEGEOFENGINEERING,SCHL,R.V. College of Engineering
E0000004182,PHCONSULTINGPTELTD,SFTP,PH Consulting Pte Ltd
E0000004183,NATNEUROSCIENCEINSTOFSPORE,SFTP,Nat Neuroscience Inst of Spore
E0000004184,FGVEAESPSAOPAULO,SCHL,FGV-EAESP Sao Paulo
E0000004185,SURBANAJURONGCONSULTANTS,SFTP,Surbana Jurong Consultants
E0000004186,KANAZAWAINSTOFTECHNOLOGY,SCHL,Kanazawa Inst of Technology
E0000004187,SHANGHAILIXINUNIACCFIN,SCHL,Shanghai Lixin Uni Acc & Fin
E0000004188,BIOMEDICALSCIENCESINSTITUTE,SFTP,Biomedical Sciences Institute
E0000004189,EUNOIAJUNIORCOLLEGE,SCHL,Eunoia Junior College
E0000004190,TAMPEREUNIOFAPPLSCIENCES,SCHL,Tampere Uni of Appl Sciences
E0000004191,MAHATMAGANDHIAHINDIVISHWAV,SCHL,Mahatma Gandhi A Hindi Vishwav
E0000004192,ADVANCEDMICRODEVICESSG,SFTP,Advanced Micro Devices (SG)
E0000004193,ESCOLADEDIREITODESAOPAULO,SCHL,Escola de Direito de Sao Paulo
E0000004194,IMTATLANTIQUEBRETAGNEPAYS,SCHL,IMT Atlantique Bretagne-Pays
E0000004195,ZUYDUNIOFAPPLIEDSCIENCES,SCHL,Zuyd Uni of Applied Sciences
E0000004196,EDGEWOODCOLLEGE,SCHL,Edgewood College
E0000004197,TUSCULUMCOLLEGE,SCHL,Tusculum College
E0000004198,UNIOFAPPSCIENCESDUSSELDORF,SCHL,Uni of App Sciences Dusseldorf
E0000004199,UNIVERSIDADDELASAMERICAS,SCHL,Universidad de Las Americas
E0000004200,ECOLEHOTELIEREDELAUSANNE,SCHL,Ecole hoteliere de Lausanne
E0000004201,ALLIANCEUNIVERSITY,SCHL,Alliance University
E0000004202,VIVERNADSKYCRIFEDUNI,SCHL,V. I. Vernadsky Cri Fed Uni
E0000004203,BANKINGUNIHOCHIMINHCITY,SCHL,Banking Uni Ho Chi Minh City
E0000004204,JAGRANLAKECITYUNIVERSITY,SCHL,Jagran Lakecity University
E0000004205,FLAMEUNIVERSITY,SCHL,FLAME University
E0000004206,BUNKERHILLCOMMUNITYCOLLEGE,SCHL,Bunker Hill Community College
E0000004207,DAVIDSONCOLLEGE,SCHL,Davidson College
E0000004208,CHENGDUMEDICALCOLLEGE,SCHL,Chengdu Medical College
E0000004209,FUXIANGCONSTRUCTIONPTELTD,SFTP,Fu Xiang Construction Pte Ltd
E0000004210,RSPARCHITECTSPLANNERSENGI,SFTP,RSP Architects Planners & Engi
E0000004211,COLOGNEBUSINESSSCHOOL,SCHL,Cologne Business School
E0000004212,FHKUFSTEINUNIOFAPPSCI,SCHL,"FH Kufstein, Uni of App Sci"
E0000004213,NATCOLLEGEOFSCIANDTECH,SCHL,Nat College of Sci and Tech
E0000004214,PROREGULATIONCOMMPH,SCHL,Pro Regulation Comm (PH)
E0000004215,PRAVARAINSTOFMEDICALSCI,SCHL,Pravara Inst of Medical Sci
E0000004216,MOHAMMEDBINRASHIDUNIVERSITY,SCHL,Mohammed Bin Rashid University
E0000004217,AJMANUNIOFSCITECHNOLOGY,SCHL,Ajman Uni of Sci & Technology
E0000004218,WSPCONSULTANCYPTELTD,SFTP,WSP Consultancy Pte Ltd
E0000004219,LIAONINGUNIOFTECHNOLOGY,SCHL,Liaoning Uni of Technology
E0000004220,ERSSCONSULTANTSPTELTD,SFTP,ERSS Consultants Pte Ltd
E0000004221,JILINTEACHERSINSTOFENGT,SCHL,Jilin Teachers Inst of Eng & T
E0000004222,GOVERNMENTLAWCOLLEGE,SCHL,Government Law College
E0000004223,HANUNIOFAPPLIEDSCIENCES,SCHL,HAN Uni of Applied Sciences
E0000004224,IIITDMJABALPUR,SCHL,IIITDM Jabalpur
E0000004225,METHODISTCOLLEGEKUALALUMPUR,SCHL,Methodist College Kuala Lumpur
E0000004226,KTPCONSULTANTSPTELTD,SFTP,KTP Consultants Pte Ltd
E0000004227,THENATIONALKIDNEYFOUNDATION,SFTP,The National Kidney Foundation
E0000004228,UNIVOFNCAROLINAASHEVILLE,SCHL,"Univ of N Carolina, Asheville"
E0000004229,CARDIFFMETROPOLITANUNIV,SCHL,Cardiff Metropolitan Univ
E0000004230,UNIVERSITYOFOSNABRUCK,SCHL,University of Osnabruck
E0000004231,LANGINSTCHIANGMAIUNIV,SCHL,Lang Inst Chiang Mai Univ
E0000004232,UWCSEAEASTCAMPUS,SCHL,UWCSEA (East Campus)
E0000004233,TERIUNIVERSITY,SCHL,TERI University
E0000004234,UNIVERSITYOFPUTRAINDONESIA,SCHL,University of Putra Indonesia
E0000004235,SWISSGERMANUNIVERSITY,SCHL,Swiss German University
E0000004236,HEILBRONNUNIVERSITY,SCHL,Heilbronn University
E0000004237,BEUTHUNIOFAPPLSCIBERLIN,SCHL,Beuth Uni of Appl Sci Berlin
E0000004238,INCAEBUSINESSSCHOOL,SCHL,INCAE Business School
E0000004239,TECHEDUINSOFWESTERNGREECE,SCHL,Tech Edu Ins of Western Greece
E0000004240,HOCHSCHULEASCHAFFENBURGUAS,SCHL,Hochschule Aschaffenburg - UAS
E0000004241,UNIVERSIDADNACIONALDEPIURA,SCHL,Universidad Nacional de Piura
E0000004242,COURSCIVILFRANCAISESORBONNE,SCHL,Cours Civil Francaise Sorbonne
E0000004243,RHODEISLANDSCHOOLOFDESIGN,SCHL,Rhode Island School of Design
E0000004244,CENTREINTDETUDESFRANCAISES,SCHL,Centre Int d'Etudes Francaises
E0000004245,CTREFORDEVOFIMAGINGTECH,SCHL,Ctre for Dev of Imaging Tech
E0000004246,CEBUINSTITUTEOFTECHNOLOGY,SCHL,Cebu Institute of Technology
E0000004247,BEIJINGWUZIUNIVERSITY,SCHL,Beijing Wuzi University
E0000004248,DEENBANDHUCHHOTURAMUNISCI,SCHL,Deenbandhu Chhotu Ram Uni Sci
E0000004249,TARASSHEVCHENKONATUNIKYIV,SCHL,Taras Shevchenko Nat Uni Kyiv
E0000004250,JINLINGINSTOFTECHNOLOGY,SCHL,Jinling Inst of Technology
E0000004251,MAKHANLALCHATURVEDIRPV,SCHL,Makhanlal Chaturvedi R P V
E0000004252,UNIOFAPPSCIANDTECHNOLOGY,SCHL,Uni of App Sci and Technology
E0000004253,TECHVOCCOLLNO2ISFAHAN,SCHL,Tech & Voc Coll No. 2 Isfahan
E0000004254,FILMTVSCHACADPRFMARTSP,SCHL,Film & TV Sch Acad Prfm Arts P
E0000004255,GIRALDACENTER,SCHL,Giralda Center
E0000004256,STOCKHOLMSCHOFECONSINRIGA,SCHL,Stockholm Sch of Econs in Riga
E0000004257,TUMKURUNIVERSITY,SCHL,Tumkur University
E0000004258,3DSENSEMEDIASCHOOL,SCHL,3dsense Media School
E0000004259,DISSTUDYABROADSCANDINAVIA,SCHL,DIS-Study Abroad Scandinavia
E0000004260,NATIONALDONGHWAUNIVERSITY,SCHL,National Dong Hwa University
E0000004261,BUSANUNIOFFOREIGNSTUDIES,SCHL,Busan Uni of Foreign Studies
E0000004262,EUROPEANSPACEAGENCY,SCHL,European Space Agency
E0000004263,SPOREINTLARBITRATIONACAD,SCHL,S'pore Intl Arbitration Acad
E0000004264,ZHENGZHOUUNIOFINDUSTTECH,SCHL,Zhengzhou Uni of Indust Tech
E0000004265,ISAESUPAERO,SCHL,ISAE-SUPAERO
E0000004266,NORWICHUNIVERSITY,SCHL,Norwich University
E0000004267,COLUMBIAINTERNATIONALCOLLEGE,SCHL,Columbia International College
E0000004268,UNIVERSITYOFTHECUMBERLANDS,SCHL,University of the Cumberlands
E0000004269,SENOKOENERGYPTELTD,SFTP,Senoko Energy Pte Ltd
E0000004270,NANJINGINSTOFINDUSTTECH,SCHL,Nanjing Inst of Indust Tech
E0000004271,BERLINSCHOFECONOMICSLAW,SCHL,Berlin Sch of Economics & Law
E0000004272,CENTRALUNIVOFTAMILNADU,SCHL,Central Univ of Tamil Nadu
E0000004273,NYUTISCHSCHOOLOFTHEARTS,SCHL,NYU Tisch School of the Arts
E0000004274,UNIAUTONOMADEBARCELONA,SCHL,Uni Autonoma de Barcelona
E0000004275,SEAEDUCATIONASSOCIATION,SCHL,Sea Education Association
E0000004276,YALEINLONDON,SCHL,Yale in London
E0000004277,DELTAEXPORTSPTELTD,SFTP,Delta Exports Pte Ltd
E0000004278,PFIZERASIAPACIFICPTELTD,SFTP,Pfizer Asia Pacific Pte Ltd
E0000004279,PRIMEMINISTERSOFFICEPMO1,SFTP,Prime Minister's Office(PMO01)
E0000004280,HERAEUSMATERIALSSINGAPORE,SFTP,Heraeus Materials Singapore
E0000004281,SINGAPOREZOOLOGICALGARDENS,SFTP,Singapore Zoological Gardens
E0000004282,KAZAKHBRITISHTECHNICALUNI,SCHL,Kazakh-British Technical Uni
E0000004283,NATIONALTECHUNIOFUKRAINE,SCHL,National Tech Uni of Ukraine
E0000004284,CARECORNERSPORELTDTPY,SFTP,Care Corner S'pore Ltd (TPY)
E0000004285,FUNDACIONBANCARIALACAIXA,SFTP,"Fundacion Bancaria ""la Caixa"""
E0000004286,JIANGXIAGRICULTURALUNI,SCHL,Jiangxi Agricultural Uni
E0000004287,KINGABDULLAHUNIOFSCITEC,SCHL,King Abdullah Uni of Sci & Tec
E0000004288,ACADEMIASINICA,SCHL,Academia Sinica
E0000004289,HACETTEPEUNIVERSITY,SCHL,Hacettepe University
E0000004290,NORTHWESTMINZUUNIVERSITY,SCHL,Northwest Minzu University
E0000004291,SYNAPXEPTELTD,SFTP,Synapxe Pte Ltd
E0000004292,LSWCONSULTINGENGINEERS,SFTP,LSW Consulting Engineers
E0000004293,ROQUETTEASIAPACIFICPTELTD,SFTP,Roquette Asia Pacific Pte Ltd
E0000004294,NATINSTOFOCCPSAFETYHEA,SCHL,Nat Inst of Occp Safety & Hea
E0000004295,ROYALAUSTRALIANCOLLEGEOFGP,SCHL,Royal Australian College of GP
E0000004296,ECOLECENTRALEDENANTES,SCHL,Ecole Centrale de Nantes
E0000004297,AICHIPREFECTURALUNIVERSITY,SCHL,Aichi Prefectural University
E0000004298,FGVDIREITORIO,SCHL,FGV Direito Rio
E0000004299,CALIFORNIASTATEPOLYUNIPAM,SCHL,"California State Poly Uni, Pam"
E0000004300,KOGAKUINUNIVERSITY,SCHL,Kogakuin University
E0000004301,EMILYCARRUNIOFARTDESIGN,SCHL,Emily Carr Uni of Art & Design
E0000004302,ZHEJIANGUNIOFSCITECH,SCHL,Zhejiang Uni of Sci & Tech
E0000004303,ROBERTBOSCHSEAPTELTD,SFTP,Robert Bosch (SEA) Pte Ltd
E0000004304,INSTITUTCATHOLIQUEDEPARIS,SCHL,Institut Catholique de Paris
E0000004305,AMERICANUNIVOFPHNOMPENH,SCHL,American Univ of Phnom Penh
E0000004306,URMIAUNIVERSITY,SCHL,Urmia University
E0000004307,IMOSTATEUNIVERSITY,SCHL,Imo State University
E0000004308,UNIVERSITYOFNORTHFLORIDA,SCHL,University of North Florida
E0000004309,NAGASAKIUNIVERSITY,SCHL,Nagasaki University
E0000004310,ACADEMYOFFINANCEVIETNAM,SCHL,Academy of Finance - Vietnam
E0000004311,ZANZIBARUNIVERSITY,SCHL,Zanzibar University
E0000004312,VIRTUALUNIVERSITYOFPAKISTAN,SCHL,Virtual University of Pakistan
E0000004313,UNIVERSITADEGLISTUDITRIESTE,SCHL,Universita degli Studi Trieste
E0000004314,UNIOFTHEPHILIPPINESOPENU,SCHL,Uni of the Philippines Open U
E0000004315,UNIOFSOUTHASIAPAKISTAN,SCHL,Uni of South Asia (Pakistan)
E0000004316,UNIVERSITYOFSARGODHA,SCHL,University of Sargodha
E0000004317,UNIVERSITYOFMALAWI,SCHL,University of Malawi
E0000004318,UNIVERSITYOFLIBERIA,SCHL,University of Liberia
E0000004319,UNIOFEDUCATIONLAHORE,SCHL,"Uni of Education, Lahore"
E0000004320,UNIVERSITYOFBUCHAREST,SCHL,University of Bucharest
E0000004321,UNIVERSITASJENDERALSOEDIRMAN,SCHL,Universitas Jenderal Soedirman
E0000004322,UNIFEDERALDEUBERLANDIA,SCHL,Uni Federal de Uberlandia
E0000004323,UNITEDSTATESMILITARYACADEMY,SCHL,United States Military Academy
E0000004324,UGANDAMANAGEMENTINSTITUTE,SCHL,Uganda Management Institute
E0000004325,TILAKMAHARASHTRAVIDYAPEETH,SCHL,Tilak Maharashtra Vidyapeeth
E0000004326,SYOKUGYOUDAIPOLYTECHNICUNI,SCHL,Syokugyoudai Polytechnic Uni
E0000004327,SRILANKAINSTOFDEVLPADMIN,SCHL,Sri Lanka Inst of Devlp Admin
E0000004328,ROYALUNIVERSITYOFBHUTAN,SCHL,Royal University of Bhutan
E0000004329,NJALAUNIVERSITY,SCHL,Njala University
E0000004330,NEWYORKLAWSCHOOL,SCHL,New York Law School
E0000004331,NATUNIOFMODERNLANGUAGES,SCHL,Nat Uni of Modern Languages
E0000004332,NATIONALKAOHSIUNGNORMALUNI,SCHL,National Kaohsiung Normal Uni
E0000004333,NATIONALDEFENCEUNIPAKISTAN,SCHL,"National Defence Uni, Pakistan"
E0000004334,MONGOLIANUNIOFSCITECH,SCHL,Mongolian Uni of Sci & Tech
E0000004335,MOGADISHUUNIVERSITY,SCHL,Mogadishu University
E0000004336,MINNESOTASTATEUNIMOORHEAD,SCHL,Minnesota State Uni Moorhead
E0000004337,MARINECORPSUNIVERSITY,SCHL,Marine Corps University
E0000004338,MALAYSIAUNIOFSCITECH,SCHL,Malaysia Uni of Sci & Tech
E0000004339,KAZANSTATEUNIOFARCHENG,SCHL,Kazan State Uni of Arch & Eng
E0000004340,KARDANUNIVERSITY,SCHL,Kardan University
E0000004341,JAGANNATHUNIVERSITY,SCHL,Jagannath University
E0000004342,HANOIUNIOFPUBLICHEALTH,SCHL,Hanoi Uni of Public Health
E0000004343,GURUJAMBHESHWARUNIOFST,SCHL,Guru Jambheshwar Uni of S & T
E0000004344,GOAINSTITUTEOFMANAGEMENT,SCHL,Goa Institute of Management
E0000004345,FOURAHBAYCOLLEGE,SCHL,Fourah Bay College
E0000004346,FORESTRESEARCHINSTITUTE,SCHL,Forest Research Institute
E0000004347,EASTWESTUNIVERSITY,SCHL,East West University
E0000004348,DUKSUNGWOMENSUNIVERSITY,SCHL,Duksung Women's University
E0000004349,CHARLESDARWINUNIVERSITY,SCHL,Charles Darwin University
E0000004350,BOWENUNIVERSITY,SCHL,Bowen University
E0000004351,BINDURAUNIOFSCIEDUCATION,SCHL,Bindura Uni of Sci Education
E0000004352,AMERICANUNIOFSCITECH,SCHL,American Uni of Sci & Tech
E0000004353,ALZAYTOONAHUNIOFJORDAN,SCHL,Al-Zaytoonah Uni of Jordan
E0000004354,AFRICANMETHODISTEPISCOPALU,SCHL,African Methodist Episcopal U
E0000004355,CTRDETECHNIQUESDEPLANIFEA,SCHL,Ctr de Techniques de Planif EA
E0000004356,ESCOLASUPDEADMINMARKETEC,SCHL,Escola Sup de Admin Market e C
E0000004357,ESCOLANACIONALDEADMINPUBLI,SCHL,Escola Nacional de Admin Publi
E0000004358,IFPSCHOOL,SCHL,IFP School
E0000004359,IGBINEDIONUNIVERSITYOKADA,SCHL,Igbinedion University Okada
E0000004360,INDEPENDENTUNIBANGLADESH,SCHL,"Independent Uni, Bangladesh"
E0000004361,INDIANINSTOFPUBLICHEALTH,SCHL,Indian Inst of Public Health
E0000004362,PAKISTANINSTOFDEVLPECONS,SCHL,Pakistan Inst of Devlp Econs
E0000004363,KITROYALTROPICALINSTITUTE,SCHL,KIT Royal Tropical Institute
E0000004364,PYONGYANGUNIOFFOREIGNSTUDI,SCHL,Pyongyang Uni of Foreign Studi
E0000004365,STATEACADUNIFORHUMANITES,SCHL,State Acad Uni for Humanites
E0000004366,DAWEIUNIVERSITY,SCHL,Dawei University
E0000004367,LEMANSUNIVERSITE,SCHL,Le Mans Universite
E0000004368,SHRIDHARMASTHALAMANJUNATHESH,SCHL,Shri Dharmasthala Manjunathesh
E0000004369,SARSENAMANZHOLOVEASTKAZAKHS,SCHL,Sarsen Amanzholov East Kazakhs
E0000004370,MAULANAMALIKIBRAHIMSTATE,SCHL,Maulana Malik Ibrahim State
E0000004371,MAHATMAGANDHICHITRAKOOTGRAM,SCHL,Mahatma Gandhi Chitrakoot Gram
E0000004372,INSTITUTODEPESQUISAECONAPL,SCHL,Instituto de Pesquisa Econ Apl
E0000004373,FRENCHVIETCTRFORMGMTEDU,SCHL,French-Viet Ctr for Mgmt Edu
E0000004374,ASIASCHOOLOFBUSINESS,SCHL,Asia School of Business
E0000004375,ACDOFMGMTUNDERPRESOFKYRGY,SCHL,Acdof Mgmt under Pres of Kyrgy
E0000004376,GAWADKALINGA,OTHR,Gawad Kalinga
E0000004377,ALALAYSAKAUNLARANINCORPORAT,OTHR,Alalay Sa Kaunlaran Incorporat
E0000004378,TOULOUSE1CAPITOLEUNIVERSITY,SCHL,Toulouse 1 Capitole University
E0000004379,UNIVERSITYOFNATIONALECONOMY,SCHL,University of National Economy
E0000004380,UNIVERSITYOFSIERRALEONE,SCHL,University of Sierra Leone
E0000004381,SATBAYEVUNIVERSITY,SCHL,Satbayev University
E0000004382,NATIONALTAIPEIUNIOFEDU,SCHL,National Taipei Uni of Edu
E0000004383,MINGCHUANUNIVERSITY,SCHL,Ming Chuan University
E0000004384,GUANGZHOUMEDICALUNIVERSITY,SCHL,Guangzhou Medical University
E0000004385,JILINNORMALUNIVERSITY,SCHL,Jilin Normal University
E0000004386,QIQIHARMEDICALUNIVERSITY,SCHL,Qiqihar Medical University
E0000004387,ALEXINTEGRATEDHOSPITAL,SFTP,Alex Integrated Hospital
E0000004388,NESTLERDCENTERPTELTD,SCHL,Nestle R&D Center (Pte) Ltd
E0000004389,NATIONALUNIVERSITY,SCHL,National University
E0000004390,NAVRACHANAUNIVERSITY,SCHL,Navrachana University
E0000004391,SANGMYUNGUNIVERSITY,SCHL,Sangmyung University
E0000004392,KUNSTUNIVERSITATGRAZ,SCHL,Kunstuniversitat Graz
E0000004393,JUNTENDOUNIVERSITY,SCHL,Juntendo University
E0000004394,UNIVERSITYOFDUBUQUE,SCHL,University of Dubuque
E0000004395,POLYTECHLILLE,SCHL,Polytech Lille
E0000004396,GLOBALNXTUNIVERSITY,SCHL,GlobalNxt University
E0000004397,AUCKLANDINSTITUTEOFSTUDIES,SCHL,Auckland Institute of Studies
E0000004398,SCHOFPLANARCHVIJAYAWADA,SCHL,"Sch of Plan & Arch, Vijayawada"
E0000004399,TIANJINCHENGJIANUNIVERSITY,SCHL,Tianjin Chengjian University
E0000004400,DENISONUNIVERSITY,SCHL,Denison University
E0000004401,FEIYUECOMMUNITYSERVICESHQ,SFTP,Fei Yue Community Services HQ
E0000004402,SCHLUMBERGEROILFIELDSG,SFTP,Schlumberger Oilfield SG
E0000004403,BEIJINGELECSCITECHINST,SCHL,Beijing Elec Sci & Tech Inst
E0000004404,TIANJINPOLYTECHNICUNIVERSITY,SCHL,Tianjin Polytechnic University
E0000004405,RANGJUNGYESHEINSTITUTE,SCHL,Rangjung Yeshe Institute
E0000004406,TOULOUSEBUSINESSSCHOOL,SCHL,Toulouse Business School
E0000004407,MOTTMACDONALDSGPTELTD,SFTP,Mott Macdonald SG Pte Ltd
E0000004408,CAPITALANDCOMMERCIALMGT,SFTP,CapitaLand Commercial Mgt
E0000004409,NORTHERNARIZONAUNIVERSITY,SCHL,Northern Arizona University
E0000004410,AZIMPREMJIUNIVERSITY,SCHL,Azim Premji University
E0000004411,ESTUDIOSAMPERE,SCHL,Estudio Sampere
E0000004412,ACADLATINOAMERICANADEESP,SCHL,Acad Latinoamericana de Esp
E0000004413,KWANGWOONUNIVERSITY,SCHL,Kwangwoon University
E0000004414,WESTERNNORWAYUNIOFAPPSCI,SCHL,Western Norway Uni of App Sci
E0000004415,ANHUIUNIOFSCITECH,SCHL,Anhui Uni of Sci & Tech
E0000004416,INTLINSTOFINFOTECHNAYAR,SCHL,"Intl Inst of Info Tech, Naya R"
E0000004417,YURIIFEDKOVYCHCHERNIVTSINU,SCHL,Yurii Fedkovych Chernivtsi N U
E0000004418,GROUPESUPDECOLAROCHELLE,SCHL,Groupe Sup de Co La Rochelle
E0000004419,THECHINESEUNIOFHKGSHENZ,SCHL,The Chinese Uni of HKG (Shenz)
E0000004420,APMGKLASEANJAPAN,SCHL,APMG KL (ASEAN & Japan)
E0000004421,TAMAGAWAUNIVERSITY,SCHL,Tamagawa University
E0000004422,UNIOFSCITECHHANOI,SCHL,Uni of Sci &Tech Hanoi
E0000004423,ZHENGZHOUUOFLIGHTINDUSTRY,SCHL,Zhengzhou U of Light Industry
E0000004424,CHIANGRAIRAJABHATUNIVERSITY,SCHL,Chiang Rai Rajabhat University
E0000004425,EUROASSOCFORCULTURALEXC,SCHL,Euro Assoc for Cultural Exc
E0000004426,URALFEDERALUNIVERSITY,SCHL,Ural Federal University
E0000004427,UNITECINSTITUTEOFTECHNOLOGY,SCHL,Unitec Institute of Technology
E0000004428,UNIVERSIDADDELASALLE,SCHL,Universidad de La Salle
E0000004429,UNIVERSITIMALAYSIAPERLIS,SCHL,Universiti Malaysia Perlis
E0000004430,NANJINGTECHUNIVERSITY,SCHL,Nanjing Tech University
E0000004431,MOPVAISHNAVCOLFORWOMEN,SCHL,M.O.P. Vaishnav Col for Women
E0000004432,PANDITDEENDAYALPETROLEUMUNI,SCHL,Pandit Deendayal Petroleum Uni
E0000004433,UNIVERSITYMUHAMMADIYAHMALANG,SCHL,University Muhammadiyah Malang
E0000004434,QATARUNIVERSITY,SCHL,Qatar University
E0000004435,UNIVERSITYOFLODZ,SCHL,University of Lodz
E0000004436,UNIVERSITYOFWROCLAW,SCHL,University of Wroclaw
E0000004437,KAZAKHINSTOFLAWINTLRELS,SCHL,Kazakh Inst of Law & Intl Rels
E0000004438,UNIOFCENTRALLANCASHIRECYP,SCHL,"Uni of Central Lancashire, Cyp"
E0000004439,UNICATOLICASANTAMARIALAAN,SCHL,Uni Catolica Santa Maria La An
E0000004440,UNIVERSITYOFMONTENEGRO,SCHL,University of Montenegro
E0000004441,KOBECITYUOFFOREIGNSTUDIES,SCHL,Kobe City U of Foreign Studies
E0000004442,INSTBRASILEIRODEMERCADOCAP,SCHL,Inst Brasileiro de Mercado Cap
E0000004443,HANKYONGNATIONALUNIVERSITY,SCHL,Hankyong National University
E0000004444,AFRICANUNICOLLEGEOFCOMMS,SCHL,African Uni College of Comms
E0000004445,SADDLEBACKCOLLEGE,SCHL,Saddleback College
E0000004446,KANGANINSTITUTE,SCHL,Kangan Institute
E0000004447,UNIVERSIDADDEMONTERREY,SCHL,Universidad de Monterrey
E0000004448,UNIVERSITYOFFINDLAY,SCHL,University of Findlay
E0000004449,ECOLENATDECHIMIEPHYSBIOP,SCHL,Ecole nat de chimie phys bio P
E0000004450,DEFENCESERVICESTECHACADEMY,SCHL,Defence Services Tech Academy
E0000004451,NOCTORONTO,SCHL,NOC Toronto
E0000004452,BATHSPAUNIVERSITY,SCHL,Bath Spa University
E0000004453,PESUNIVERSITY,SCHL,PES University
E0000004454,GRANDCANYONUNIVERSITY,SCHL,Grand Canyon University
E0000004455,HONGKONGCOMMUNITYCOLLEGE,SCHL,Hong Kong Community College
E0000004456,EASTCHINAUNIOFTECHNOLOGY,SCHL,East China Uni of Technology
E0000004457,BISHOPSUNIVERSITY,SCHL,Bishop's University
E0000004458,NATIONALUNIOFUZBEKISTAN,SCHL,National Uni of Uzbekistan
E0000004459,YEREVANSTATEUNIVERSITY,SCHL,Yerevan State University
E0000004460,KEDGEBUSINESSSCHOOL,SCHL,KEDGE Business School
E0000004461,PONTIFICALCATHOLICUNIOFRIO,SCHL,Pontifical Catholic Uni of Rio
E0000004462,LUISSLIBERAUINTDSTUGC,SCHL,LUISS - Libera U Int d Stu G C
E0000004463,UNIOFAPPSCIOFEASTSWITZ,SCHL,Uni of App Sci of East Switz
E0000004464,MINIAUNIVERSITY,SCHL,Minia University
E0000004465,UNIAUTONOMADEAGUASCALIENTES,SCHL,Uni Autonoma de Aguascalientes
E0000004466,CTRDEINVGCIENTDEYUCATAN,SCHL,Ctr de Invg Cient de Yucatan
E0000004467,ECOLEDESINGENDELAVILLEP,SCHL,Ecole des ingen de la Ville P
E0000004468,ASWANUNIVERSITY,SCHL,Aswan University
E0000004469,FACHHOCHSCHULELUBECK,SCHL,Fachhochschule Lubeck
E0000004470,BANGLADESHUNIOFPROFESSIONAL,SCHL,Bangladesh Uni of Professional
E0000004471,SHARDAUNIVERSITY,SCHL,Sharda University
E0000004472,HKUSTBUSINESSSCHOOL,SCHL,HKUST Business School
E0000004473,KAPLANSINGAPORE,SCHL,Kaplan Singapore
E0000004474,CTRFORRSHINTERDISCIP,SCHL,Ctr for Rsh & Interdiscip
E0000004475,ESADEBUSINESSSCHOOL,SCHL,ESADE Business School
E0000004476,UNIVERSITYOFTHERYUKYUS,SCHL,University of the Ryukyus
E0000004477,ROYALNETHERLANDSINSTFORSEA,SCHL,Royal Netherlands Inst for Sea
E0000004478,ARBAMINCHUNIVERSITY,SCHL,Arba Minch University
E0000004479,UNIVERSITEDEHAUTEALSACE,SCHL,Universite de Haute-Alsace
E0000004480,TOKYOMEDICALDENTALUNI,SCHL,Tokyo Medical & Dental Uni
E0000004481,AKITAUNIVERSITY,SCHL,Akita University
E0000004482,KUMAMOTOUNIVERSITY,SCHL,Kumamoto University
E0000004483,NAGOYAUNIOFCOMMERCEBUSIN,SCHL,Nagoya Uni of Commerce & Busin
E0000004484,FAREASTERNFEDERALUNIVERSITY,SCHL,Far Eastern Federal University
E0000004485,TZUCHIUNIVERSITY,SCHL,Tzu Chi University
E0000004486,SCRIPPSRESEARCHINSTITUTE,SCHL,Scripps Research Institute
E0000004487,HARVARDMEDICALSCHOOL,SCHL,Harvard Medical School
E0000004488,UNIVERSITYOFJOHANNESBURG,SCHL,University of Johannesburg
E0000004489,TOKYOARIAKEUOFMEDHSCI,SCHL,Tokyo Ariake U of Med & H Sci
E0000004490,VIETNAMMILITARYMEDICALUNI,SCHL,Vietnam Military Medical Uni
E0000004491,ZHEJIANGCHINESEMEDICALUNI,SCHL,Zhejiang Chinese Medical Uni
E0000004492,BRITISHHOROLOGICALINSTITUTE,SCHL,British Horological Institute
E0000004493,OSAKAMEDICALCOLLEGE,SCHL,Osaka Medical College
E0000004494,JIKEIUNIVERSITYSCHOOLOFMED,SCHL,Jikei University School of Med
E0000004495,SHIBAURAINSTOFTECHNOLOGY,SCHL,Shibaura Inst of Technology
E0000004496,KARDINIAHEALTH,OTHR,Kardinia Health
E0000004497,LONEPINEKOALASANCTUARY,OTHR,Lone Pine Koala Sanctuary
E0000004498,SYDNEYTRAILRIDINGCENTRE,OTHR,Sydney Trail Riding Centre
E0000004499,HIGHPERFORMANCECTRONTARIO,OTHR,High Performance Ctr - Ontario
E0000004500,WORLDHEALTHORGANIZATION,OTHR,World Health Organization
E0000004501,WWOOFSWITZERLAND,OTHR,WWOOF Switzerland
E0000004502,GUIGANGPEOPLESHOSPITAL,OTHR,Guigang People's Hospital
E0000004503,ROYALFREEHOSPITAL,OTHR,Royal Free Hospital
E0000004504,STGEORGESHOSPITAL,SCHL,St George's Hospital
E0000004505,WWOOFJAPAN,OTHR,WWOOF (Japan)
E0000004506,EVELINALONDONCHILDRENSHOSP,OTHR,Evelina London Children's Hosp
E0000004507,TAIPEITZUCHIHOSPITAL,OTHR,Taipei Tzu Chi Hospital
E0000004508,KAOHSIUNGMEDICALUNIVERSITY,SCHL,Kaohsiung Medical University
E0000004509,MARIECURIEHOSPICEHAMPSTEAD,OTHR,"Marie Curie Hospice, Hampstead"
E0000004510,LONDONARTPORTFOLIO,OTHR,London Art Portfolio
E0000004511,FOLLYWILDLIFERESCUE,OTHR,Folly Wildlife Rescue
E0000004512,ACADEMICINTERNSHIPCOUNCIL,SCHL,Academic Internship Council
E0000004513,ASWATSONINDUSTRIESLTD,SCHL,A S Watson Industries Ltd
E0000004514,CHRISTIANFELLOWSHIPHOSPITAL,OTHR,Christian Fellowship Hospital
E0000004515,KILIMANJAROCHRISTIANMEDCTR,OTHR,Kilimanjaro Christian Med Ctr
E0000004516,GREATORMONDSTREETHOSPITAL,OTHR,Great Ormond Street Hospital
E0000004517,MOORFIELDSEYEHOSPITALNHSFO,OTHR,Moorfields Eye Hospital NHS Fo
E0000004518,ROYALBROMPTONHOSPITAL,OTHR,Royal Brompton Hospital
E0000004519,THEROYALMARSDENHOSPITAL,OTHR,The Royal Marsden Hospital
E0000004520,TRANSPARENCYINTLCAMBODIA,OTHR,Transparency Intl Cambodia
E0000004521,TORONTOWESTERNHOSPITAL,OTHR,Toronto Western Hospital
E0000004522,THEPHNOMPENHPOST,OTHR,The Phnom Penh Post
E0000004523,STLUKESINTLHOSPITAL,OTHR,St. Luke's Intl Hospital
E0000004524,BARTSTHELONDONSCHOFMED,SCHL,Barts &The London Sch of Med
E0000004525,CHRISTIANMEDICALCOLLVELLORE,SCHL,Christian Medical Coll Vellore
E0000004526,BOLOGNACOOKINGSCHOOL,SCHL,Bologna Cooking School
E0000004527,CANDLEAIDLANKA,OTHR,CandleAid Lanka
E0000004528,VIETNAMINVESTMENTSGROUP,OTHR,Vietnam Investments Group
E0000004529,SINGAPORETHAICHAMBEROFCOMM,OTHR,Singapore-Thai Chamber of Comm
E0000004530,PACIFICFOODINDUSTRIESPTYLT,OTHR,Pacific Food Industries Pty Lt
E0000004531,SAVETHECHILDRENMONGOLIA,OTHR,Save the Children (Mongolia)
E0000004532,KIDSGLOBALINTERNATIONAL,OTHR,KidsGlobal International
E0000004533,INTLFELLOWSHIPOFEVGSTUCHI,OTHR,Intl Fellowship of Evg Stu Chi
E0000004534,MSIPROFESSIONALSERVICES,OTHR,MSI Professional Services
E0000004535,INTLVOLUNTEERHQSPAIN,OTHR,Intl Volunteer HQ (Spain)
E0000004536,MANCHESTERUNINHSFOUNTRUST,OTHR,Manchester Uni NHS Foun Trust
E0000004537,EPSOMSTHELIERUNINHSTRU,OTHR,Epsom & St Helier Uni NHS Tru
E0000004538,TAURXPHARMACEUTICALS,OTHR,TauRx Pharmaceuticals
E0000004539,COSIMOMARIAMASINI,OTHR,Cosimo Maria Masini
E0000004540,DELTACAPITALPARTNERS,OTHR,Delta Capital Partners
E0000004541,JAPANINTLCOOPERATIONCTR,OTHR,Japan Intl Cooperation Ctr
E0000004542,INTLINSTFORDEMOELEASST,OTHR,Intl Inst for Demo & Ele Asst
E0000004543,ICCCONSULTANTSINC,OTHR,ICC Consultants Inc.
E0000004544,INFINITYABROADUSA,OTHR,Infinity Abroad (USA)
E0000004545,HANGLUNGPROPERTIES,OTHR,Hang Lung Properties
E0000004546,WALTDISNEYWORLD,OTHR,Walt Disney World
E0000004547,FAMILYCARECAMBODIA,OTHR,Family Care Cambodia
E0000004548,SUMITOMOELECTRICINDUSTRIES,OTHR,Sumitomo Electric Industries
E0000004549,SAEINTERNATIONAL,OTHR,SAE International
E0000004550,CONSERVATIONINTERNATIONAL,OTHR,Conservation International
E0000004551,DOISAKETHOSPITAL,OTHR,Doi Saket Hospital
E0000004552,MAESAIENGLISHLANGUAGESCHOOL,OTHR,Maesai English Language School
E0000004553,TEACHINGHOSPITALKANDY,OTHR,Teaching Hospital Kandy
E0000004554,UNIFEDERALDEITAJUBA,SCHL,Uni Federal de Itajuba
E0000004555,LADYWILLINGDONHOSPITAL,OTHR,Lady Willingdon Hospital
E0000004556,ASIASOCIETYHONGKONGCENTER,OTHR,Asia Society Hong Kong Center
E0000004557,NEWWORLDDEVELOPMENTCOMPANY,OTHR,New World Development Company
E0000004558,THALESNEDERLAND,OTHR,Thales Nederland
E0000004559,WORLDVISIONSRILANKA,OTHR,World Vision (Sri Lanka)
E0000004560,MAYOCLINICMINNESOTAROCH,OTHR,Mayo Clinic (Minnesota - Roch)
E0000004561,HIMALAYANHEALTHEXCHANGE,OTHR,Himalayan Health Exchange
E0000004562,THEINTERNGROUP,OTHR,The Intern Group
E0000004563,YMCACHIANGMAI,OTHR,YMCA Chiangmai
E0000004564,HEARTINSTOFHOCHIMINHCITY,SCHL,Heart Inst of Ho Chi Minh City
E0000004565,NATCOMMISSIONFORDELFDALF,SCHL,Nat Commission for DELF & DALF
E0000004566,UNIOFCOMPSTUDIESTAUNGOO,SCHL,"Uni of Comp Studies, Taungoo"
E0000004567,UNIVERSITYOFCOMPUTERSTUDIES,SCHL,University of Computer Studies
E0000004568,INFOCOMMTECHTRAININGINST,SCHL,Info & Comm Tech Training Inst
E0000004569,WESTANHUIUNIVERSITY,SCHL,West Anhui University
E0000004570,GUBKINRUSSTATEUOFOILG,SCHL,Gubkin Rus State U of Oil & G
E0000004571,VOLGOGRADSTATEMEDICALUNI,SCHL,Volgograd State Medical Uni
E0000004572,MOKPONATIONALMARITIMEUNI,SCHL,Mokpo National Maritime Uni
E0000004573,AIRFORCEENGINEERINGUNI,SCHL,Air Force Engineering Uni
E0000004574,NINGBOUNIOFTECHNOLOGY,SCHL,Ningbo Uni of Technology
E0000004575,IBMECRIODEJANEIRO,SCHL,Ibmec Rio de Janeiro
E0000004576,EGERTONUNIVERSITY,SCHL,Egerton University
E0000004577,SHAHIDSADOUGHIUOFMEDSCI,SCHL,Shahid Sadoughi U of Med Sci
E0000004578,INSTEUROPEENDEJOURNALISME,SCHL,Inst Europeen de Journalisme
E0000004579,PERMNATIONALRESEARCHPOLYU,SCHL,Perm National Research Poly U
E0000004580,KHALIFAUNIVERSITY,SCHL,Khalifa University
E0000004581,THEPETROLEUMINSTITUTE,SCHL,The Petroleum Institute
E0000004582,TOMSKPOLYTECHNICUNIVERSITY,SCHL,Tomsk Polytechnic University
E0000004583,UNIVERSITEPARISSACLAY,SCHL,Universite Paris-Saclay
E0000004584,YICHUNUNIVERSITY,SCHL,Yichun University
E0000004585,UCDMICHAELSMURFITGRADBIZS,SCHL,UCD Michael Smurfit Grad Biz S
E0000004586,NANJINGHYDRAULICRESEARCHINS,SCHL,Nanjing Hydraulic Research Ins
E0000004587,MARUBENICORPORATION,SFTP,Marubeni Corporation
E0000004588,ACPMETALFINISHINGPTELTD,SFTP,ACP Metal Finishing Pte Ltd
E0000004589,STLUKESCOLLEGEOFMEDICINE,SCHL,St. Luke's College of Medicine
E0000004590,SCHOOLOFVISUALARTS,SCHL,School of Visual Arts
E0000004591,MITSUBISHICORPHUMANLINKCO,SFTP,Mitsubishi Corp Human Link Co.
E0000004592,HINRICHFOUNDATION,SFTP,Hinrich Foundation
E0000004593,APCHEMICALPTELTD,SFTP,AP Chemical Pte Ltd
E0000004594,GSCALTEX,SFTP,GS Caltex
E0000004595,MITSUBISHICORPORATION,SFTP,Mitsubishi Corporation
E0000004596,AAJEEVIKABUREAU,OTHR,Aajeevika Bureau
E0000004597,HUNNARSHALAFOUNDATION,OTHR,Hunnarshala Foundation
E0000004598,LIANGMEIPRIMARYSCHOOL,SCHL,Liangmei Primary School
E0000004599,SMILEVILLAGE,OTHR,Smile Village
E0000004600,DREAMSCHOOLFOUNDATION,OTHR,Dream School Foundation
E0000004601,STCHARLESSCHOOL,SCHL,St Charles School
E0000004602,MALAYSIANCONSALLFORTIGER,OTHR,Malaysian Cons All for Tiger
E0000004603,SUANBOONYOPATHAMLAMPHUNSCH,SCHL,Suanboonyopatham Lamphun Sch
E0000004604,THAKHUMNUGHSECONDARYSCHOOL,SCHL,Tha Khum Nugh Secondary School
E0000004605,DELTAWATERSINTERNATIONALSCH,SCHL,Delta Waters International Sch
E0000004606,BIKASUDHYAMI,OTHR,Bikas Udhyami
E0000004607,LIJIANGTEACHERSCOLLEGE,SCHL,Lijiang Teachers College
E0000004608,HITACHILTD,SFTP,"Hitachi, Ltd."
E0000004609,KTGHRDINSTITUTE,SFTP,KT&G HRD Institute
E0000004610,CENTRALCONSERVATORYOFMUSIC,SCHL,Central Conservatory of Music
E0000004611,UNIVERSITYMEDICALCTRUTRECHT,SCHL,University Medical Ctr Utrecht
E0000004612,GEORGETOWNUNIVERSITYINQATAR,SCHL,Georgetown University in Qatar
E0000004613,PITTINTHEHIMALAYAS,SCHL,Pitt in the Himalayas
E0000004614,THENEWSCHSEUGENELANGCLA,SCHL,The New Sch's Eugene Lang C LA
E0000004615,COLLEGEOFMUSICMAHIDOLUNI,SCHL,"College of Music, Mahidol Uni"
E0000004616,CONSERVATOIREDEMUSIQDEGENE,SCHL,Conservatoire de Musiq de Gene
E0000004617,CAPITALANDDEVPTLTD,SFTP,Capitaland Dev. Pt Ltd
E0000004618,GOLDBELLLEASINGPTELTD,SFTP,Goldbell Leasing Pte Ltd
E0000004619,LOVECAMBODIA,OTHR,Love Cambodia
E0000004620,JAPANESESOCIETYOFINTLLAW,OTHR,Japanese Society of Intl Law
E0000004621,LAWASIATHELAWASSOFORASIA,OTHR,LawAsia The Law Asso for Asia
E0000004622,EUROPEANLAWSTUDENTSASSOCIAT,OTHR,European Law Students Associat
E0000004623,WILHELMMERTONCENTREFOREURO,OTHR,Wilhelm Merton Centre for Euro
E0000004624,ANGLOAMERICANUNIJOHNHC,OTHR,Anglo American Uni John H C
E0000004625,INTLAIRSPACELAWACADEMY,OTHR,Intl Air & Space Law Academy
E0000004626,WILLEMCVISINTERNATIONALCO,OTHR,Willem C. Vis International Co
E0000004627,THECOLLABPIANOSUMMERINST,OTHR,The Collab Piano Summer Inst
E0000004628,NEWVIRTUOSIINTERNATIONAL,OTHR,New Virtuosi International
E0000004629,FONDATIONCONCOURSMENUHIN,OTHR,Fondation Concours Menuhin
E0000004630,UNITEDSTATESARMYBAND,OTHR,United States Army Band
E0000004631,CHRISTCHURCHCIVICMUSICCOUNC,OTHR,Christchurch Civic Music Counc
E0000004632,RENRONGPERFORMINGARTSCTR,OTHR,Ren Rong Performing Arts Ctr
E0000004633,JEJUINTERNATIONALWINDENSEMB,OTHR,Jeju International Wind Ensemb
E0000004634,JOHANNESBRAHMSSOCIETYPORTSC,OTHR,Johannes Brahms Society Portsc
E0000004635,ACADEMIAALLEGROVIVO,OTHR,Academia Allegro Vivo
E0000004636,CELLOAKADEMIERUTESHEIM,OTHR,Cello Akademie Rutesheim
E0000004637,JOYOUSMUSICCENTRE,OTHR,Joyous Music Centre
E0000004638,COLBURNSCHOOLANDTHEAMERICA,OTHR,Colburn School and the America
E0000004639,SVENSKASANGOCHTALPEDAGOGFO,OTHR,Svenska Sang- och Talpedagogfo
E0000004640,ERNESTSVIGNERSKULDIGAMUSIC,OTHR,Ernests Vigners Kuldiga Music
E0000004641,YISHUNCOMMUNITYHOSPITALPL,SFTP,Yishun Community Hospital P. L
E0000004642,ASSISIHOSPICE,SFTP,Assisi Hospice
E0000004643,METHODISTWELFARESERVICES,SFTP,Methodist Welfare Services
E0000004644,SINGTEL,OTHR,Singtel
E0000004645,SRIRAMAKRISHNAASHRAMCHARITA,OTHR,Sri Ramakrishna Ashram Charita
E0000004646,KUNMINGYAANHOSPITAL,OTHR,Kunming Ya'An Hospital
E0000004647,MONASHMEDICALCENTRE,OTHR,Monash Medical Centre
E0000004648,JEWISHGENERALHOSPITAL,OTHR,Jewish General Hospital
E0000004649,GUYSANDSTTHOMASNHSTRUST,OTHR,Guys and St Thomas NHS Trust
E0000004650,TRIBHUVANTEACHINGHOSPITAL,OTHR,Tribhuvan Teaching Hospital
E0000004651,FAITHCOMESBYHEARING,OTHR,Faith Comes by Hearing
E0000004652,ELITEORTHOTHERAPYANDSPORTS,OTHR,Elite Ortho-Therapy and Sports
E0000004653,SILOAMHOSPITALS,OTHR,Siloam Hospitals
E0000004654,STBARTHOLOMEWSHOSPITAL,OTHR,St Bartholomew's Hospital
E0000004655,EDAHOSPITAL,OTHR,E-Da Hospital
E0000004656,CHORAYHOSPITAL,OTHR,Cho Ray Hospital
E0000004657,MATERDEIHOSPITAL,OTHR,Mater Dei Hospital
E0000004658,SEASONSHOSPICEANDPALLIATIVE,OTHR,Seasons Hospice and Palliative
E0000004659,GUIGANGCITYPEOPLESHOSPITA,OTHR,Gui Gang City People's Hospita
E0000004660,YONSEINOBLEHOSPITAL,OTHR,Yonsei Noble Hospital
E0000004661,STLUKESINTERNATIONALHOSPIT,OTHR,St Luke's International Hospit
E0000004662,WAHAHAJAPANESELANGUAGESCHOO,OTHR,Wahaha Japanese Language Schoo
E0000004663,SOLIDROCKMISSIONHOSPITAL,OTHR,Solid Rock Mission Hospital
E0000004664,WHIPPSCROSSUNIVERSITYHOSPIT,OTHR,Whipps Cross University Hospit
E0000004665,WILDERNESSMEDICALTRAINING,OTHR,Wilderness Medical Training
E0000004666,HANYANGUNIVERSITYHOSPITAL,OTHR,Hanyang University Hospital
E0000004667,LAEMADRIDSPANISHLANGUAGESC,OTHR,LAE Madrid Spanish Language Sc
E0000004668,EPWORTHHEALTHCARE,OTHR,Epworth HealthCare
E0000004669,CITYHOSPITAL,OTHR,City Hospital
E0000004670,FLAMECAMBODIA,OTHR,Flame Cambodia
E0000004671,THEICAHNSCHOFMEDATMTSIN,SCHL,The Icahn Sch of Med at Mt Sin
E0000004672,TAIPEIVETERANSGENERALHOSPIT,OTHR,Taipei Veterans General Hospit
E0000004673,PAYSONCHRISTIANCLINIC,OTHR,Payson Christian Clinic
E0000004674,AMERICANINSTITUTEOFRADIOLOG,OTHR,American Institute of Radiolog
E0000004675,THEASSOCFORRESEARCHINVISI,OTHR,The Assoc for Research in Visi
E0000004676,SOCIETYOFAMERICANGASTROINTE,OTHR,Society of American Gastrointe
E0000004677,ROYALMELBOURNEHOSPITAL,OTHR,Royal Melbourne Hospital
E0000004678,HULLANDEASTYORKSHIREHOSPIT,OTHR,Hull and East Yorkshire Hospit
E0000004679,INSTITUTEOFMEDICINENEPAL,OTHR,"Institute of Medicine, Nepal"
E0000004680,PARISDESCARTESUNIVERSITY,OTHR,Paris Descartes University
E0000004681,OREILLYSORCHARD,OTHR,O' Reilly's Orchard
E0000004682,CATHOLICARCHDIOCESEOFMELBOU,OTHR,Catholic Archdiocese of Melbou
E0000004683,LOVEVOLUNTEERS,OTHR,Love Volunteers
E0000004684,ADVANCEDVETCARE,OTHR,Advanced Vetcare
E0000004685,RIMSTADGARDFARM,OTHR,Rimstad Gard Farm
E0000004686,MIHARAINTLLANGUAGESCHOOL,SCHL,Mihara Intl Language School
E0000004687,HIROSHIMASPOREASSOCIATION,SCHL,Hiroshima S'pore Association
E0000004688,SHOPEESINGAPOREPRIVATELTD,SFTP,Shopee Singapore Private Ltd
E0000004689,SIRCLO,OTHR,SIRCLO
E0000004690,APPLEINC,OTHR,Apple Inc.
E0000004691,FACEBOOKINC,OTHR,"Facebook, Inc."
E0000004692,ASANA,OTHR,Asana
E0000004693,ANDUINTRANSACTIONSVIETNAM,OTHR,Anduin Transactions Vietnam
E0000004694,HUNANDIGUANTONGTECHNOLOGYLT,OTHR,Hunan Diguantong Technology Lt
E0000004695,GLOBALEDNEXTERNALPLACES,OTHR,Global Edn External Places
E0000004696,HONGKONGRUGBYUNION,OTHR,Hong Kong Rugby Union
E0000004697,INTLUNIVERSITYSPORTSFEDERAT,OTHR,Intl University Sports Federat
E0000004698,TIANJINDRAGONBOATASSOCIATIO,OTHR,Tianjin Dragon Boat Associatio
E0000004699,CHINESETAIPEIUNIVERSITYSPOR,OTHR,Chinese Taipei University Spor
E0000004700,THENUSAPENIDALOVERSGROUP,OTHR,The Nusa Penida Lovers Group
E0000004701,FOGUANGUNIVERSITY,SCHL,Fo Guang University
E0000004702,STANDREWSCOMMUNITYHOSPITAL,SFTP,St.Andrew's Community Hospital
E0000004703,GREENFORESTPRODUCTTECHPL,SFTP,Green Forest Product & Tech PL
E0000004704,DOVERPARKHOSPICE,SFTP,Dover Park Hospice
E0000004705,EVATECSEAPTELTD,SFTP,Evatec SEA Pte. Ltd.
E0000004706,VENTUREINTERNATIONALPTELTD,SFTP,Venture International Pte Ltd
E0000004707,ASSOCIATIONOFMUSLIMPROFESSI,SFTP,Association of Muslim Professi
E0000004708,NATIONALUNIVERSITYPOLYCLINIC,SFTP,National University Polyclinic
E0000004709,CALIBRECONSULTINGSPTELTD,SFTP,Calibre Consulting (S) Pte Ltd
E0000004710,SCHENKERSINGAPOREPTELTD,SFTP,Schenker Singapore (Pte) Ltd
E0000004711,NOVASCHOFBUSINESSECONS,SCHL,Nova Sch of Business & Econs
E0000004712,TSINGHUAUSCHOFECONSMGMT,SCHL,Tsinghua U Sch of Econs & Mgmt
E0000004713,THEUOFSYDNEYBUSINESSSCH,SCHL,The U of Sydney Business Sch
E0000004714,AALTOUNISCHOFBUSINESS,SCHL,Aalto Uni Sch of Business
E0000004715,KOREAUNIVERSITYBUSINESSSCH,SCHL,Korea University Business Sch
E0000004716,CORVINUSBUSINESSSCHOOL,SCHL,Corvinus Business School
E0000004717,KOCUNIGRADSCHOFBUSINESS,SCHL,Koc Uni Grad Sch of Business
E0000004718,GRADUATESCHOFMGMTSTPETE,SCHL,"Graduate Sch of Mgmt, St. Pete"
E0000004719,QUESTQUANTUMENGINESCITE,SCHL,QuEST (Quantum Engine Sci & Te
E0000004720,USCMARSHALLSCHOFBUSINESS,SCHL,USC Marshall Sch of Business
E0000004721,UBCSAUDERSCHOOLOFBUSINESS,SCHL,UBC Sauder School of Business
E0000004722,THEUNISPORTSFEDERATIONHKG,OTHR,The Uni Sports Federation HKG
E0000004723,ULTIROTATE,OTHR,UltiRotate
E0000004724,JLAURITZENGLOBAL,OTHR,J. Lauritzen (Global)
E0000004725,PACIFICCARRIERSLTDGLOBAL,OTHR,Pacific Carriers Ltd (Global)
E0000004726,MAERSKGLOBAL,OTHR,Maersk (Global)
E0000004727,HONGKONGINTERNATIONALARBITR,OTHR,Hong Kong International Arbitr
E0000004728,INTERNATIONALINSOLVENCYINSTI,OTHR,International Insolvency Insti
E0000004729,THEGROTIUSCTRFORINTLLEGAL,SCHL,The Grotius Ctr for Intl Legal
E0000004730,VISEASTMOOTFOUNDATIONLTD,OTHR,Vis East Moot Foundation Ltd
E0000004731,FIELDOFFICEARCHITECTS,OTHR,Fieldoffice Architects
E0000004732,PROJECTEVERESTVENTURES,OTHR,Project Everest Ventures
E0000004733,INDOCHINASTARFISHFOUNDATION,OTHR,Indochina Starfish Foundation
E0000004734,SHWEGYINYOUTHDEVELOPMENTCTR,OTHR,Shwegyin Youth Development Ctr
E0000004735,THEBERLAGEINSTITUTE,SCHL,The Berlage Institute
E0000004736,UNIVERSITYOFMALAKAND,SCHL,University of Malakand
E0000004737,ABUDHABIINVESTMENTAUTHORITY,SFTP,Abu Dhabi Investment Authority
E0000004738,KHANACAMBODIA,OTHR,KHANA Cambodia
E0000004739,AEDAS,OTHR,Aedas
E0000004740,BANKOFSUZHOU,OTHR,Bank of Suzhou
E0000004741,BAYCURRENTCONSULTING,OTHR,BayCurrent Consulting
E0000004742,BELTROADCAPITALMANAGEMENT,OTHR,Belt Road Capital Management
E0000004743,BLPLSINGAPOREPTELTD,OTHR,BLPL Singapore Pte Ltd
E0000004744,BWOFFSHOREGLOBAL,OTHR,BW Offshore (Global)
E0000004745,CELLTRION,OTHR,Celltrion
E0000004746,CONSULTMYANMARCOLTD,OTHR,Consult-Myanmar Co. Ltd
E0000004747,DNBASIALTD,OTHR,DNB Asia Ltd
E0000004748,DOMINIQUEPERRAULTARCHITECTUR,OTHR,Dominique Perrault Architectur
E0000004749,DUBAIINTLFINANCIALCENTRE,OTHR,Dubai Intl Financial Centre
E0000004750,EVENTERPRISE,OTHR,Eventerprise
E0000004751,FAIRAGORAASIAGLOBAL,OTHR,FairAgora Asia (Global)
E0000004752,GRANTTHORNTONINTERNATIONAL,OTHR,Grant Thornton International
E0000004753,GREMSY,OTHR,Gremsy
E0000004754,HCSTARCKGLOBAL,OTHR,H.C. Starck (Global)
E0000004755,HIGHTECHCONTRACTMANUFACTURIN,OTHR,Hightech Contract Manufacturin
E0000004756,HUMANITARIANAFFAIRSASIA,OTHR,Humanitarian Affairs Asia
E0000004757,THEINTLCOURTOFJUSTICE,OTHR,The Intl Court of Justice
E0000004758,MARINECONSERVATIONCAMBODIA,OTHR,Marine Conservation Cambodia
E0000004759,JANDENULGLOBAL,OTHR,Jan De Nul (Global)
E0000004760,THEJORDANIANHASHEMITEFUNDF,OTHR,The Jordanian Hashemite Fund f
E0000004761,JUSTSERVICEHONGKONG,OTHR,Just Service Hong Kong
E0000004762,LEADGENEBIOMEDICALINC,OTHR,"Leadgene Biomedical, Inc"
E0000004763,INTLCTRSETTLEOFINVESTDISP,OTHR,Intl Ctr Settle of Invest Disp
E0000004764,WOMENSINTLLEAGUEPEACEFR,OTHR,Women's Intl League Peace & Fr
E0000004765,WOMENSALLIANCETHEOETHR,OTHR,"Women's Alliance Theo, Eth & R"
E0000004766,WALTDISNEYPARKSRESORTSWO,OTHR,Walt Disney Parks & Resorts Wo
E0000004767,VANTAGEPERFORMANCE,OTHR,Vantage Performance
E0000004768,URGOGROUPGLOBAL,OTHR,Urgo Group (Global)
E0000004769,UNITEDNATIONSHUMANSETTLEPR,OTHR,United Nations Human Settle Pr
E0000004770,UNHIGHCOMMISSIONFORREFUGEE,OTHR,UN High Commission for Refugee
E0000004771,NORTHOFENGLANDPIASSOC,OTHR,North of England P&I Assoc
E0000004772,THEAIRECENTRE,OTHR,The AIRE Centre
E0000004773,STIFINANCIALGROUP,OTHR,STI Financial Group
E0000004774,SOCIETYFORPROMOTIONOFYOUTH,OTHR,Society for Promotion of Youth
E0000004775,SMCGLOBALSECURITIES,OTHR,SMC Global Securities
E0000004776,NATIONALDAIRYDEVELOPBOARD,OTHR,National Dairy Develop Board
E0000004777,SCALABRINICENTREOFCAPETOWN,OTHR,Scalabrini Centre of Cape Town
E0000004778,OUT2BOUND,OTHR,Out2bound
E0000004779,SINNOTECH,OTHR,Sinnotech
E0000004780,NIKKENSEKKEI,OTHR,Nikken Sekkei
E0000004781,NIHONSEKKEI,OTHR,Nihon Sekkei
E0000004782,NECGLOBAL,OTHR,NEC Global
E0000004783,SHIGERUBANARCHITECTS,OTHR,Shigeru Ban Architects
E0000004784,SUNSHINESCHOOLLAOS,SCHL,Sunshine School Laos
E0000004785,MORIKOSANCOLTD,OTHR,Mori Kosan Co. Ltd.
E0000004786,KRISYAOARTECH,OTHR,Kris Yao Artech
E0000004787,FULBRIGHTGLOBAL,OTHR,Fulbright (Global)
E0000004788,COPYTRACKGMBH,OTHR,COPYTRACK GmbH
E0000004789,APPSAUTHORITY,OTHR,Apps Authority
E0000004790,BAREHANDSCOLLECTIVEPTELTD,OTHR,Bare Hands Collective Pte Ltd
E0000004791,CHONGBANGHOLDINGSLTD,OTHR,Chongbang Holdings Ltd
E0000004792,BPPLC,OTHR,BP plc
E0000004793,EVERYONESHOMESTAY,OTHR,Everyone's HomeStay
E0000004794,LYNNUNIVERSITY,SCHL,Lynn University
E0000004795,STBSTB1,SFTP,STB (STB01)
E0000004796,LYCEEGABRIELPERI,SCHL,LYCEE GABRIEL PERI
E0000004797,DRDYPATILBIOTECHBIO,SCHL,Dr. D. Y. Patil Biotech & Bio
E0000004798,COBRARUGBYCLUB,OTHR,COBRA Rugby Club
E0000004799,WESTERNLAW,SCHL,Western Law
E0000004800,IELAWSCHOOL,SCHL,IE Law School
E0000004802,LUMCHANGINTERIORPTELTD,SFTP,Lum Chang Interior Pte Ltd
E0000004803,ARISTOTLEUNIOFTHESSALONIKI,SCHL,Aristotle Uni of Thessaloniki
E0000004804,MINISTRYOFFOREIGNAFFAIRS,OTHR,Ministry of Foreign Affairs
E0000004805,OCBCBANK,OTHR,OCBC Bank
E0000004806,KUBANSTATEUNIVERSITY,SCHL,Kuban State University
E0000004807,NORTHWOODUNIVERSITY,SCHL,Northwood University
E0000004808,ROTTERDAMUNIOFAPPSCI,SCHL,Rotterdam Uni of App Sci
E0000004809,UCLEUVENLIMBURG,SCHL,UC Leuven-Limburg
E0000004810,FACHHOCHSCHULEDERWIRTSCHAFT,SCHL,Fachhochschule der Wirtschaft
E0000004811,OSTBAYERISCHETECHHOCHSREGEN,SCHL,Ostbayerische Tech Hochs Regen
E0000004812,UNIVERSITYOFTHESSALY,SCHL,University of Thessaly
E0000004813,MENOUFIAUNIVERSITY,SCHL,Menoufia University
E0000004814,STATEUNIOFLANDUSEPLANNING,SCHL,State Uni of Land Use Planning
E0000004815,ZHEJIANGINTLSTUDIESUNI,SCHL,Zhejiang Intl Studies Uni
E0000004816,AHMEDABADUNIVERSITY,SCHL,Ahmedabad University
E0000004817,ANDERSONSERANGOONJUNIORCOLL,SCHL,Anderson Serangoon Junior Coll
E0000004818,TAMPINESMERIDIANJUNIORCOLL,SCHL,Tampines Meridian Junior Coll
E0000004819,YISHUNINNOVAJUNIORCOLLEGE,SCHL,Yishun Innova Junior College
E0000004820,JURONGPIONEERJUNIORCOLLEGE,SCHL,Jurong Pioneer Junior College
E0000004821,XIANPOLYTECHNICUNIVERSITY,SCHL,Xi'an Polytechnic University
E0000004822,TELKOMUNIVERSITY,SCHL,Telkom University
E0000004823,BUSINESSSCHOOLLAUSANNE,SCHL,Business School Lausanne
E0000004824,LAHORESCHOOLOFECONOMICS,SCHL,Lahore School of Economics
E0000004825,EUROPEANUNIONCENTRESPORE,SCHL,European Union Centre S'Pore
E0000004826,CHANGGUNGMEMORIALHOSPITAL,OTHR,Chang Gung Memorial Hospital
E0000004827,ASHINAGAGLOBAL,OTHR,Ashinaga (Global)
E0000004828,ASAHIGLASSCOGLOBAL,OTHR,Asahi Glass Co (Global)
E0000004829,JONESLANGLASALLEGLOBAL,OTHR,Jones Lang LaSalle (Global)
E0000004830,NALANDAUNIVERSITY,SCHL,Nalanda University
E0000004831,HOBARTANDWILLIAMSMITHCOLLE,SCHL,Hobart and William Smith Colle
E0000004832,POKHARAUNIVERSITY,SCHL,Pokhara University
E0000004833,TRIBHUVANUNIVERSITY,SCHL,Tribhuvan University
E0000004834,UNIVERSITYOFALASKASOUTHEAST,SCHL,University of Alaska Southeast
E0000004835,MONTCLAIRSTATEUNIVERSITY,SCHL,Montclair State University
E0000004836,HHLLEIPZIGGRADSCHOFMGMT,SCHL,HHL Leipzig Grad Sch of Mgmt
E0000004837,JAPANWOMENSUNIVERSITY,SCHL,Japan Women's University
E0000004838,UNIVERSITYOFBUDILUHUR,SCHL,University of Budi Luhur
E0000004839,HANBATNATIONALUNIVERSITY,SCHL,Hanbat National University
E0000004840,COLLEGEOFALLIEDEDUCATORS,SCHL,College of Allied Educators
E0000004841,IMMIGRATIONCHECKPOINTSAUTH,SFTP,Immigration & Checkpoints Auth
E0000004842,UNIPERUANACAYETANOHEREDIA,SCHL,Uni Peruana Cayetano Heredia
E0000004843,HAAGAHELIAUNIOFAPPLSCI,SCHL,Haaga-Helia Uni of Appl Sci
E0000004844,CENTENNIALCOLLEGE,SCHL,Centennial College
E0000004845,CHANGCHUNINSTOFTECHNOLOGY,SCHL,Changchun Inst of Technology
E0000004846,ALICELEECENTREFORNURSING,SFTP,Alice Lee Centre For Nursing
E0000004847,SEMBCORPUTILITIESSERVICESPT,SFTP,Sembcorp Utilities Services Pt
E0000004848,UNIOFENERGYNATRESOURCES,SCHL,Uni of Energy & Nat Resources
E0000004849,DAVAOMEDICALSCHFOUNDATION,SCHL,Davao Medical Sch Foundation
E0000004850,OZYEGINUNIVERSITY,SCHL,Ozyegin University
E0000004851,UNIOFINFOTECHNOLOGYYANGON,SCHL,"Uni of Info Technology, Yangon"
E0000004852,THEPUNJABEDUCATIONALENDOWMT,SFTP,The Punjab Educational Endowmt
E0000004853,PEARSONEDUCATION,SCHL,Pearson Education
E0000004854,RATHKEALECOLLEGE,SCHL,Rathkeale College
E0000004855,BERKLEECOLLEGEOFMUSIC,SCHL,Berklee College of Music
E0000004856,ALMASHRIQCTRFORARABICISTR,SCHL,Al-Mashriq Ctr for Arabic Istr
E0000004857,GALLAUDETUNIVERSITY,SCHL,Gallaudet University
E0000004858,HARVARDKENNEDYSCHOOL,SCHL,Harvard Kennedy School
E0000004859,THEUNIOFTEXASATSANANTONI,SCHL,The Uni of Texas at San Antoni
E0000004860,UNIVERSITYOFANGERS,SCHL,University of Angers
E0000004861,HOLYCROSSCOLLEGE,SCHL,Holy Cross College
E0000004862,NOCSHENZHEN,SCHL,NOC Shenzhen
E0000004863,TJUNUSRESEARCHCENTRE,SCHL,TJU-NUS Research Centre
E0000004864,TOKYOWOMENSMEDICALUNI,SCHL,Tokyo Women's Medical Uni
E0000004865,WAYNESTATEUNIVERSITY,SCHL,Wayne State University
E0000004866,CRODASINGAPOREPTELTD,SFTP,Croda Singapore Pte Ltd
E0000004867,ACADEMIEDENANCYMETZ,SCHL,Academie de Nancy-Metz
E0000004868,ECOLECATHOLIQUEDESARTSETM,SCHL,Ecole catholique des arts et m
E0000004869,YALEINTERDISCIPLINARYCTR,SCHL,Yale Interdisciplinary Ctr
E0000004870,DUKESFUQUASCHOOLOFBUSINES,SCHL,Duke's Fuqua School of Busines
E0000004871,CIBAVISIONASIANMFGLOGIST,SFTP,Ciba Vision Asian Mfg & Logist
E0000004873,ELISEDISTRIBUTORPTELTD,SFTP,Elise Distributor Pte Ltd
E0000004874,WILMARINTERNATIONALLIMITED,SFTP,Wilmar International Limited
E0000004875,NATDEFENSECOLOFTHEPHILIPP,SCHL,Nat Defense Col of the Philipp
E0000004876,PLANAVYAVIATIONUNIVERSITY,SCHL,PLA Navy Aviation University
E0000004877,YOUJIANGMEDCOLLEGEFORNAT,SCHL,Youjiang Med College for Nat
E0000004878,NATPINGTUNGUNIOFSCITECH,SCHL,Nat Pingtung Uni of Sci & Tech
E0000004879,PARTYSCHOFTHECENTRALCO,SCHL,Party Sch of the Central Co
E0000004880,HARBINUNIVERSITY,SCHL,Harbin University
E0000004881,MEDICALSCHOOLOFCHINESEPLA,SCHL,Medical School of Chinese PLA
E0000004882,SHANDONGUNIOFTCM,SCHL,Shandong Uni of TCM
E0000004883,INSTITUTEOFCLINICALMEDICINE,SCHL,Institute of Clinical Medicine
E0000004884,ANDERSONSERANGOONJUNIORCOLL,SFTP,Anderson Serangoon Junior Coll
E0000004885,JURONGPIONEERJUNIORCOLLEGE,SFTP,Jurong Pioneer Junior College
E0000004886,TAMPINESMERIDIANJUNIORCOLLE,SFTP,Tampines Meridian Junior Colle
E0000004887,YISHUNINNOVAJUNIORCOLLEGE,SFTP,Yishun Innova Junior College
E0000004888,TOULOUSESCHOOLOFECONOMICS,SCHL,Toulouse School of Economics
E0000004889,INDIANAURHMSCHOFLAW,SCHL,Indiana U R H.M Sch of Law
E0000004890,NUSLAWACADEMY,SCHL,NUS Law Academy
E0000004891,THECHARTEREDINSTOFMARKETIN,SCHL,The Chartered Inst of Marketin
E0000004892,SINGAPOREACADEMYOFLAW,OTHR,Singapore Academy of Law
E0000004893,UNIOFMUSICPERFARTSGRAZ,SCHL,Uni of Music & Perf Arts Graz
E0000004894,IIKBERLINERID,SCHL,IIK berlinerID
E0000004895,TIANJINACADEMYOFFINEARTS,SCHL,Tianjin Academy of Fine Arts
E0000004896,MAEJOUNIVERSITY,SCHL,Maejo University
E0000004897,NARAWOMENSUNIVERSITY,SCHL,Nara Women's University
E0000004898,GRABCARPTELTD,SFTP,Grabcar Pte Ltd
E0000004899,UNIVERSITYOFBENGHAZI,SCHL,University of Benghazi
E0000004900,UOFNTHCAROLIATGREENSBORO,SCHL,U of Nth Caroli at Greensboro
E0000004901,BOWLINGGREENSTATEUNIVERSITY,SCHL,Bowling Green State University
E0000004902,QUINTECHLIFESCIENCESPTELTD,OTHR,Quintech Life Sciences Pte Ltd
E0000004903,CAVAGNAGROUPASIACOLTD,SFTP,"Cavagna Group Asia Co., Ltd."
E0000004904,UNIVERSIDADEDOPORTO,SCHL,Universidade do Porto
E0000004905,GAUTAMBUDDHTECHNICALUNI,SCHL,Gautam Buddh Technical Uni
E0000004906,THEIISUNIVERSITY,SCHL,The IIS University
E0000004907,UNIOFAZADJAMMUANDKASHMIR,SCHL,Uni of Azad Jammu and Kashmir
E0000004908,KEANUNIVERSITY,SCHL,Kean University
E0000004909,KENTSTATEUNIVERSITY,SCHL,Kent State University
E0000004910,AUGUSTANAUNIVERSITY,SCHL,Augustana University
E0000004911,KEMPTENUNIOFAPPSCI,SCHL,Kempten Uni of App Sci
E0000004912,INDIANINSTOFTECHDHARWAD,SCHL,Indian Inst of Tech Dharwad
E0000004913,GLOBALINDIANINTLSCHOOL,SCHL,Global Indian Intl School
E0000004914,BIRLAINSTOFTECHSCIPILAN,SCHL,Birla Inst of Tech & Sci Pilan
E0000004915,MESSIAHCOLLEGE,SCHL,Messiah College
E0000004916,ZEWAILCITYOFSCIENCETECHN,SCHL,Zewail City of Science & Techn
E0000004917,AGNESSCOTTCOLLEGE,SCHL,Agnes Scott College
E0000004918,TONGLINGUNIVERSITY,SCHL,Tongling University
E0000004919,JKPADAMPATSINGINSTOFMT,SCHL,JK Padampat Sing Inst of M & T
E0000004920,INDIANINSTIOFINFOTECHGUW,SCHL,"Indian Insti of Info Tech, Guw"
E0000004921,INDIANSCHOFBUSINESSFINAN,SCHL,Indian Sch of Business & Finan
E0000004922,CZESTOCHOWAUNIOFTECHNOLOGY,SCHL,Czestochowa Uni of Technology
E0000004923,BOARDOFENGINEERSMALAYSIA,SCHL,Board Of Engineers Malaysia
E0000004924,UNIOFFINANCEANDMARKETING,SCHL,Uni of Finance and Marketing
E0000004925,UNIVERSIDADDEPIURA,SCHL,Universidad de Piura
E0000004926,ANSBACHUNIOFAPPLSCI,SCHL,Ansbach Uni of Appl Sci
E0000004927,HENANPOLYTECHNICUNIVERSITY,SCHL,Henan Polytechnic University
E0000004928,UNIVERSIDADDEAMERICACOLOMB,SCHL,"Universidad de America, Colomb"
E0000004929,PANNASASTRAUNIOFCAMBODIA,SCHL,Pannasastra Uni of Cambodia
E0000004930,AMERICANUNIVERSITYOFARMENIA,SCHL,American University of Armenia
E0000004931,UNIVERSITYOFECONOMICSANDFI,SCHL,University of Economics and Fi
E0000004932,UNIVERSITYOFEDUCATIONWINNE,SCHL,"University of Education, Winne"
E0000004933,INDONESIAOPENUNIVERSITY,SCHL,Indonesia Open University
E0000004934,SHINAWATRAUNIVERSITY,SCHL,Shinawatra University
E0000004935,MEDITERRANEANAGROINSOFZARA,SCHL,Mediterranean Agro Ins of Zara
E0000004936,THEUNIVERSITYOFAKRON,SCHL,The University of Akron
E0000004937,PIERCECOLLEGE,SCHL,Pierce College
E0000004938,AUSTRALIANCOLLEGEOFAPPLIED,SCHL,Australian College of Applied
E0000004939,UNIVERSITIISLAMSULTANSHARIF,SCHL,Universiti Islam Sultan Sharif
E0000004940,CAPILANOUNIVERSITY,SCHL,Capilano University
E0000004941,BRICKFIELDSASIACOLLEGE,SCHL,Brickfields Asia College
E0000004942,UNIPONTIFICADESALMANCA,SCHL,Uni Pontifica de Salmanca
E0000004943,SUDANACADEMYOFSCIENCE,SCHL,Sudan Academy of Science
E0000004944,ALNEELAINUNIVERSITY,SCHL,Al-Neelain University
E0000004945,INDONESIANSTATECOLLEGEOFAC,SCHL,Indonesian State College of Ac
E0000004946,THEUNIOFTHAICHAMBEROFCOM,SCHL,The Uni of Thai Chamber of Com
E0000004947,RIINVESTCOLLEGE,SCHL,Riinvest College
E0000004948,UNIVERSITYOFHAIFA,SCHL,University of Haifa
E0000004949,ALLAMAIQBALOPENUNIVERSITY,SCHL,Allama Iqbal Open University
E0000004950,OLABISIONABANJOUNIVERSITY,SCHL,Olabisi Onabanjo University
E0000004951,NIGERIANLAWSCHOOL,SCHL,Nigerian Law School
E0000004952,SAMHIGGINBOTTOMUNI,SCHL,Sam Higginbottom Uni
E0000004953,SHRIMATAVAISHNODEVIUNIVERS,SCHL,Shri Mata Vaishno Devi Univers
E0000004954,ORISSAUNIOFAGRTECH,SCHL,Orissa Uni of Agr & Tech
E0000004955,NATIONALINSTITUTEOFAGRICULT,SCHL,National Institute of Agricult
E0000004956,AMBASSADORUNIVERSITY,SCHL,Ambassador University
E0000004957,TARLETONSTATEUNIVERSITY,SCHL,Tarleton State University
E0000004958,AMERICANUNIVERSITYOFSHARJAH,SCHL,American University of Sharjah
E0000004959,EGYPTJAPANUNIOFSCITECH,SCHL,Egypt Japan Uni Of Sci & Tech
E0000004960,RIVERSSTATEUNIVERSITY,SCHL,Rivers State University
E0000004961,PFHPRIVATEUNIOFAPPLSCI,SCHL,PFH Private Uni of Appl Sci
E0000004962,PORTLANDSTATEUNIVERSITY,SCHL,Portland State University
E0000004963,NATIONALILANUNIVERSITY,SCHL,National Ilan University
E0000004964,THEGLASGOWSCHOOLOFART,SCHL,The Glasgow School of Art
E0000004965,TAFEQUEENSLAND,SCHL,TAFE Queensland
E0000004966,TEESSIDEUNIVERSITY,SCHL,Teesside University
E0000004967,UNIVERSITYOFMINESANDTECHNO,SCHL,University of Mines and Techno
E0000004968,ECOLEHASSANIADESTRAVAUXPUB,SCHL,Ecole Hassania Des Travaux Pub
E0000004969,AFEBABALOLAUNIVERSITY,SCHL,Afe Babalola University
E0000004970,UNIINDUSTRIALDESANTANDER,SCHL,Uni Industrial de Santander
E0000004971,UNIVERSIDADEAFIT,SCHL,Universidad EAFIT
E0000004972,KUBANSTATETECHNOLOGICALUNIV,SCHL,Kuban State Technological Univ
E0000004973,INSTOFMANAGEMENTTECH,SCHL,Inst of Management & Tech
E0000004974,GEORGIASOUTHERNUNIVERSITY,SCHL,Georgia Southern University
E0000004975,TYUMENINDUSTRIALUNIVERSITY,SCHL,Tyumen Industrial University
E0000004976,INSTOFCHARTACCTAUSNZL,SCHL,Inst of Chart Acct Aus & NZL
E0000004977,QUAKERUNITEDNATIONSOFFICE,SCHL,Quaker United Nations Office
E0000004978,PEARSONLCCI,SCHL,Pearson LCCI
E0000004979,THEASSOCOFBUSINESSEXECUTIV,SCHL,The Assoc of Business Executiv
E0000004980,PROSCICHANGEMANAGEMENTLEARN,SCHL,Prosci Change Management Learn
E0000004981,ECOLESPECIALEDESTRAPUBLICS,SCHL,Ecole Speciale des Tra Publics
E0000004982,NCSSNCS1,SFTP,NCSS (NCS01)
E0000004983,MAHARASHTRAINSTITUTEOFTECHN,SCHL,Maharashtra Institute of Techn
E0000004984,UNITEDINTERNATIONALCOLLEGE,SCHL,United International College
E0000004985,TAISHANMEDICALUNIVERSITY,SCHL,Taishan Medical University
E0000004986,HEBEINORTHUNIVERSITY,SCHL,Hebei North University
E0000004987,GURUKULKANGRIVISHWAVIDYALAYA,SCHL,Gurukul Kangri Vishwavidyalaya
E0000004988,JINZHOUMEDICALUNIVERSITY,SCHL,Jinzhou Medical University
E0000004989,UNIVERSITYOFLAW,SCHL,University of Law
E0000004990,THESYSTEMSBIOLOGYINSTITUTE,SCHL,The Systems Biology Institute
E0000004991,NESTLERESEARCHCENTER,SCHL,Nestle Research Center
E0000004992,UNIVERSITYOFPECS,SCHL,University of Pecs
E0000004993,UNIVERSIDADDELOSANDES,SCHL,Universidad de los Andes
E0000004994,KINGMONGKUTSUNIOFTECHTHO,SCHL,King Mongkut's Uni of Tech Tho
E0000004995,POZNANUNIVERSITYOFTECHNOLOG,SCHL,Poznan University of Technolog
E0000004996,MARINEENGINEERINGANDRESEARC,SCHL,Marine Engineering and Researc
E0000004997,SANGJIUNIVERSITY,SCHL,Sangji University
E0000004998,YONGINUNIVERSITY,SCHL,Yong In University
E0000004999,HEILONGJIANGUNIOFSCITECH,SCHL,Heilongjiang Uni of Sci & Tech
E0000005000,SCHOOLOFPLANNINGANDARCHITE,SCHL,School of Planning and Archite
E0000005001,ITESOUNIJESUITADEGUADALAJ,SCHL,"ITESO, Uni Jesuita de Guadalaj"
E0000005002,GAKUSHUINUNIVERSITY,SCHL,Gakushuin University
E0000005003,UNIVERSITYOFMISKOLC,SCHL,University of Miskolc
E0000005004,LEBANESEAMERICANUNIVERSITY,SCHL,Lebanese American University
E0000005005,THECOLLEGEOFANAESTOFIRELA,SCHL,The College of Anaest of Irela
E0000005006,THEROYALCOLLEGEOFEMERGENCY,SCHL,The Royal College of Emergency
E0000005007,SINGAPOREFOODAGENCYSFA4,SFTP,Singapore Food Agency (SFA04)
E0000005008,JAIPURNATIONALUNIVERSITY,SCHL,Jaipur National University
E0000005009,MODYUNIOFSCIENCETECH,SCHL,Mody Uni of Science & Tech
E0000005010,UKRAINIANSTATEUOFFINANCE,SCHL,Ukrainian State U of Finance
E0000005011,UNIVERSIDADCENTRALDELECUADO,SCHL,Universidad Central del Ecuado
E0000005012,ARCADIAUNIVERSITY,SCHL,Arcadia University
E0000005013,SOHAGUNIVERSITY,SCHL,Sohag University
E0000005014,NATIONALTAIWANOCEANUNI,SCHL,National Taiwan Ocean Uni
E0000005015,OPENUNIVERSITYMALAYSIA,SCHL,Open University Malaysia
E0000005016,COLOGNEUNIOFAPPLIEDSCI,SCHL,Cologne Uni of Applied Sci
E0000005017,ZHAOQINGUNIVERSITY,SCHL,Zhaoqing University
E0000005018,CHANGCHUNSCITECHUNIVERSITY,SCHL,Changchun Sci-Tech University
E0000005019,HENANINSTITUTEOFSCITECH,SCHL,Henan Institute of Sci & Tech
E0000005020,SEINANGAKUINUNIVERSITY,SCHL,Seinan Gakuin University
E0000005021,FRANKLINMARSHALLCOLLEGE,SCHL,Franklin & Marshall College
E0000005022,ROYALUNIVERSITYOFFINEARTS,SCHL,Royal University of Fine Arts
E0000005023,SANFORDBURNHAMPREBYSMEDICAL,SCHL,Sanford Burnham Prebys Medical
E0000005024,WONKWANGUNIVERSITY,SCHL,Wonkwang University
E0000005025,UNITEDNATIONMANDAUNIOFPEA,SCHL,United Nation Manda Uni of Pea
E0000005026,INSTITUTEOFCOMMERCIALMANAGE,SCHL,Institute of Commercial Manage
E0000005027,THESOCIETYOFCOSMETICSCIENT,SCHL,The Society of Cosmetic Scient
E0000005028,GANSUAGRICULTURALUNIVERSITY,SCHL,Gansu Agricultural University
E0000005029,JILINUNIOFFINANCEECONS,SCHL,Jilin Uni of Finance & Econs
E0000005030,SHANDONGSPORTUNIVERSITY,SCHL,Shandong Sport University
E0000005031,PLAARMYACADEMYOFARTILLERY,SCHL,PLA Army Academy of Artillery
E0000005032,UNIVERSITADEGLISTUDIROMATR,SCHL,Universita degli Studi Roma Tr
E0000005033,BPPUNIVERSITY,SCHL,BPP University
E0000005034,ZHEJIANGWANLIUNIVERSITY,SCHL,Zhejiang Wanli University
E0000005035,ISCSAINTLOUIS,SCHL,ISC Saint Louis
E0000005036,UNIVERSIDADEFEDERALDOCEARA,SCHL,Universidade Federal do Ceara
E0000005037,UNIOFCHINESEACADOFSOCSCI,SCHL,Uni of Chinese Acad of Soc Sci
E0000005038,NATIONALLAWUNIJUDACADEMY,SCHL,National Law Uni & Jud Academy
E0000005039,NATIONALTAITUNGUNIVERSITY,SCHL,National Taitung University
E0000005040,ROLLINSCOLLEGE,SCHL,Rollins College
E0000005041,HENANUNIVERSITYOFTECHNOLOGY,SCHL,Henan University of Technology
E0000005042,WINDESHEIMUNIOFAPPLIEDSCI,SCHL,Windesheim Uni of Applied Sci
E0000005043,MISSOURIUNIOFSCITECH,SCHL,Missouri Uni of Sci & Tech
E0000005044,JSSACADEMYOFHIGHEREDURE,SCHL,JSS Academy of Higher Edu & Re
E0000005045,SHANGHAITHEATREACADEMY,SCHL,Shanghai Theatre Academy
E0000005046,HENANUNIOFANIMALHUSECON,SCHL,Henan Uni of Animal Hus & Econ
E0000005047,APPLIEDMATERIALSSGTECHPL,SFTP,Applied Materials SG Tech P/L
E0000005048,STAMFORDINTERNATIONALUNI,SCHL,Stamford International Uni
E0000005049,PROVADISSCHOFINTLMGMTTE,SCHL,Provadis Sch of Intl Mgmt & Te
E0000005050,BIOLAUNIVERSITY,SCHL,Biola University
E0000005051,HIGHINSTFORRSHEDUTRANS,SCHL,High Inst for Rsh & Edu Trans
E0000005052,HOCHSCHULEPFORZHEIM,SCHL,Hochschule Pforzheim
E0000005053,YUNNANMINZUUNIVERSITY,SCHL,Yunnan Minzu University
E0000005054,UPPERIOWAUNIVERSITY,SCHL,Upper Iowa University
E0000005055,FULLSAILUNIVERSITY,SCHL,Full Sail University
E0000005056,CHINAACADEMYOFENGINEPHYSIC,SCHL,China Academy of Engine Physic
E0000005057,SANTARLICONSTRUCTIONPTELTD,SFTP,Santarli Construction Pte Ltd
E0000005058,HEFEIUNIVERSITY,SCHL,Hefei University
E0000005059,SHENYANGLIGONGUNIVERSITY,SCHL,Shenyang Ligong University
E0000005060,IUTLYON1,SCHL,IUT Lyon 1
E0000005061,AUSTINCOLLEGE,SCHL,Austin College
E0000005062,FACHHOCHSCHULEPOTSDAM,SCHL,Fachhochschule Potsdam
E0000005063,BAMBINOGESUHOSPITAL,OTHR,Bambino Gesu Hospital
E0000005064,NONINSTITUTIONORGANIZATION,EXGP,Non Institution/Organization
E0000005065,TECHNOLOGICALUNIKYAUKSE,SCHL,Technological Uni (Kyaukse)
E0000005066,THEBOEINGCOMPANY,SFTP,The Boeing Company
E0000005067,NOCSOUTHEASTASIA,SCHL,NOC Southeast Asia
E0000005068,VORONEZHSTATEUNIVERSITY,SCHL,Voronezh State University
E0000005069,MAZANDARANUNOFMEDICALSCIEN,SCHL,Mazandaran Un of Medical Scien
E0000005070,KIRIROMINSTITUTEOFTECHNOLOG,SCHL,Kirirom Institute of Technolog
E0000005071,GUANGDONGTECHNIONISRAELINST,SCHL,Guangdong Technion-Israel Inst
E0000005072,PARAGONINTERNATIONALSCHOOL,SCHL,Paragon International School
E0000005073,INFORMATIONTECHNOLOGYUNIVERS,SCHL,Information Technology Univers
E0000005074,BENNETTUNIVERSITY,SCHL,Bennett University
E0000005075,GUIZHOUUNIOFTRADITIONALCHI,SCHL,Guizhou Uni of Traditional Chi
E0000005076,EPFGRADUATESCHOOLOFENGINEE,SCHL,EPF Graduate School of Enginee
E0000005077,SHANGHAITECHUNIVERSITY,SCHL,ShanghaiTech University
E0000005078,IMTLILLEDOUAI,SCHL,IMT Lille Douai
E0000005079,KARLSRUHEUOFAPPLIEDSCIENC,SCHL,Karlsruhe U of Applied Scienc
E0000005080,SCIENCESPOBORDEAUX,SCHL,Sciences Po Bordeaux
E0000005081,YANBIANUNIVERSITY,SCHL,Yanbian University
E0000005082,NANCHANGHANGKONGUNIVERSITY,SCHL,Nanchang Hangkong University
E0000005083,OTISELEVATORCOSPTELTD,SFTP,Otis Elevator Co (S) Pte Ltd
E0000005084,BOEHRINGERINGELHEIMMSDNB,SFTP,Boehringer Ingelheim (M) Sdn B
E0000005085,ABIASTATEUNIVERSITY,SCHL,Abia State University
E0000005086,STOCKHOLMSCHOOLOFENTREPRENE,SFTP,Stockholm School of Entreprene
E0000005087,NATIONALCENTERFORINDUSTRIAL,SFTP,National Center for Industrial
E0000005088,CRESCENTGIRLSSCHOOL,SCHL,Crescent Girls' School
E0000005089,METHODISTGIRLSSCHOOL,SCHL,Methodist Girls' School
E0000005090,INSTOFNEUROSCIENCEMED,OTHR,Inst of Neuroscience & Med
E0000005091,FEDERATIONUNIAUSTRALI,SCHL,Federation Uni Australi
E0000005092,HANOIMEDICALUNIVERSITY,SCHL,Hanoi Medical University
E0000005093,INSTCATALADENANOCIENCIAIN,OTHR,Inst Catala de Nanociencia i N
E0000005094,PAULSCHERRERINSTITUT,OTHR,Paul Scherrer Institut
E0000005095,PARSONSPARISTHENEWSCHOOL,SCHL,"Parsons Paris, The New School"
E0000005096,ENCOMMUNITYSERVICESSOCIETY,SFTP,En Community Services Society
E0000005098,NTTFACILITIESINC,SFTP,"NTT Facilities, Inc."
E0000005099,EVANSSCHOFPUBLICPOLICYG,SCHL,Evans Sch of Public Policy & G
E0000005100,MITSUISUMITOMOINSURANCE,SFTP,Mitsui Sumitomo Insurance
E0000005101,WISHINTERNATIONALINC,SFTP,Wish International Inc
E0000005102,YAMAHACORPORATION,OTHR,Yamaha Corporation
E0000005103,GUANGYASCHOOL,SCHL,Guangya School
E0000005104,SIBELIUSACADEMY,SCHL,Sibelius Academy
E0000005105,INTLCOMMIOFTHEREDCROSS,OTHR,Intl Commi of the Red Cross
E0000005106,SARINFOUNDATION,OTHR,Sarin Foundation
E0000005107,INTERNATIONALINSTITUTEOFSPA,OTHR,International Institute of Spa
E0000005108,OXFORDINTELLECTUALPROPERTYR,OTHR,Oxford Intellectual Property R
E0000005109,STETSONUNIVERSITY,SCHL,Stetson University
E0000005110,VMSALGAOCARCOLLEGEOFLAW,SCHL,V.M. Salgaocar College of Law
E0000005111,SINGHEALTHCOMMUNITYHOSPITALS,SFTP,SingHealth Community Hospitals
E0000005112,HEARTWARENETWORK,SFTP,Heartware Network
E0000005113,NUPH,SFTP,NUPH
E0000005114,STLUKESELDERCARELTD,SFTP,St Luke's ElderCare Ltd
E0000005115,MOUNTALVERNIAHOSPITAL,SFTP,Mount Alvernia Hospital
E0000005116,NATIONALINSTFORMATSCIENCE,OTHR,National Inst for Mat Science
E0000005117,GOOGLEAI,OTHR,Google AI
E0000005118,THANHLOCSECONDARYSCHOOL,SCHL,Thanh Loc Secondary School
E0000005119,DENISCHANGSCHAMBERS,OTHR,Denis Chang's Chambers
E0000005120,DEPARTMENTOFJUSTICEHKG,OTHR,"Department of Justice, HKG"
E0000005121,NATIONALINSTITUTEOFMENTALH,OTHR,National Institute of Mental H
E0000005122,MILLERSCHOOLOFMEDICINE,SCHL,Miller School of Medicine
E0000005123,EPWORTHCLINICALSCHOOL,SCHL,Epworth Clinical School
E0000005124,DHAKAMEDICALCOLLEGEANDHOSP,SCHL,Dhaka Medical College and Hosp
E0000005125,ROYALSCHOOLOFNEEDLEWORK,SCHL,Royal School of Needlework
E0000005126,PARSONSSCHOOLOFDESIGN,SCHL,Parsons School of Design
E0000005127,KOREAMARITIMEANDOCEANUNI,SCHL,Korea Maritime and Ocean Uni
E0000005128,EUROPEANINSTITUTEOFFRENCH,SCHL,European Institute Of French
E0000005129,AMERICANINSTITUTEOFAERONAUT,SCHL,American Institute of Aeronaut
E0000005130,TWITTERINCGLOBAL,OTHR,"Twitter, Inc. (Global)"
E0000005131,GOOGLEINCGLOBAL,OTHR,"Google, Inc. (Global)"
E0000005132,MAPLETREEGLOBAL,SCHL,Mapletree (Global)
E0000005133,AIESECGLOBAL,OTHR,AIESEC (Global)
E0000005134,NEXTSTEPCONNECTIONSGLOBAL,OTHR,Next Step Connections (Global)
E0000005135,MICROSOFTDEVELOPMENT,OTHR,Microsoft Development
E0000005136,PWCGLOBAL,OTHR,PwC (Global)
E0000005137,NUSKINENTERPRISESGLOBAL,OTHR,NU Skin Enterprises (Global)
E0000005138,CTRIPCOMPUTERTECHNOLOGY,OTHR,Ctrip Computer Technology
E0000005139,HABITATFORHUMANITYGLOBAL,OTHR,Habitat for Humanity (Global)
E0000005140,REXARCHITECTURE,OTHR,Rex Architecture
E0000005141,MITSUBISHIJISHOSEKKEIARCHIT,OTHR,Mitsubishi Jisho Sekkei Archit
E0000005142,INTERNATIONALASSOCIATIONOFU,OTHR,International Association of U
E0000005143,OPENDEVELOPMENT,OTHR,Open Development
E0000005144,ASIANPEACEANDRECONCILIATION,OTHR,Asian Peace and Reconciliation
E0000005145,TBERGPTELTD,OTHR,TBERG Pte Ltd
E0000005146,CENTARZALZGRADNJUMIRACIM,OTHR,Centar za lzgradnju Mira (CIM)
E0000005147,GOWLINGWLG,OTHR,Gowling WLG
E0000005148,RAJAHTANNSINGAPORELLPSHA,OTHR,Rajah & Tann Singapore LLP Sha
E0000005149,HINDUSTANUNILEVER,OTHR,Hindustan Unilever
E0000005150,JUNYAISHIGAMIASSOCIATES,OTHR,Junya Ishigami Associates
E0000005151,MITSUBISHIJISHOSEKKEI,OTHR,Mitsubishi Jisho Sekkei
E0000005152,WAIHEKERESOURCESTRUST,OTHR,Waiheke Resources Trust
E0000005153,HABITANARQUITECTOS,OTHR,Habitan Arquitectos
E0000005154,HARMONIOUSARCHITECTSPLANNE,OTHR,Harmonious Architects & Planne
E0000005155,THELAWANDPOLICYOFSUSTAINA,OTHR,The Law and Policy of Sustaina
E0000005156,MUSICALPINTERNATIONALACADEMY,OTHR,MusicAlp International Academy
E0000005157,CASECENTERFORSOCIALANDE,OTHR,CASE - Center for Social and E
E0000005158,THE11LIFEPTELTD,OTHR,The 10:10 Life Pte Ltd
E0000005159,ASKISKILLSANDKNOWLEDGEINST,SCHL,ASKI Skills and Knowledge Inst
E0000005160,HEMATOLOGYANDINTERNALMEDICI,OTHR,Hematology and Internal Medici
E0000005161,STAMFORDMEDICAL,OTHR,Stamford Medical
E0000005162,SYNMAXBIOCHEMICAL,OTHR,Synmax Biochemical
E0000005163,ADFUTURUS,OTHR,Ad Futurus
E0000005164,GARODIAINTERNATIONALCENTREF,SCHL,Garodia International Centre f
E0000005165,EASTICELANDREGIONALHOSPITAL,OTHR,East Iceland Regional Hospital
E0000005166,EMPOWER,OTHR,Empower
E0000005167,SPOT,OTHR,SPOT
E0000005168,APLCOPTELTD,OTHR,APL Co. Pte Ltd
E0000005169,RESMEDASIAOPERATIONSPTELTD,OTHR,ResMed Asia Operations Pte Ltd
E0000005170,REXPRIDELIMITED,OTHR,Rexpride Limited
E0000005171,SANMINGCITYYUANFUBIOMASSAN,OTHR,Sanming City Yuanfu Biomass an
E0000005172,SOUTHCHINAMORNINGPOST,OTHR,South China Morning Post
E0000005173,SYSMEXCORPORATION,OTHR,Sysmex Corporation
E0000005174,TLMEVENTSDNBHD,OTHR,TLM Event Sdn. Bhd.
E0000005175,TEZUKAARCHITECTS,OTHR,Tezuka Architects
E0000005176,THEFINLABPRIVATELIMITED,OTHR,The FinLab Private Limited
E0000005177,THEWATERAGENCYMARKETING,OTHR,The Water Agency & Marketing
E0000005178,THOMSONREUTERSCORPORATION,OTHR,Thomson Reuters Corporation
E0000005179,TOKOPEDIA,OTHR,Tokopedia
E0000005180,UBMASIAJNAAWARDS,OTHR,UBM Asia JNA Awards
E0000005181,UNITEDOVERSEASBANKTHAIPU,OTHR,United Overseas Bank (Thai) Pu
E0000005182,VUEJSDEVELOPERS,OTHR,VueJs Developers
E0000005183,SUNDAYTECHNOLOGYCOLTD,OTHR,"Sunday Technology Co., Ltd"
E0000005184,SCHOTTGLASSTECHNOLOGIESSUZ,OTHR,SCHOTT Glass Technologies (Suz
E0000005185,SHANDONGHEMEIGROUPCOLTD,OTHR,"Shandong Hemei Group Co., Ltd."
E0000005186,SHENZHENHUIJUINNOVATIONINDU,OTHR,Shenzhen Huiju Innovation Indu
E0000005187,SHENZHENJESTARTALENTSERVICE,OTHR,Shenzhen Jestar Talent Service
E0000005188,WILMERCUTLERPICKERINGHALEA,OTHR,Wilmer Cutler Pickering Hale a
E0000005189,WUXIBIOLOGICS,OTHR,WuXi Biologics
E0000005190,YEEPLY,OTHR,Yeeply
E0000005191,PACIFICINTERNATIONALLINESP,OTHR,PACIFIC INTERNATIONAL LINES (P
E0000005192,PINNACLEINVESTMENT,OTHR,PINNACLE INVESTMENT
E0000005193,PTERNSTYOUNGINDONESIAP,OTHR,PT Ernst & Young Indonesia & P
E0000005194,PTINERTIAUTAMADEXAGROUP,OTHR,PT Inertia Utama (Dexagroup)
E0000005195,PTGLOBALURBANESENSIAL,OTHR,PT. Global Urban Esensial
E0000005196,PATHFINDERSLIMITED,OTHR,PathFinders Limited
E0000005197,PHILANTHROPYINMOTIONPIMG,OTHR,Philanthropy in Motion (PIM) G
E0000005198,PHYSICALISTCOLTD,OTHR,Physicalist Co. Ltd.
E0000005199,PULSEMETRICSPTELTD,OTHR,Pulsemetrics pte ltd
E0000005200,QVESTMEDIA,OTHR,Qvest Media
E0000005201,RENZHOULAWYERS,OTHR,Ren Zhou Lawyers
E0000005202,MIRODATASCIENCEDEPARTMENT,OTHR,Miro (Data Science Department)
E0000005203,OFFICEOFFCOURSE,OTHR,OfficeOffCourse
E0000005204,ONECONNECT,OTHR,OneConnect
E0000005205,LOFTIUMINC,OTHR,"Loftium, Inc."
E0000005206,MCDERMOTTWILLANDEMERYFRAN,OTHR,"McDermott Will and Emery, Fran"
E0000005207,MITSUBISHIHEAVYINDUSTRIESL,OTHR,"Mitsubishi Heavy Industries, L"
E0000005208,8DGEARCHITECTS,OTHR,8DGE Architects
E0000005209,AIRBUSHELICOPTERSDEUTSCHLAND,OTHR,AIRBUS HELICOPTERS DEUTSCHLAND
E0000005210,ADVENTOROTRAVELTECHNOLOGIES,OTHR,Adventoro Travel Technologies
E0000005211,ANTFINANCIALSERVICEGROUP,OTHR,Ant Financial Service Group &
E0000005212,AZAPACOLTD,OTHR,Azapa Co. Ltd
E0000005213,BLINKCOMPANYLIMITED,OTHR,BLINK COMPANY LIMITED
E0000005214,BARTLEBORGLEHEGARTYBBH,OTHR,Bartle Borgle Hegarty (BBH)
E0000005215,CBMQATARLLC,OTHR,CBM Qatar LLC
E0000005216,CENTILLIONADIVISIONOFAME,OTHR,Centillion - a division of Ame
E0000005217,CHARLESTAYLORMUTUALMANAGEME,OTHR,Charles Taylor Mutual Manageme
E0000005218,CHINGLUHGROUPNIKEDIVISION,OTHR,Ching Luh Group NIKE Division
E0000005219,BIMINIBIOLOGICALFIELDSTATIO,OTHR,Bimini Biological Field Statio
E0000005220,CORECAMCAPITALPARTNERSPTE,OTHR,CORECAM CAPITAL PARTNERS PTE.
E0000005221,DELOITTETOUCHEMYANMAR,OTHR,Deloitte & Touche (Myanmar)
E0000005222,DEUTSCHEGESELLSCHAFT,OTHR,Deutsche Gesellschaft
E0000005223,COOKLYCOLTD,OTHR,"Cookly CO., Ltd."
E0000005224,EMAARPROPERTIES,OTHR,Emaar Properties
E0000005225,EVERCOREPARTNERSSERVICESEAS,OTHR,Evercore Partners Services Eas
E0000005226,GOOGLESWITZERLANDGMBH,OTHR,Google Switzerland GmbH
E0000005227,HENGYUANREFININGCOMPANYBERH,OTHR,Hengyuan Refining Company Berh
E0000005228,LANMANAGEMENTDEVELOPMENTSER,OTHR,LAN Management Development Ser
E0000005229,KINGFAISALCENTERFORRESEARC,OTHR,King Faisal Center for Researc
E0000005230,JOYLIVEELEVATORCOLTD,OTHR,"Joylive Elevator Co., Ltd."
E0000005231,JOYLIFEINTELLIGENCESYSTEMCO,SCHL,Joylife Intelligence System Co
E0000005232,INTERNATIONALARBITRATIONGROU,OTHR,International Arbitration Grou
E0000005233,INGENIOUSFACES,OTHR,Ingenious Faces
E0000005234,GEGLOBALEDUCATIONHOST,EXGP,[GE] Global Education Host
E0000005235,AICKAPSOWARMISSIONHOSPITAL,OTHR,AIC Kapsowar Mission Hospital
E0000005236,AMDADAMAKHOSPITAL,OTHR,AMDA Damak Hospital
E0000005237,AFRICAINLANDMISSIONS,OTHR,Africa Inland Missions
E0000005238,AGAPERURALHEALTHPROGRAM,OTHR,Agape Rural Health Program
E0000005239,ASIANMEDICALSTUDENTSASSOCI,OTHR,Asian Medical Students' Associ
E0000005240,BAKEWITHMARIAMAYERHOFER,SCHL,Bake with Maria Mayerhofer
E0000005241,DANDENONGHOSPITAL,OTHR,Dandenong Hospital
E0000005242,DEENANATHMANGESHKARHOSPITAL,OTHR,Deenanath Mangeshkar Hospital
E0000005243,DEENANATHMANGESHKARHOSPITAL,OTHR,Deenanath Mangeshkar Hospital
E0000005244,ESMO,OTHR,ESMO
E0000005245,EASTLONDONNHSFOUNDATIONTRU,OTHR,East London NHS Foundation Tru
E0000005246,FAITHMETHODISTCHURCH,OTHR,Faith Methodist Church
E0000005247,FOUNDATIONFORINTERNATIONALM,OTHR,Foundation for International M
E0000005248,GARFIELDMEDICALCENTER,OTHR,Garfield Medical Center
E0000005249,GLOBALENCOUNTERS,OTHR,Global Encounters
E0000005250,GOECO,OTHR,GoEco
E0000005251,HADASSAHMEDICALCENTER,OTHR,Hadassah Medical Center
E0000005252,HARMONIOUSNEWHOMEWELFARECE,OTHR,Harmonious New Home Welfare Ce
E0000005253,HILLCRESTMERIMBULA,OTHR,Hillcrest Merimbula
E0000005254,HOSPITALATTACHMENTIVHQ,OTHR,Hospital Attachment; IVHQ
E0000005255,KAOHSIUNGMEDICALUNIVERSITYC,OTHR,Kaohsiung Medical University C
E0000005256,KAPSOWARHOSPITAL,OTHR,Kapsowar hospital
E0000005257,KHAANUULDISTRICTHOSPITAL,OTHR,Khaan-Uul District Hospital
E0000005258,KWAIRIVERCHRISTIANHOSPITAL,OTHR,Kwai River Christian Hospital
E0000005259,LAHEYHOSPITALMEDICALCENTE,OTHR,Lahey Hospital & Medical Cente
E0000005260,MIANYANGTHIRDPEOPLESHOSPIT,OTHR,Mianyang Third People's Hospit
E0000005261,MONTEFIOREMEDICALCENTER,OTHR,Montefiore Medical Center
E0000005262,NHSHIGHLAND,OTHR,NHS Highland
E0000005263,NATIONALOUTDOORLEARNINGSCHO,SCHL,National Outdoor Learning Scho
E0000005264,NEWYORKJAZZACADEMY,SCHL,New York Jazz Academy
E0000005265,QUEENELIZABETHHOSPITALBIRMI,OTHR,Queen Elizabeth Hospital Birmi
E0000005266,RAIDNHSFOUNDATIONTRUST,OTHR,RAID NHS Foundation Trust
E0000005267,ROYALBROMPTONHAREFIELDHOS,OTHR,Royal Brompton & Harefield Hos
E0000005268,ROYALBROMPTONHAREFIELDNHS,OTHR,Royal Brompton & Harefield NHS
E0000005269,ROYALPRESTONHOSPITALLANCAS,OTHR,Royal Preston Hospital (Lancas
E0000005270,ROYALPRINCEALFREDHOSPITAL,OTHR,Royal Prince Alfred Hospital
E0000005271,SIMGALMIHOSPITAL,OTHR,SIM Galmi hospital
E0000005272,SAHAYAKSURGICALCENTER,OTHR,Sahayak Surgical Center
E0000005273,SAINTVINCENTHOSPITAL,OTHR,Saint Vincent Hospital
E0000005274,SARAWAKGENERALHOSPITAL,OTHR,Sarawak General Hospital
E0000005275,SINGAPORECANOEFEDERATION,OTHR,Singapore Canoe Federation
E0000005276,STBARTHOLOMEWHOSPITAL,OTHR,St. Bartholomew Hospital
E0000005277,THELEDBURY,OTHR,THE LEDBURY
E0000005278,THEAMERICANACADEMYOFDRAMAT,SCHL,The American Academy of Dramat
E0000005279,THECAREVILLAGE,OTHR,The Care Village
E0000005280,THEFOXPROJECT,OTHR,The Fox Project
E0000005281,TRIBHUVANUNIVERSITYTEACHING,OTHR,Tribhuvan University Teaching
E0000005282,TURNINGEARTHCERAMICSE1STU,OTHR,Turning Earth Ceramics E10 Stu
E0000005283,UNIVERSITYCOLLEGELONDONHOSP,OTHR,University College London Hosp
E0000005284,UNIVERSITYHOSPITALOFBIRMING,OTHR,University Hospital of Birming
E0000005285,UNIVERSITYHOSPITALOFDSSELDO,OTHR,University Hospital of Dsseldo
E0000005286,VALENSMEDICALPARTNERSHIP,OTHR,Valens Medical Partnership
E0000005287,WISHINGWELLCLINICATAUSTRAL,OTHR,Wishing Well Clinic at Austral
E0000005288,WORLDWIDEOPPORTUNITIESONORG,OTHR,WorldWide Opportunities on Org
E0000005289,YOUTHWITHAMISSIONYWAM,OTHR,Youth with a Mission (YWAM)
E0000005290,DIVINGMEDICINESUMMERSCHOOL,SCHL,Diving Medicine Summer School
E0000005291,AUSCHWITZBIRKENAUSTATEMUSEU,OTHR,Auschwitz-Birkenau State Museu
E0000005292,COUNTRYGARDEN,OTHR,Country Garden
E0000005293,DNVGLSINGAPOREPTELTD,OTHR,DNV GL SINGAPORE PTE LTD.
E0000005294,GARDSINGAPOREPTELTD,OTHR,GARD (SINGAPORE) PTE LTD
E0000005295,GOLDSTATESECURITIESCOLTD,OTHR,GoldState Securities Co. Ltd
E0000005296,LLYODSREGISTERSINGAPOREPTE,OTHR,LLYOD'S REGISTER SINGAPORE PTE
E0000005297,MINISTRYOFFINANCEREPUBLICO,OTHR,Ministry of Finance Republic o
E0000005298,SINGAPORESPORTSSCHOOL,SCHL,Singapore Sports School
E0000005299,BAYLORUNIVERSITY,SCHL,Baylor University
E0000005300,INSTITUTCURIE,OTHR,Institut Curie
E0000005301,DESIGNSINGAPORECOUNCILPTELT,SFTP,DesignSingapore Council Pte Lt
E0000005302,ISCOSREGENFUND,SFTP,ISCOS Regen Fund
E0000005303,ASIANUNIVERSITYSPORTSFEDERA,OTHR,Asian University Sports Federa
E0000005304,ASEANUNIVERSITYSPORTSCOUNCI,OTHR,ASEAN University Sports Counci
E0000005305,PENANGINTERNATIONALDRAGONBO,OTHR,Penang International Dragon Bo
E0000005306,SORBONNEUNIVERSITY,SCHL,Sorbonne University
E0000005307,OBUDAUNIVERSITY,SCHL,Obuda University
E0000005308,SOUTHEASTERNFINLANDUNIVERSI,SCHL,South-Eastern Finland Universi
E0000005309,MAEBASHIINSTOFTECHNOLOGY,SCHL,Maebashi Inst of Technology
E0000005310,EASTERNMICHIGANUNIVERSITY,SCHL,Eastern Michigan University
E0000005311,DWBCSENGINEERINGCONSULTANTS,SFTP,DWB CS-Engineering Consultants
E0000005312,STHILDASCOMMUNITYSERVICES,SFTP,St Hilda's Community Services
E0000005313,LIMTECKYONGBUILDINGCONSTRU,SFTP,Lim Teck Yong Building Constru
E0000005314,PUBLICUTILITIESBOARDPUB2,SFTP,Public Utilities Board (PUB02)
E0000005315,ONESMARTENGINEERINGPTELTD,SFTP,One SMART Engineering Pte Ltd
E0000005316,SCIENCESPOSAINTGERMAINENL,SCHL,Sciences Po Saint-Germain-en-L
E0000005317,ADVREMNFCTRNGTECHCENTRE,SFTP,Adv Remnfctrng & Tech Centre
E0000005318,SMRTTRAINSLTD,SFTP,SMRT Trains Ltd
E0000005319,THEUNIVERSITYOFMINDANAO,SCHL,The University of Mindanao
E0000005320,CONTINENTALAUTOMOTIVESINGAPO,SFTP,Continental Automotive Singapo
E0000005321,DENKAADVANTECHPRIVATELIMITE,SFTP,Denka Advantech Private Limite
E0000005322,ENERGYRENEWEDPTELTD,SFTP,Energy-Renewed Pte Ltd
E0000005323,RECSOLARPTELTD,SFTP,REC Solar Pte Ltd
E0000005324,GRABTAXIHOLDINGSPTELTD,SFTP,GrabTaxi Holdings Pte. Ltd.
E0000005325,THESHIPOWNERSMUTUALPROTECT,SFTP,The Shipowners' Mutual Protect
E0000005326,GSVASTGOEDBV,SFTP,G & S Vastgoed B.V.
E0000005327,SPOREINSTOFMANUFACTRNGTECH,SFTP,Spore Inst of Manufactrng Tech
E0000005328,OILTANKINGSINGAPORELIMITED,SFTP,Oiltanking Singapore Limited
E0000005329,MINISTRYOFEDUCATIONSCIENCE,SFTP,"Ministry of Education, Science"
E0000005330,KUWAITCULTURALOFFICEKUWAIT,SFTP,Kuwait Cultural Office Kuwait
E0000005331,INSTITUTNATIONALDELASANTE,OTHR,Institut national de la sante
E0000005332,WOODLANDSSOCIALCENTRE,SFTP,Woodlands Social Centre
E0000005333,WRIGHTSTATEUNIVERSITY,SCHL,Wright State University
E0000005334,QINGDAOMEDICALUNIVERSITY,SCHL,Qingdao Medical University
E0000005335,HARVEYMUDDCOLLEGE,SCHL,Harvey Mudd College
E0000005336,KONERULAKSHMAIAHUNIVERSITY,SCHL,Koneru Lakshmaiah University
E0000005337,KAMPALAINTERNATIONALUNIVERSI,SCHL,Kampala International Universi
E0000005338,THYEHUAKWANMORALCHARITIES,SFTP,Thye Hua Kwan Moral Charities
E0000005339,PACEUNIVERSITY,SCHL,Pace University
E0000005340,TASHKENTSTATEINSTITUTEOFOR,SCHL,Tashkent State Institute of Or
E0000005341,GREATLAKESINSTITUTEOFMANAG,SCHL,Great Lakes Institute of Manag
E0000005342,EMERSONASIAPACIFICPRIVATE,SFTP,Emerson Asia Pacific Private
E0000005343,TAPAIMANAGEMENTINSTITUTE,SCHL,T. A. Pai Management Institute
E0000005344,CHARTEREDINSTITUTEOFPERSONN,SCHL,Chartered Institute of Personn
E0000005345,CGMENGINEERINGCONSULTANTS,SFTP,CGM Engineering Consultants
E0000005346,CONSTRUCTOROPERATIONSAG,SFTP,Constructor Operations AG
E0000005347,OAKLANDUNIVERSITY,SCHL,Oakland University
E0000005348,GOVTECHGVT13,SFTP,GovTech (GVT13)
E0000005349,NORWEGIANACADEMYOFMUSIC,SCHL,Norwegian Academy of Music
E0000005350,QUEENSLANDCONSERVATORIUMGRIF,SCHL,Queensland Conservatorium Grif
E0000005351,TOTALGESTIONINTERNATIONALES,SFTP,Total Gestion Internationale S
E0000005352,HOPETECHNIKPTELTD,SFTP,Hope Technik Pte Ltd
E0000005353,INTERNATIONALUNIVERSITYLIAIS,SCHL,International University Liais
E0000005354,KINGMONGKUTSUNIVERSITYOFT,SCHL,King Mongkut's University of T
E0000005355,UNIVERSITYOFCENTRALOKLAHOMA,SCHL,University of Central Oklahoma
E0000005356,LEEDSBECKETTUNIVERSITY,SCHL,Leeds Beckett University
E0000005357,FORESCHOOLOFMANAGEMENT,SCHL,FORE School of Management
E0000005359,ALIBABACLOUDSINGAPOREPRIV,SFTP,Alibaba Cloud (Singapore) Priv
E0000005360,TSINGHUABERKELEYSHENZHENINS,SCHL,Tsinghua-Berkeley Shenzhen Ins
E0000005361,MARISTCOLLEGE,SCHL,Marist College
E0000005362,GANDHIMEMORIALINTERCONTINENT,SCHL,Gandhi Memorial Intercontinent
E0000005363,THETIANJINJUILLIARDSCHOOL,SCHL,The Tianjin Juilliard School
E0000005364,VSARAJISHVILITBILISISTATEC,SCHL,V.Sarajishvili Tbilisi State C
E0000005365,PRINCESSGALYANIVADHANAINSTI,SCHL,Princess Galyani Vadhana Insti
E0000005366,SHAHIDRAJAEETEACHERTRAINING,SCHL,Shahid Rajaee Teacher Training
E0000005367,INTLINSTOFEARTHQUAKEENGINE,SCHL,Intl Inst of Earthquake Engine
E0000005368,NARAINSTITUTEOFSCITECH,SCHL,Nara Institute of Sci & Tech
E0000005369,GELEVATORPTELTD,SFTP,9G Elevator Pte Ltd
E0000005370,MAULANAABULKALAMAZADUNIVER,SCHL,Maulana Abul Kalam Azad Univer
E0000005371,ACCENTFRANCAIS,SCHL,Accent Francais
E0000005372,HEIFETZINTERNATIONALMUSICIN,SCHL,Heifetz International Music In
E0000005373,KESHETEILON,SCHL,Keshet Eilon
E0000005374,FRANZSCHUBERTINSTITUT,SCHL,Franz-Schubert Institut
E0000005375,LONDONMASTERCLASSES,SCHL,London Master Classes
E0000005376,NORDDEUTSCHEHORNTAGE,SCHL,Norddeutsche Horntage
E0000005377,SCHWARZWALDERHORNTAGE,SCHL,Schwarzwalder Horntage
E0000005378,LARGEMARINEVERTEBRATESRESEA,OTHR,Large Marine Vertebrates Resea
E0000005379,KOREANREGISTEROFSHIPPING,OTHR,Korean Register of Shipping
E0000005380,PWNGPFMFGCOSPOREPTELTD,SFTP,P&W NGPF Mfg Co S'pore Pte Ltd
E0000005381,THEEDUCATIONUNIVERSITYOFHK,SCHL,The Education University of HK
E0000005382,UNIVERSITYOFICELAND,SCHL,University of Iceland
E0000005383,LOYOLAMARYMOUNTUNIVERSITY,SCHL,Loyola Marymount University
E0000005384,EASTWESTCENTER,OTHR,East-West Center
E0000005385,MEINHARDTSINGAPOREPTELTD,SFTP,Meinhardt Singapore Pte Ltd
E0000005386,HOCHIMINHCITYUNIVERSITYOF,SCHL,Ho Chi Minh City University of
E0000005387,XAVIERCOLLEGE,SCHL,Xavier College
E0000005388,ARABICLANGUAGEINSTITUTEINF,SCHL,Arabic Language Institute in F
E0000005389,UNIVERSITYOFNEWHAMPSHIRE,SCHL,University of New Hampshire
E0000005390,PRAGUEFILMSCHOOL,SCHL,Prague Film School
E0000005391,INSTITUTCATHOLIQUEDESARTSE,SCHL,Institut Catholique des Arts e
E0000005392,NANYANGINSTITUTEOFMANAGEMEN,SCHL,Nanyang Institute of Managemen
E0000005393,INSTITUTEFORADVANCEDSTUDY,OTHR,Institute for Advanced Study
E0000005394,THEUNIOFTEXASMEDBRNCHGAL,OTHR,The Uni of Texas Med Brnch Gal
E0000005395,JTBCORP,OTHR,JTB Corp.
E0000005396,UNIVERSITASKRISTENKRIDAWACA,SCHL,Universitas Kristen Krida Waca
E0000005397,SCOTTISHQUALIFICATIONSAUTHOR,SCHL,Scottish Qualifications Author
E0000005398,LAGOSBUSINESSSCHOOL,SCHL,Lagos Business School
E0000005399,UNIVERSITYOFCEBU,SCHL,University of Cebu
E0000005400,FORSCHUNGSZENTRUMJULICH,OTHR,Forschungszentrum Julich
E0000005401,INTERNATIONALHOUSEPALMA,SCHL,International House Palma
E0000005402,GOETHEINSTITUTBERLIN,SCHL,Goethe-Institut Berlin
E0000005403,STJOSEPHSHOME,SFTP,St Joseph's Home
E0000005404,NOCHOCHIMINHCITY,SCHL,NOC Ho Chi Minh City
E0000005405,VNUHCMINTERNATIONALUNI,SCHL,VNUHCM-International Uni
E0000005406,NOCNAGOYA,SCHL,NOC Nagoya
E0000005407,SENSHUUNIVERSITY,SCHL,Senshu University
E0000005408,LEIBNIZINSTITUTEFORRSHONS,OTHR,Leibniz Institute for Rsh on S
E0000005409,ROYALIRISHACADEMYOFMUSIC,SCHL,Royal Irish Academy of Music
E0000005410,USCTHORNTONSCHOOLOFMUSIC,SCHL,USC Thornton School of Music
E0000005411,STEPHENFAUSTINSTATEUNI,SCHL,Stephen F. Austin State Uni
E0000005412,HONGKONGACADEMYOFMEDICINE,SCHL,Hong Kong Academy of Medicine
E0000005413,CUNDALLSINGAPOREPTELTD,SFTP,Cundall Singapore Pte Ltd
E0000005414,GUANGDONGMEDICALUNIVERSITY,SCHL,Guangdong Medical University
E0000005415,THAIOILPUBLICCOMPANYLTD,SFTP,Thai Oil Public Company Ltd
E0000005416,ROYALTHAIEMBASSY,SFTP,Royal Thai Embassy
E0000005417,THEDIGITPTELTD,SFTP,The Digit Pte Ltd
E0000005418,OREGONHEALTHSCIENCEUNIVER,SCHL,Oregon Health & Science Univer
E0000005419,ATELIERTTSGPTELTD,SFTP,AtelierTTSG Pte Ltd
E0000005420,UNIVERSITYOFGUJRAT,SCHL,University of Gujrat
E0000005421,LANZHOUINSTITUTEOFPHYSICS,SCHL,Lanzhou Institute of Physics
E0000005422,NATIONALCHIAYIUNIVERSITY,SCHL,National Chiayi University
E0000005423,JAPANESESCHASAHINIHONGO,SCHL,Japanese Sch Asahi Nihongo
E0000005424,VELTECHRANGARAJANDRSAGUNTH,SCHL,Vel Tech Rangarajan Dr.Sagunth
E0000005425,KANSAIUNIVERSITY,SCHL,Kansai University
E0000005426,UNIVERSITYOFNAPLESLORIENT,SCHL,"University of Naples ""L'Orient"
E0000005427,SEMARANGSTATEUNIVERSITY,SCHL,Semarang State University
E0000005428,UNIVERSITASISLAMNEGERISUNAN,SCHL,Universitas Islam Negeri Sunan
E0000005429,MULAWARMANUNIVERSITY,SCHL,Mulawarman University
E0000005430,MINISTRYOFEDUCATIONMOE6,SFTP,Ministry of Education (MOE06)
E0000005431,UNIVERSITYOFMEMPHIS,SCHL,University of Memphis
E0000005432,GUANGZHOUSPORTUNIVERSITY,SCHL,Guangzhou Sport University
E0000005433,GUANGDONGPHARMACEUTICALUNI,SCHL,Guangdong Pharmaceutical Uni
E0000005434,PACIFICSTATESUNIVERSITY,SCHL,Pacific States University
E0000005435,ZHEJIANGUNICITYCOLLEGE,SCHL,Zhejiang Uni City College
E0000005436,UNIVERSITYOFTHEFREESTATE,SCHL,University of the Free State
E0000005437,NATIONALHEALTHINNOVATIONCTE,SFTP,National Health Innovation Cte
E0000005438,BALLSTATEUNIVERSITY,SCHL,Ball State University
E0000005439,UNIVERSITYOFZARAGOZA,SCHL,University of Zaragoza
E0000005440,PAVILIONENERGYPTELTD,SFTP,Pavilion Energy Pte Ltd
E0000005441,CENTRALWASHINGTONUNIVERSITY,SCHL,Central Washington University
E0000005442,INDONESIAENDOWMENTFUNDMINI,SFTP,"Indonesia Endowment Fund, Mini"
E0000005443,STMARYSUNIVERSITYTWICKENH,SCHL,"St Mary's University, Twickenh"
E0000005444,MONTANASTATEUNIVERSITYBILLI,SCHL,Montana State University Billi
E0000005445,INSTITUTOTECNOLOGICODEBUENO,SCHL,Instituto Tecnologico de Bueno
E0000005446,ELCOLEGIODEMEXICO,SCHL,El Colegio de Mexico
E0000005447,METROPOLIAUNIOFAPPLSCI,SCHL,Metropolia Uni of Appl Sci
E0000005448,YOUTHFORSEVA,OTHR,Youth For Seva
E0000005449,TANDAVATHEATRENEPAL,OTHR,Tandava Theatre Nepal
E0000005450,MYMINIFACTORY,OTHR,MyMiniFactory
E0000005451,THROWBACKENTERTAINMENT,OTHR,Throwback Entertainment
E0000005452,HANOIHOTEL,OTHR,Hanoi Hotel
E0000005453,UNIVERSITYOFTHEAEGEAN,SCHL,University of the Aegean
E0000005454,NAMCOMANAGEMENTLLP,OTHR,NAMCO Management LLP
E0000005455,INTERNATIONALNUREMBERGPRINCI,OTHR,International Nuremberg Princi
E0000005456,ASIANLAWSTUDENTSASSOCIATIO,OTHR,Asian Law Students' Associatio
E0000005457,HAMADBINKHALIFAUNIVERSITY,SCHL,Hamad Bin Khalifa University
E0000005458,CHARTEREDINSTITUTEOFARBITRA,OTHR,Chartered Institute of Arbitra
E0000005459,GUOLAIRENJIAOYUKEJI,OTHR,Guo Lai Ren Jiao Yu Ke Ji
E0000005460,BRITISHCOLUMBIAINSTOFTECH,SCHL,British Columbia Inst of Tech
E0000005461,KUNDACONSULTINGENGINEERS,SFTP,Kunda Consulting Engineers
E0000005462,SBSTRANSITRAILPTELTD,SFTP,SBS Transit Rail Pte Ltd
E0000005463,DICKINSONCOLLEGE,SCHL,Dickinson College
E0000005464,MOUNTSANJACINTOCOLLEGE,SCHL,Mount San Jacinto College
E0000005465,REGISUNIVERSITY,SCHL,Regis University
E0000005466,STJOHNSUNIVERSITY,SCHL,St. John's University
E0000005467,TRINITYUNIVERSITY,SCHL,Trinity University
E0000005468,UNIVERSITYOFTHEPEOPLEOFPA,SCHL,University Of The People Of Pa
E0000005469,BUILDBRIGHTUNIVERSITY,SCHL,Build Bright University
E0000005470,CAMBODIAMEKONGUNIVERSITY,SCHL,Cambodia Mekong University
E0000005471,CAMEDBUSINESSSCHOOL,SCHL,Camed Business School
E0000005472,ECONOMICSANDFINANCEINSTITUT,SCHL,Economics And Finance Institut
E0000005473,FUTUREBRIGHTINTERNATIONALSC,SCHL,Future Bright International Sc
E0000005474,NATIONALINSTITUTEOFEDUCATIO,SCHL,National Institute Of Educatio
E0000005475,NATIONALUNIVERSITYOFMANAGEM,SCHL,National University Of Managem
E0000005476,PARAGONINTERNATIONALUNIVERSI,SCHL,Paragon International Universi
E0000005477,PHNOMPENHINTERNATIONALUNIVE,SCHL,Phnom Penh International Unive
E0000005478,ROYALSCHOOLOFADMINISTRATION,SCHL,Royal School Of Administration
E0000005479,UNIVERSITYOFCAMBODIA,SCHL,University Of Cambodia
E0000005480,CEPTUNIVERSITY,SCHL,Cept University
E0000005481,DRYSPARMARUNIOFHORTICULT,SCHL,Dr Y.S Parmar Uni Of Horticult
E0000005482,GOVTPOLYTECHNICMANESAR,SCHL,Govt Polytechnic Manesar
E0000005483,KALINGAUNIVERSITY,SCHL,Kalinga University
E0000005484,NATIONALINSTITUTEOFFINANCIA,SCHL,National Institute Of Financia
E0000005485,NMIMSUNIVERSITY,SCHL,Nmims University
E0000005486,NORTHORISSAUNIVERSITY,SCHL,North Orissa University
E0000005487,SRISRIUNIVERSITY,SCHL,Sri Sri University
E0000005488,WILDLIFEINSTITUTEOFINDIAD,SCHL,Wild Life Institute Of India D
E0000005489,ABDULWALIKHANUNIVERSITYMAR,SCHL,Abdul Wali Khan University Mar
E0000005490,AIRUNIVERSITYISLAMABAD,SCHL,Air University Islamabad
E0000005491,ALAUDDINSTATEISLAMICUNIVERS,SCHL,Alauddin State Islamic Univers
E0000005492,INSTITUTEOFBUSINESSMANAGEME,SCHL,Institute Of Business Manageme
E0000005493,KHYBERMEDICALUNIVERSITY,SCHL,Khyber Medical University
E0000005494,SEKOLAHTINGGIILMUEKONOMIIB,SCHL,Sekolah Tinggi Ilmu Ekonomi Ib
E0000005495,SEKOLAHTINGGIILMUSTATISTIK,SCHL,Sekolah Tinggi Ilmu Statistik
E0000005496,UNIOFMANAGEMENTANDTECHNOLO,SCHL,Uni Of Management And Technolo
E0000005497,BALOCHISTANUNIVERSITYOFINFO,SCHL,Balochistan University Of Info
E0000005498,INSTITUTEOFFINANCIALACCOUNT,SCHL,Institute Of Financial Account
E0000005499,LUISSGUIDOCARLIROMA,SCHL,Luiss Guido Carli Roma
E0000005500,UNIFEDERALDORIOGRANDEDOS,SCHL,Uni Federal Do Rio Grande Do S
E0000005501,UNIVERSIDADEESTADUALPAULISTA,SCHL,Universidade Estadual Paulista
E0000005502,UNIVERSITYOFGLOUCESTERSHIRE,SCHL,University Of Gloucestershire
E0000005503,FGVEESPSAOPAULO,SCHL,FGV-EESP Sao Paulo
E0000005504,UNITEDINTERNATIONALCOLLEGE,SCHL,United International College
E0000005505,HANGSENGUNIVERSITYOFHONGK,SCHL,Hang Seng University of Hong K
E0000005506,NEWGENERATIONUNIVERSITY,SCHL,New Generation University
E0000005507,HANKENSCHOOLOFECONOMICS,SCHL,Hanken School of Economics
E0000005508,UNIVERSITECLERMONTAUVERGNE,SCHL,Universite Clermont Auvergne
E0000005509,SANAAUNIVERSITY,SCHL,Sana'a University
E0000005510,UNIVERSITYOFTHEGAMBIA,SCHL,University Of The Gambia
E0000005511,MUNICHINTELLECTUALPROPERTYL,SCHL,Munich Intellectual Property L
E0000005512,UNITEDSTATESINTERNATIONALUN,SCHL,United States International Un
E0000005513,TWINTECHINTERNATIONALUNIVERS,SCHL,Twintech International Univers
E0000005514,UNIVERSITYOFPHARMACYMANDAL,SCHL,"University of Pharmacy, Mandal"
E0000005515,BAKUENGINEERINGUNIVERSITY,SCHL,Baku Engineering University
E0000005516,LICEODECAGAYANUNIVERSITY,SCHL,Liceo de Cagayan University
E0000005517,UNIVERSITYOFHARGEISA,SCHL,University of Hargeisa
E0000005518,UNIVERSIDADDEALICANTE,SCHL,Universidad de Alicante
E0000005519,KHORUGHSTATEUNIVERSITY,SCHL,Khorugh State University
E0000005520,KAMPALAUNIVERSITY,SCHL,Kampala University
E0000005521,ZAYEDUNIVERSITY,SCHL,Zayed University
E0000005522,SHRMCOLLEGE,SCHL,SHRM College
E0000005523,UTSUNOMIYAUNIVERSITY,SCHL,Utsunomiya University
E0000005524,KYIVNATIONALECONOMICUNIVERS,SCHL,Kyiv National Economic Univers
E0000005525,GLOBALUNIVERSITYBANGLADESH,SCHL,Global University Bangladesh
E0000005526,INTERNATIONALHORIZONSCOLLEGE,SCHL,International Horizons College
E0000005527,JULIUSNYEREREUNIVERSITYOFK,SCHL,Julius Nyerere University of K
E0000005528,BANGKOKUNIVERSITYINTERNATION,SCHL,Bangkok University Internation
E0000005529,EUROPEANACADEMYOFDIPLOMACY,SCHL,European Academy Of Diplomacy
E0000005530,WENZHOUKEANUNIVERSITY,SCHL,Wenzhou-Kean University
E0000005531,ALBERTNERKENSCHOFENGRG,SCHL,Albert Nerken Sch of Engrg
E0000005532,CENTRALACADEMYFORFINEARTS,SCHL,Central Academy for Fine Arts
E0000005533,HEBEIUNIOFENGINEERING,SCHL,Hebei Uni of Engineering
E0000005534,TECHNOANDHIGHEREDUINSTHK,SCHL,Techno and Higher Edu Inst HK
E0000005535,ITMUNIVERSITY,SCHL,ITM University
E0000005536,PRATTINSTITUTE,SCHL,Pratt Institute
E0000005537,CHANGCHUNUNIOFSCITECHNGY,SCHL,Changchun Uni of Sci &Techngy
E0000005538,AMERICABANGLADESHUNIVERSITY,SCHL,America Bangladesh University
E0000005539,SKOLKOVOINSTOFSCITECHNGY,SCHL,Skolkovo Inst of Sci & Techngy
E0000005540,INTLACADEMYOFDISPUTERESOLN,OTHR,Intl Academy of Dispute Resoln
E0000005541,VIENNAINTLARBITRALCENTRE,OTHR,Vienna Intl Arbitral Centre
E0000005542,HERBERTSMITHFREEHILLSLLP,OTHR,Herbert Smith Freehills LLP
E0000005543,EMERSONCOLLEGE,SCHL,Emerson College
E0000005544,REPUBLICOFKOREANAVALACAD,SCHL,Republic of Korea Naval Acad
E0000005545,ECOLEPRATIQUEDESHECOMM,SCHL,Ecole Pratique des H E Comm
E0000005546,HOMIBHABHANATIONALINSTITUTE,SCHL,Homi Bhabha National Institute
E0000005547,KEYSTONECOLLEGE,SCHL,KEYSTONE COLLEGE
E0000005548,HARVARDBUSINESSSCHOOL,SCHL,Harvard Business School
E0000005549,TECHNICALUNIVERSITYCLAUSTHAL,SCHL,Technical University Clausthal
E0000005550,ARKANSASTECHUNIVERSITY,SCHL,Arkansas Tech University
E0000005551,SHENYANGINSTITUTEOFENGRG,SCHL,Shenyang Institute of Engrg
E0000005552,ZHENZHOUUNIOFAERONAUTICS,SCHL,Zhenzhou Uni of  Aeronautics
E0000005553,MUSKINGUMUNIVERSITY,SCHL,Muskingum University
E0000005554,DALARNAUNIVERSITY,SCHL,Dalarna University
E0000005555,CALDWELLUNIVERSITY,SCHL,Caldwell University
E0000005556,LAUREAUNIOFAPPLIEDSCIENCES,SCHL,Laurea Uni of Applied Sciences
E0000005557,KARELIAUNIOFAPPLIEDSCIENCE,SCHL,Karelia Uni of Applied Science
E0000005558,COVENANTUNIVERSITY,SCHL,Covenant University
E0000005559,HOLYSPIRITUNIVERSITYOFKASL,SCHL,Holy Spirit University of Kasl
E0000005560,MONTANATECH,SCHL,Montana Tech
E0000005561,UNIVERSITYOFPORTHARCOURT,SCHL,University of Port Harcourt
E0000005562,AUSTRALUNIVERSITY,SCHL,Austral University
E0000005563,UNIVERSITYOFNAPLESFEDERICO,SCHL,University of Naples Federico
E0000005564,TEXASWOMANSUNIVERSITY,SCHL,Texas Woman's University
E0000005565,GRAPHICERAHILLUNIVERSITY,SCHL,Graphic Era Hill University
E0000005566,THUONGMAIUNIVERSITY,SCHL,Thuongmai University
E0000005567,UNIVERSIDADAUTONOMADEGUADAL,SCHL,Universidad Autonoma de Guadal
E0000005568,SENECACOLLEGE,SCHL,Seneca College
E0000005569,KNTOOSIUNIVERSITYOFTECHNO,SCHL,K.N.Toosi University of Techno
E0000005570,SINGAPOREAVIATIONACADEMY,SCHL,Singapore Aviation Academy
E0000005571,UNIVERSITYOFSOUTHERNINDIANA,SCHL,University of Southern Indiana
E0000005572,UNIVERSIDADREYJUANCARLOS,SCHL,Universidad Rey Juan Carlos
E0000005573,NATIONALUNIVERSITYOFTAINAN,SCHL,National University of Tainan
E0000005574,RIZVICOLLEGEOFHOTELMGMT,SCHL,Rizvi College of Hotel Mgmt
E0000005575,SCHOFCORRESPUNIOFDELHI,SCHL,"Sch of Corresp, Uni of Delhi"
E0000005576,STPETERSBURGSTATEINSOFTEC,SCHL,St Petersburg State Ins of Tec
E0000005577,RAMAIAHINSTITUTEOFTECHNGY,SCHL,Ramaiah Institute of Techngy
E0000005578,INSTFORRESOURCEANALYSIS,SCHL,Inst for Resource Analysis
E0000005579,SILICONVALLEYUNIVERSITY,SCHL,Silicon Valley University
E0000005580,VRIJEUNIVERSITEITAMSTERDAM,SCHL,Vrije Universiteit Amsterdam
E0000005581,UNIVERSITYOFCHESTER,SCHL,UNIVERSITY OF CHESTER
E0000005582,WENZHOUMEDICALUNIVERSITY,SCHL,Wenzhou Medical University
E0000005583,RAMNARAINRUIACOLLEGE,SCHL,Ramnarain Ruia College
E0000005584,FURMANUNIVERSITY,SCHL,Furman University
E0000005585,WHEATONCOLLEGE,SCHL,Wheaton College
E0000005586,SAARLANDUNIVERSITY,SCHL,Saarland University
E0000005587,INSEADASIACAMPUS,SCHL,INSEAD Asia Campus
E0000005588,DEMONTFORTUNIVERSITY,SCHL,De Montfort University
E0000005589,TIANJINAGRICULTURALUNI,SCHL,Tianjin Agricultural Uni
E0000005590,DAYANANDASAGARUNIVERSITY,SCHL,Dayananda Sagar University
E0000005591,SEMNANUNIVERSITY,SCHL,Semnan University
E0000005592,SVRZCARESINZEELAND,SCHL,SVRZ Cares in Zeeland
E0000005593,ROSEHULMANINSTITUTEOFTECHN,SCHL,Rose-Hulman Institute of Techn
E0000005594,SHANGHAIJIANQIAOUNIVERSTIY,SCHL,Shanghai Jianqiao Universtiy
E0000005595,IMAMABDULRAHMANBINFAISALUN,SCHL,Imam Abdulrahman Bin Faisal Un
E0000005596,UNIOFNORTHCAROLINACHARLOT,SCHL,"Uni of North Carolina, Charlot"
E0000005597,PSBPARISSCHOOLOFBUSINESS,SCHL,PSB Paris School of Business
E0000005598,LYCEECHATEAUBRIAND,SCHL,Lycee Chateaubriand
E0000005599,COLLEGEOFSCIANDTECHNGY,SCHL,College of Sci and Techngy
E0000005600,CHONGQINGUNIVERSITYOFTECH,SCHL,Chongqing University of Tech
E0000005601,ROCKFORDUNIVERSITY,SCHL,Rockford University
E0000005602,CHONGQINGUNIOFEDUCATION,SCHL,Chongqing Uni of Education
E0000005603,THEROYALCOLLEGEOFPATHOLOG,SCHL,The Royal College of Patholog
E0000005604,CESARRITZCOLLEGES,SCHL,Cesar Ritz Colleges
E0000005605,ASEANCENTERFORENERGY,OTHR,ASEAN Center for Energy
E0000005606,ASIACENTRE,OTHR,Asia Centre
E0000005607,ASIANTOURMYANMARCOLTD,OTHR,"Asian Tour Myanmar Co., Ltd."
E0000005608,CHINAAUTOMOTIVEENGINEERING,OTHR,China Automotive Engineering
E0000005609,DEKORUMA,OTHR,Dekoruma
E0000005610,EHICARSERVICESLIMITED,OTHR,eHi Car Services Limited
E0000005611,GPBULLHOUNDINVESTMENT,OTHR,GP Bullhound & Investment
E0000005612,GREYSHEEPHOSTEL,OTHR,Grey Sheep Hostel
E0000005613,HOTELORIONMOTOBURESORT,OTHR,Hotel Orion Motobu Resort
E0000005614,IMPROBABLEWORLDSLIMITED,OTHR,Improbable Worlds Limited
E0000005615,JAYCHIUARCHITECTS,OTHR,Jay Chiu Architects
E0000005616,L’OREAL,OTHR,L’OREAL
E0000005617,REPRIEVE,OTHR,Reprieve
E0000005618,SHINEINTERNATIONALCOLTD,OTHR,Shine International Co. Ltd.
E0000005619,STOQOTECHNOLOGIES,OTHR,STOQO Technologies
E0000005620,TRANSSIONHOLDINGS,OTHR,Transsion Holdings
E0000005621,UNILEISURETRAVELSTOURS,OTHR,Unileisure Travels & Tours
E0000005622,WELLBEINGDIGITALLTD,OTHR,Well Being Digital Ltd
E0000005623,WISENETASIA,OTHR,WiseNet Asia
E0000005624,HANZEUNIVERSITY,SCHL,Hanze University
E0000005625,JONKOPINGUNIVERSITY,SCHL,Jonkoping University
E0000005626,NUSCHONGQINGRESEARCH,SCHL,NUS (Chongqing) Research
E0000005627,SBSSWISSBUSINESSSCHOOL,SCHL,SBS Swiss Business School
E0000005628,ECOLENATIONALESUPERIEUREDE,SCHL,Ecole Nationale Superieure de
E0000005629,ARTHURDLITTLEJAPANINC,OTHR,"Arthur D. Little Japan, Inc."
E0000005630,CHONGQINGKNOWERSEDUCATION,OTHR,Chongqing Knowers Education
E0000005631,CHONGQINGXIANTAODATAVALLEY,OTHR,Chongqing Xian Tao Data Valley
E0000005632,CHONGQINGXIANTAOCONSUMER,OTHR,Chongqing Xiantao Consumer
E0000005633,CHONGQINGXIANTAODATAINST,OTHR,Chongqing Xiantao Data Inst
E0000005634,ECLOUD,OTHR,Ecloud
E0000005635,HUAWEICHONGQINGDEVCLOUD,OTHR,Huawei (Chongqing) DevCloud
E0000005636,WISEINSIGHT,OTHR,WiseInsight
E0000005637,XIANTAOECLOUDDATALTD,OTHR,Xiantao Ecloud Data Ltd
E0000005638,SHAOXINGUNIVERSITY,SCHL,Shaoxing University
E0000005639,PONDICHERRYENGINEERINGCLLGE,SCHL,Pondicherry Engineering Cllge
E0000005640,UNIOFMANAGEMENTTECHNOLOGY,SCHL,Uni of Management & Technology
E0000005641,ZHENGZHOUUNIOFAERONAUTICS,SCHL,Zhengzhou Uni of Aeronautics
E0000005642,ONGTENGCHEONGLABOUR,SCHL,Ong Teng Cheong Labour
E0000005643,SOCIALSERVICEINSTITUTE,SCHL,Social Service Institute
E0000005644,CAMFORDINTERNATIONALCOLLEGE,SCHL,Camford International College
E0000005645,HUBEILANDRESOURCES,SCHL,HuBei Land Resources
E0000005646,BERNUNIVERSITYOFAPPLIEDSCI,SCHL,Bern University of Applied Sci
E0000005647,CITYDEVELOPMENTSLIMITED,SFTP,City Developments Limited
E0000005648,NATIONALINSTITUTEOFINFO,OTHR,National Institute of Info
E0000005649,UNIOFAPPLIEDSCIANDARTS,SCHL,Uni of Applied Sci and Arts
E0000005650,UNIOFTHEWITWATERSRAND,SCHL,Uni Of The Witwatersrand
E0000005651,UNIVERSIDADNACIONALDEINGENI,SCHL,Universidad Nacional de Ingeni
E0000005652,HTWSAARUNIVERSITYOFAPPL,SCHL,"HTW Saar, University of Appl"
E0000005653,HALLYMUNIVERSITY,SCHL,Hallym University
E0000005654,NORTHWESTUNIVERSITY,SCHL,NORTH-WEST UNIVERSITY
E0000005655,HURONUNIVERSITY,SCHL,Huron University
E0000005656,COLORADOTECHNICALUNIVERSITY,SCHL,Colorado Technical University
E0000005657,SAFBANDMINISTRYOFDEFENCE,SFTP,"SAF Band, Ministry of Defence"
E0000005658,CHINESETAIPEINETBALLASSOCIA,OTHR,Chinese Taipei Netball Associa
E0000005659,KOREACHEERLEADINGASSOCIATION,OTHR,Korea Cheerleading Association
E0000005660,MALAYSIANUNIVERSITYSPORTSCO,OTHR,Malaysian University Sports Co
E0000005661,SARTORIUSSTEDIMSINGAPOREPTE,SFTP,Sartorius Stedim Singapore Pte
E0000005662,ITEITE46,SFTP,ITE (ITE46)
E0000005663,QUESTUNIVERSITYCANADA,SCHL,Quest University Canada
E0000005664,HARVARDDIVINITYSCHOOL,SCHL,Harvard Divinity School
E0000005665,HAMILTONCOLLEGE,SCHL,Hamilton College
E0000005666,DEEPSPRINGSCOLLEGE,SCHL,Deep Springs College
E0000005667,BRIGHTONOBSERVATORYOFENVIRO,OTHR,Brighton Observatory of Enviro
E0000005668,FRENCHNATIONALCENTREFORSCI,OTHR,French National Centre for Sci
E0000005669,AUBURNUNIVERSITYATMONTGOMER,SCHL,Auburn University at Montgomer
E0000005670,LAWRENCEUNIVERSITYOFWISCONS,SCHL,Lawrence University of Wiscons
E0000005671,DEVELOPINGCTRIESVACCINEMFE,SFTP,Developing Ctries Vaccine Mfe
E0000005672,ISTINTERNATIONALSCHLOFTOUR,SCHL,IST International Schl of Tour
E0000005673,INSTITUTEFORRESEARCHANDCO,SCHL,Institute for Research and Co
E0000005674,FULLERTONCOLLEGE,SCHL,Fullerton College
E0000005675,3EACCOUNTINGPTELTD,SFTP,3E Accounting Pte Ltd
E0000005676,SEMBCORPSOLARSINGAPOREPTEL,SFTP,Sembcorp Solar Singapore Pte L
E0000005677,PRECISEDEVELOPMENTPTELTD,SFTP,PRECISE DEVELOPMENT PTE LTD
E0000005678,DLIASIAPACIFICPTELTD,SFTP,DLI Asia Pacific Pte. Ltd
E0000005679,MAXPLANCKINSTITUTEFORORNIT,SCHL,Max Planck Institute for Ornit
E0000005680,CENTRALPROVIDENTFUNDCPF,SFTP,Central Provident Fund (CPF90)
E0000005681,SHAKTILOGISTICSPL,SFTP,SHAKTI LOGISTICS P.L.
E0000005682,COSTELLOMEDICAL,SFTP,Costello Medical
E0000005683,ITCADVISORSPTELTD,SFTP,ITC Advisors Pte Ltd
E0000005684,ADECCOPERSONNELPTELTD,SFTP,Adecco Personnel Pte Ltd
E0000005685,COWISINGAPOREPTELTD,SFTP,COWI Singapore Pte Ltd
E0000005686,XAVIERUNIVERSITYBHUBANESWAR,SCHL,"Xavier University, Bhubaneswar"
E0000005687,UNIVERSITAS21U21,OTHR,Universitas 21 (U21)
E0000005688,AECOMSINGAPOREPTELTD,SFTP,Aecom Singapore Pte Ltd
E0000005689,AVITRONPTELTD,SFTP,Avitron Pte Ltd
E0000005690,SANFRANCISCOCONSERVATORY,SCHL,San Francisco Conservatory
E0000005691,GOVTECHGVT13,SFTP,GovTech (GVT13)
E0000005692,GUANGDONGUNIVERSITYOFFINANC,SCHL,Guangdong University of Financ
E0000005693,YALESCHOOLOFPUBLICHEALTH,SCHL,Yale School of Public Health
E0000005694,THEASSOCIATIONOFCORPORATE,SCHL,The Association of Corporate
E0000005695,TRAILBLAZERFOUNDATIONLTD,SFTP,Trailblazer Foundation Ltd
E0000005696,SINGAPOREPOLICEFORCE,SFTP,Singapore Police Force
E0000005697,JILINAGRICULTURALUNIVERSITY,SCHL,Jilin Agricultural University
E0000005717,LKYSPP,SCHL,LKYSPP
E0000005718,NATIONALHERITAGEBOARDNHB26,SFTP,National Heritage Board(NHB26)
E0000005719,MASTERLIFEACADEMYPTELTD,SFTP,MasterLife Academy Pte Ltd
E0000005720,SINGAPORETHONGCHAIMEDICAL,SFTP,Singapore Thong Chai Medical
E0000005721,ACCOUNTINGCORPREGAUTH,SFTP,Accounting & Corp Reg Auth
E0000005722,MINISTRYOFLAWLAW1,SFTP,Ministry of Law (LAW10)
E0000005723,NUPH,SFTP,NUPH
E0000005724,MCCYCCY3,SFTP,MCCY (CCY03)
E0000005725,MSFMCD18,SFTP,MSF (MCD18)
E0000005726,METTAWELFAREASSOCIATION,SFTP,METTA WELFARE ASSOCIATION
E0000005727,SINGAPOREPOLICEFORCE,SFTP,Singapore Police Force
E0000005728,MINISTRYOFMANPOWERMOM3,SFTP,Ministry of Manpower (MOM03)
E0000005729,MINISTRYOFEDUCATIONMOE21,SFTP,Ministry of Education (MOE21)
E0000005730,SAVH,SFTP,SAVH
E0000005731,MCCYCCY1,SFTP,MCCY (CCY01)
E0000005732,PUBLICTRANSPORTCOPTC1,SFTP,Public Transport Co (PTC01)
E0000005733,MINISTRYOFMANPOWERMOM2,SFTP,Ministry of Manpower (MOM02)
E0000005734,MINISTRYOFMANPOWERMOM4,SFTP,Ministry of Manpower (MOM04)
E0000005735,MINISTRYOFMANPOWERMOM7,SFTP,Ministry of Manpower (MOM07)
E0000005736,MINISTRYOFMANPOWERMOM11,SFTP,Ministry of Manpower (MOM11)
E0000005737,MINISTRYOFMANPOWERMOM14,SFTP,Ministry of Manpower (MOM14)
E0000005738,MINISTRYOFMANPOWERMOM18,SFTP,Ministry of Manpower (MOM18)
E0000005739,MINISTRYOFMANPOWERMOM22,SFTP,Ministry of Manpower (MOM22)
E0000005740,MINISTRYOFMANPOWERMOM23,SFTP,Ministry of Manpower (MOM23)
E0000005741,MINISTRYOFMANPOWERMOM24,SFTP,Ministry of Manpower (MOM24)
E0000005742,PERSATUANPEMUDIISLAMSPORE,SFTP,Persatuan Pemudi Islam Spore
E0000005743,CENTRALPROVIDENTFUNDCPF67,SFTP,Central Provident Fund (CPF67)
E0000005744,SKILLSFUTURESINGAPORESSG25,SFTP,SkillsFuture Singapore (SSG25)
E0000005745,SKILLSFUTURESINGAPORESSG24,SFTP,SkillsFuture Singapore (SSG24)
E0000005746,SATHYASAISOCIALSERVICE,SFTP,Sathya Sai Social Service
E0000005747,HEALTHPROMOTIONBOARDHPB41,SFTP,Health Promotion Board (HPB41)
E0000005748,PAPCOMMUNITYFOUNDATION,SFTP,PAP Community Foundation
E0000005749,TOUCHCOMMUNITYSERVICESLIMIT,SFTP,TOUCH Community Services Limit
E0000005750,UNIVERSITYOFLIVERPOOLINSIN,SCHL,University of Liverpool in Sin
E0000005751,LAVENDERMEADOWSACADEMY,SFTP,LAVENDER MEADOWS ACADEMY
E0000005754,ANDRESBONIFACIOCOLLEGE,SCHL,Andres Bonifacio College
E0000005755,CANADIANACADEMY,SCHL,Canadian Academy
E0000005756,WORKFORCESINGAPOREWSG6,SFTP,Workforce Singapore (WSG06)
E0000005757,COLLEGEOFCHEMICALSCIENCES,SCHL,College of Chemical Sciences
E0000005758,ENVIRONICHELLP,SFTP,EnviroNiche LLP
E0000005759,JZACCOUNTINGSERVICES,SFTP,JZ Accounting Services
E0000005760,SGENABLELTD,SFTP,SG ENABLE LTD
E0000005761,THANLYINTECHNOLOGICALUNI,SCHL,Thanlyin Technological Uni
E0000005762,UNIVERSITYOFNEWHAVEN,SCHL,University of New Haven
E0000005763,FLORIDAINSTITUTEOFTECH,SCHL,Florida Institute of Tech
E0000005764,EASTERNKENTUCKYUNIVERSITY,SCHL,Eastern Kentucky University
E0000005765,MURRAYSTATEUNIVERSITY,SCHL,Murray State University
E0000005766,MILWAUKEESCHLOFENGINEERING,SCHL,Milwaukee Schl of Engineering
E0000005767,WESTERNMINDANAOSTATEUNI,SCHL,Western Mindanao State Uni
E0000005768,MSEENV1,SFTP,MSE (ENV01)
E0000005769,JUBAILUNIVERSITYCOLLEGE,SCHL,Jubail University College
E0000005770,ESRISINGAPOREPTELTD,SFTP,Esri Singapore Pte Ltd
E0000005771,HAYERENGINEERINGPTELTD,SFTP,Hayer Engineering Pte Ltd
E0000005772,HTXHTX1,SFTP,HTX (HTX01)
E0000005773,COLLINSAEROSPACE,SFTP,Collins Aerospace
E0000005774,FULLERTONHEALTHCAREGROUPPTE,SFTP,Fullerton Healthcare Group Pte
E0000005775,NHGDIAGNOSTICS,SFTP,NHG Diagnostics
E0000005776,CARECORNERSPORELTDCIRCLE,SFTP,Care Corner S'pore Ltd (Circle
E0000005777,SKILLSFUTURESINGAPORESSG23,SFTP,SkillsFuture Singapore (SSG23)
E0000005778,UWCSEADOVERCAMPUS,SCHL,UWCSEA (Dover Campus)
E0000005779,EMBRYRIDDLEAERONAUTICALUNI,SCHL,EMBRY-RIDDLE AERONAUTICAL UNI
E0000005780,AIXMARSEILLEUNIVERSITY,SCHL,Aix-Marseille University
E0000005781,MINISTRYOFHIGHEREDUCATION,SFTP,Ministry of Higher Education
E0000005782,BECTONDICKINSONHOLDINGSPTE,SFTP,Becton Dickinson Holdings Pte.
E0000005783,TEMASEKPOLYTP4,SCHL,Temasek Poly-TP400
E0000005784,INSTOFHIGHPERFORMANCECOMP,SFTP,Inst of High Performance Comp
E0000005785,UNIVERSITYOFSZCZECIN,SCHL,University of Szczecin
E0000005786,TECHIECONSULTANCY,OTHR,Techie Consultancy
E0000005787,EDXMASSIVEOPENONLINECOURSE,OTHR,edX Massive Open Online Course
E0000005788,TEMASEKPOLYTECHNICTP26,SFTP,Temasek Polytechnic TP026
E0000005789,SINGAPORECANCERSOCIETY,OTHR,Singapore Cancer Society
E0000005790,BRIGHTVISIONHOSPITAL,OTHR,Bright Vision Hospital
E0000005791,SINGAPOREINDIANDEVELOPMENTA,OTHR,Singapore Indian Development A
E0000005792,CIVILSERVICECOLLEGECSC,SFTP,Civil Service College (CSC)
E0000005793,ALCONSPOREMANUFACTURINGPL,SFTP,Alcon Spore Manufacturing P L
E0000005794,PACIFICREFRESHMENTSPL,SFTP,Pacific Refreshments P L
E0000005795,HIROMOTORSPTELTD,SFTP,HIRO MOTORS PTE LTD
E0000005796,ASSOCOFSPOREMARINEIND,SFTP,Assoc of Spore Marine Ind
E0000005797,SHAHIDBAHONARUNIOFKERMAN,SCHL,Shahid Bahonar Uni of Kerman
E0000005798,UNIVERSITYOFJINAN,SCHL,University of Jinan
E0000005799,UNIVERSIDADLATINOAMERICANA,SCHL,Universidad Latinoamericana
E0000005800,HUAIYININSTITUTEOFTECH,SCHL,Huaiyin Institute of Tech
E0000005801,DSTADST1,SFTP,DSTA (DST01)
E0000005802,HENGFOHTONGMEDICALHALL,SFTP,Heng Foh Tong Medical Hall
E0000005803,CHINAINSTOFWATERRSRCHYD,SCHL,China Inst of Water Rsrc & Hyd
E0000005804,DEFINSTITUTEOFADVTECH,SCHL,Def Institute of Adv Tech
E0000005805,AGENCYFORSCITECHRESEARCH,OTHR,"Agency for Sci,Tech & Research"
E0000005806,VOLGOGRADSTATETECHNICALUNIV,SCHL,Volgograd State Technical Univ
E0000005807,CHNAERODYNAMICSRESDEVCEN,SCHL,Chn Aerodynamics Res & Dev Cen
E0000005808,CHARTRDALTINVANLSTASSOC,SCHL,Chartrd Alt Inv Anlst Assoc
E0000005809,SECURITIESANALYASSOCOFJPN,SCHL,Securities Analy Assoc of Jpn
E0000005810,ORALROBERTSUNIVERSITY,SCHL,Oral Roberts University
E0000005811,SPJAINCENTEROFMANAGEMENT,SCHL,SPJAIN CENTER OF MANAGEMENT
E0000005812,THESMICPRIVATESCHOOL,SCHL,The SMIC Private School
E0000005813,AHMADIBRAHIMSECONDARYSCHOOL,SFTP,Ahmad Ibrahim Secondary School
E0000005814,RYSENSELTD,SFTP,RySense Ltd
E0000005815,WOODLANDSSECONDARYSCHOOL,SFTP,Woodlands Secondary School
E0000005816,UNITYSECONDARYSCHOOL,SFTP,Unity Secondary School
E0000005817,INTLINSTOFBIZANALYSIS,SCHL,Intl Inst of Biz Analysis
E0000005818,INSTOFMGMTCONSULTING,SCHL,Inst of Mgmt Consulting
E0000005819,NTUCLEARNINGHUB,SCHL,NTUC LearningHub
E0000005820,GENERALASSEMBLY,SCHL,General Assembly
E0000005821,RACEACADEMY,SCHL,Race Academy
E0000005822,QUANTICSCHOFBIZANDTECH,SCHL,Quantic Sch of Biz and Tech
E0000005823,THEROYALCOLLEGEOFRADIOLOGI,SCHL,The Royal College of Radiologi
E0000005824,SEABSEB1,SFTP,SEAB (SEB01)
E0000005825,SREENARAYANAMISSIONSG,SFTP,Sree Narayana Mission (SG)
E0000005826,MERIDIANSECONDARYSCHOOL,SFTP,Meridian Secondary School
E0000005827,KAMPONGKAPORCOMMUNITYSERVIC,SFTP,Kampong Kapor Community Servic
E0000005828,CWSERVICESSPTELTD,SFTP,C&W Services (S) Pte Ltd
E0000005829,NANYANGPOLYTECHNICNYP7,SFTP,Nanyang Polytechnic (NYP07)
E0000005830,ITEITE56,SFTP,ITE (ITE56)
E0000005831,ITEITE23,SFTP,ITE (ITE23)
E0000005832,TRITECHCONSULTANTSPTELTD,SFTP,Tritech Consultants Pte Ltd
E0000005833,INSTITUTOTECNOLOGICODEAERON,SCHL,Instituto Tecnologico de Aeron
E0000005834,ISRAELX,SCHL,IsraelX
E0000005835,IMFXINTERNATIONALMONETARYF,SCHL,IMFx: International Monetary F
E0000005836,WBGXWORLDBANKGROUP,SCHL,WBGx: World Bank Group
E0000005837,ACHARYANGRANGAAGRICULTURA,SCHL,Acharya N.G. Ranga Agricultura
E0000005838,SINGAPOREBUDDHISTLODGEWELFA,SFTP,Singapore Buddhist Lodge Welfa
E0000005839,SINGAPOREBRAINDEVELOPMENT,SFTP,SINGAPORE BRAIN DEVELOPMENT
E0000005840,SINGAPOREBRAINDEVELOPMENT,SFTP,SINGAPORE BRAIN DEVELOPMENT
E0000005841,INSTITUTPASTEUR,SCHL,Institut Pasteur
E0000005842,GOODNEWSCOMMUNITYSERVICES,SFTP,Good News Community Services
E0000005843,NATIONALINSTITUTEOFEARLYCD,SFTP,National Institute of Early CD
E0000005844,SINGAPOREBRAINDEVELOPMENT,SFTP,SINGAPORE BRAIN DEVELOPMENT
E0000005845,NEANEA24,SFTP,NEA (NEA24)
E0000005846,ALLKINSINGAPORELTD,SFTP,ALLKIN SINGAPORE LTD.
E0000005847,MARTESTENGINEERINGPTELTD,SFTP,Martest Engineering Pte Ltd
E0000005848,NEWHOPECOMMUNITYSERVICES,SFTP,New Hope Community Services
E0000005849,SKINRESEARCHINSTITUTEOFSIN,SCHL,Skin Research Institute of Sin
E0000005852,PERENNIALHOLDINGSPRIVATELIM,SFTP,Perennial Holdings Private Lim
E0000005853,SINGAPOREBUDDHISTWELFARESER,SFTP,Singapore Buddhist Welfare Ser
E0000005854,EASTERNVIRGINIAMEDICALSCH,SCHL,Eastern Virginia Medical Sch
E0000005855,OSAKAGASCOLTD,SFTP,Osaka Gas Co. Ltd
E0000005856,CENTRALPROVIDENTFUNDCPF26,SFTP,Central Provident Fund (CPF26)
E0000005857,KEPPELENTERPRISESERVICESPTE,SFTP,KEPPEL ENTERPRISE SERVICES PTE
E0000005858,KEPPELLANDSINGAPOREPTEL,SFTP,KEPPEL LAND (SINGAPORE) PTE. L
E0000005859,KEPPELLANDREALESTATESERVIC,SFTP,KEPPEL LAND REAL ESTATE SERVIC
E0000005860,MSIGINSURANCESINGAPOREPTE,SFTP,MSIG INSURANCE (SINGAPORE) PTE
E0000005861,OFFSHORETECHNOLOGYDEVELOPMEN,SFTP,OFFSHORE TECHNOLOGY DEVELOPMEN
E0000005862,STENGINEERINGESERVICESPTE,SFTP,ST Engineering e-Services Pte.
E0000005863,CARECORNERSENIORSSERVICES,SFTP,Care Corner Seniors Services
E0000005864,NCSPTELTD,SFTP,NCS PTE LTD
E0000005865,SINGAPORELABOURFOUNDATION,SFTP,Singapore Labour Foundation
E0000005866,COMFORTDELGROCORPORATIONLIMI,SFTP,COMFORTDELGRO CORPORATION LIMI
E0000005867,KEPPELWATERSERVICESPTELTD,SFTP,Keppel Water Services Pte Ltd
E0000005868,BJHARVESTSERVICESPTELTD,SFTP,BJ HARVEST SERVICES PTE LTD
E0000005869,CENTRALPROVIDENTFUNDCPF82,SFTP,Central Provident Fund (CPF82)
E0000005870,JURONGCOMMUNITYHOSPITAL,SFTP,Jurong Community Hospital
E0000005871,MYDOCPRIVATELIMITED,SFTP,MYDOC PRIVATE LIMITED
E0000005872,MONTFORTCARE,SFTP,Montfort Care
E0000005873,MINDEFMODES,SFTP,MINDEF (MODES)
E0000005874,RAINBOWCENTRESINGAPORE,SFTP,"Rainbow Centre, Singapore"
E0000005875,ZHENGHUASECONDARYSCHOOL,SFTP,Zhenghua Secondary School
E0000005876,SPOREEYERESEARCHINST,SFTP,S'pore Eye Research Inst
E0000005877,BSMSCIENTIFICPTELTD,SFTP,BSM Scientific Pte. Ltd
E0000005878,CENTRALPROVIDENTFUNDCPF64,SFTP,Central Provident Fund (CPF64)
E0000005879,GOVTECHGVT1,SFTP,GovTech (GVT10)
E0000005880,ITEITE21,SFTP,ITE (ITE21)
E0000005881,MAPLETREEINVESTMENTSPTELTD,SFTP,Mapletree Investments Pte Ltd
E0000005882,PETROCHEMICALCORPORATIONOFS,SFTP,Petrochemical Corporation of S
E0000005883,BIRKBECKUNIVERSITYOFLONDON,SCHL,"Birkbeck, University of London"
E0000005884,TOKYOGAKUGEIUNIVERSITY,SCHL,Tokyo Gakugei University
E0000005885,KOREAINSTITUTEOFADVSTUDY,SCHL,Korea Institute of Adv Study
E0000005886,SEATTLECENTRALCOLLEGE,SCHL,Seattle Central College
E0000005887,MINISTRYOFEDUCATIONMOE17,SFTP,Ministry of Education (MOE17)
E0000005888,CIMBBANKBERHAD,SFTP,CIMB Bank Berhad
E0000005889,CONSEJOSUPERIORDEINVESTIGAC,SCHL,Consejo Superior de Investigac
E0000005890,HALCOMPLETIONSMFGPTELTD,SFTP,HAL COMPLETIONS MFG PTE. LTD.
E0000005891,HALLIBURTONFAREASTPTELTD,SFTP,Halliburton Far East Pte Ltd
E0000005892,TALLINNUNIVERSITY,SCHL,Tallinn University
E0000005893,CENTRALPROVIDENTFUNDCPF37,SFTP,Central Provident Fund (CPF37)
E0000005894,SINGAPOREANGLICANCOMSVC,SFTP,Singapore Anglican Com Svc
E0000005895,CONVERGENTSYSTEMSSPTELTD,SFTP,Convergent Systems (S) Pte Ltd
E0000005896,ADVANTESTSINGAPOREPTELTD,SFTP,Advantest (Singapore) Pte Ltd
E0000005897,ASCENDASSERVICESPTELTD,SFTP,Ascendas Services Pte Ltd
E0000005898,PUNTONETSA,SFTP,PUNTONET SA
E0000005899,THEALCHEMISTBREWPTELTD,SFTP,The Alchemist Brew Pte Ltd
E0000005900,NGEEANNPOLYTECHNICNPO5,SFTP,Ngee Ann Polytechnic (NPO05)
E0000005901,SATACOMMHEALTH,SFTP,SATA CommHealth
E0000005902,LIONSHOMEFORTHEELDERS,SFTP,Lions Home for the Elders
E0000005903,JOSEPHLOPEZLLP,SFTP,Joseph Lopez LLP
E0000005904,SPONEPTELTD,SFTP,SP ONE Pte. Ltd.
E0000005905,HTAHTX1,SFTP,HTA (HTX01)
E0000005906,KEPPELPEOPLESERVICESPTELTD,SFTP,Keppel People Services Pte Ltd
E0000005907,NHGPOLYCLINICS,SFTP,NHG Polyclinics
E0000005908,ITOCHUCORPORATION,SFTP,ITOCHU Corporation
E0000005909,ALLSAINTSHOME,SFTP,All Saints Home
E0000005910,CAPITALANDBUSINESSSVCPL,SFTP,CapitaLand Business SVC P L
E0000005911,STENGINEERINGSYNTHESISPL,SFTP,ST Engineering Synthesis P L
E0000005912,COLLYERLAWLLC,SFTP,Collyer Law LLC
E0000005913,MINISTRYOFEDUCATIONMOE3,SFTP,Ministry of Education (MOE03)
E0000005914,SIONGCONSTRUCTIONENGRGPL,SFTP,Siong Construction & Engrg PL
E0000005915,CARMINETHERAPEUTICSPTELTD,SFTP,Carmine Therapeutics Pte Ltd
E0000005916,DOYENSYSTEMSPVTLTD,SFTP,Doyen Systems Pvt Ltd
E0000005917,YMGROUPENGINEERINGPTELTD,SFTP,YM Group Engineering Pte Ltd
E0000005918,BUILDINGCONSTRUCTIONAUTH,SFTP,Building & Construction Auth
E0000005919,NINJALOGISTICSPTELTD,SFTP,Ninja Logistics Pte Ltd
E0000005920,XISHANPRIMARYSCHOOL,SFTP,Xishan Primary School
E0000005921,MENICONSINGAPOREPTELTD,SFTP,Menicon Singapore Pte Ltd
E0000005922,SMITSINGAPOREPTELTD,SFTP,SMIT SINGAPORE PTE LTD
E0000005923,SDARCHITECTSASSOCIATESPTE,SFTP,SD ARCHITECTS & ASSOCIATES PTE
E0000005924,MHEDEMAGSPTELTD,SFTP,MHE-Demag (S) Pte Ltd
E0000005925,EPSONSINGAPOREPTDLTD,SFTP,Epson Singapore Ptd Ltd
E0000005926,UNIVERSITYOFALMERIA,SCHL,University of Almeria
E0000005927,STELLACHEMIFASINGAPORE,SFTP,Stella Chemifa Singapore
E0000005928,ABBOTTMANUFACTURINGSINGAPORE,SFTP,Abbott Manufacturing Singapore
E0000005929,SEAMEOREGIONALENGLANGCTR,SFTP,Seameo Regional Eng Lang Ctr
E0000005930,FACULDADEDEINFORMATICAEADM,SCHL,Faculdade de Informatica e Adm
E0000005931,CAPITALMEDICALUNIVERSITY,SCHL,Capital Medical University
E0000005932,UNIOFNCAROLINAGREENSBORO,SCHL,"Uni of N Carolina, Greensboro"
E0000005933,NATIONALANDKAPODISTRIANUNIV,SCHL,National and Kapodistrian Univ
E0000005934,JINZHONGUNIVERSITY,SCHL,Jinzhong University
E0000005935,F,SCHL,f
E0000005936,STENGINEERINGESERVICESPTE,SFTP,ST Engineering e-Services Pte
E0000005937,NEOASIASPTELTD,SFTP,Neoasia (S) Pte Ltd
E0000005938,SINGAPORESYMPHONYCOMPANY,SFTP,Singapore Symphony Company
E0000005939,VELOXDIGITALSINGAPOREPTE,SFTP,Velox Digital Singapore Pte
E0000005940,NUSHIGHSCHOOLOFMATHEMATICS,SFTP,NUS High School of Mathematics
E0000005941,COMMODITIESINTELLIGENCECTR,SFTP,Commodities Intelligence Ctr
E0000005942,SRAJARATNAMSCHOOLOFINTLS,SCHL,S. Rajaratnam School of Intl S
E0000005943,CERTISCISCOAVIATIONSECURITY,SFTP,Certis Cisco Aviation Security
E0000005944,CERTISCISCOSECURITYPTELTD,SFTP,Certis Cisco Security Pte Ltd
E0000005945,UNIVERSIDADPRIVADABOLIVIANA,SCHL,Universidad Privada Boliviana
E0000005946,EMLYONBUSINESSSCHOOL,SCHL,Emlyon Business School
E0000005947,EUROPEANUNIVERSITYVIADRINAF,SCHL,European University Viadrina F
E0000005948,BANKOFSINGAPORELIMITED,SFTP,Bank of Singapore Limited
E0000005949,JTCCORPORATIONJTC37,SFTP,JTC Corporation (JTC37)
E0000005950,STANDARDCHARTEREDBANK,SFTP,Standard Chartered Bank
E0000005951,STENGINEERINGLANDMROSERV,SFTP,ST Engineering Land MRO & Serv
E0000005952,SUMITOMOMITSUIBANKINGCORPOR,SFTP,Sumitomo Mitsui Banking Corpor
E0000005953,SCHOOLOFSCIENCEANDTECHNOLO,SFTP,SCHOOL OF SCIENCE AND TECHNOLO
E0000005954,CANBERRAPRIMARYSCHOOL,SFTP,Canberra Primary School
E0000005955,KLEACADEMYOFHIGHEREDNRS,SCHL,KLE Academy of Higher Edn & Rs
E0000005956,SHANDONGUNIVOFARTDESIGN,SCHL,Shandong Univ of Art & Design
E0000005957,HOUSINGANDDEVTBOARDHDB62,SFTP,Housing and Devt Board (HDB62)
E0000005959,NGEEANNPOLYTECHNICNPO2,SFTP,Ngee Ann Polytechnic (NPO29)
E0000005960,ILETPTELTD,SFTP,iLet Pte Ltd
E0000005961,HOCKAIKTRADINGPTELTD,SFTP,Hock Aik Trading Pte Ltd
E0000005962,PATHLIGHTSCHOOL,SFTP,Pathlight School
E0000005963,LINGKWANGHOMEFORSRCITIZEN,SFTP,Ling Kwang Home for Sr Citizen
E0000005964,AZABUUNIVERSITY,SCHL,AZABU UNIVERSITY
E0000005965,FEDERALRESBANKOFCHICAGO,SCHL,Federal Res Bank of Chicago
E0000005966,VANCOUVERISLANDUNIVERSITY,SCHL,Vancouver Island University
E0000005967,GENNALENGINEERINGPTELTD,SFTP,Gennal Engineering Pte Ltd
E0000005968,AEVICEHEALTHPTELTD,SFTP,AEVICE HEALTH PTE. LTD
E0000005969,TSAOFOUNDATION,SFTP,Tsao Foundation
E0000005970,SCUOLAINTERNAZIONALESUPERIOR,SCHL,Scuola Internazionale Superior
E0000005971,CYBERSECURITYAGENCY,SFTP,Cyber Security Agency
E0000005972,MEDSTECHNOLOGIESPL,SFTP,MEDs Technologies PL
E0000005973,AVIENTPROTECTIVEMATERIALSAP,SFTP,Avient Protective Materials AP
E0000005974,EAGLESERVICESASIAPTELTD,SFTP,Eagle Services Asia Pte Ltd
E0000005975,FOODFARM116PTELTD,SFTP,Food Farm 116 Pte Ltd
E0000005976,NOELGIFTSINTERNATIONALLTD,SFTP,NOEL GIFTS INTERNATIONAL LTD
E0000005977,ITEITE58,SFTP,ITE (ITE58)
E0000005978,ITEITE61,SFTP,ITE (ITE61)
E0000005979,NEXUSMANAGEMENTSERVICESPTE,SFTP,Nexus Management Services Pte
E0000005980,CGSCIMBSECURITIESSINGAPORE,SFTP,CGS-CIMB Securities (Singapore
E0000005981,HUNANINTECONOMICSUNI,SCHL,Hunan Int Economics Uni
E0000005982,CYCLECARRIAGEFRANCEPTEL,SFTP,CYCLE & CARRIAGE FRANCE PTE. L
E0000005983,OHLONECOLLEGE,SCHL,Ohlone College
E0000005984,MASMAS24,SFTP,MAS (MAS24)
E0000005985,HANHAILANGUAGESTUDIO,SCHL,Han Hai Language Studio
E0000005986,MINDEFMODES,SFTP,MINDEF (MODES)
E0000005987,BROTHERINTERNATIONALSINGAPOR,SFTP,Brother International Singapor
E0000005988,SOITECMICROELECTRONICSSGPTELTD,SFTP,SoitecMicroelectronicsSGPteLtd
E0000005989,SCOTCHCOLLEGE,SCHL,Scotch College
E0000005990,MACAOPOLYTECHNICINSTITUTE,SCHL,Macao Polytechnic Institute
E0000005991,UNIVERSITYOFSTLASALLE,SCHL,University of St. La Salle
E0000005992,MINDEFMODES,SFTP,MINDEF (MODES)
E0000005993,DNATASINGAPOREPTELTD,SFTP,DNATA SINGAPORE PTE. LTD
E0000005994,SINGTELSINGAPOREPTELTD,SFTP,SINGTEL SINGAPORE PTE. LTD
E0000005995,BONTSINTERNATIONALCLOWNSCH,SCHL,Bont's International Clown Sch
E0000005996,EPOKAUNIVERSITY,SCHL,Epoka University
E0000005997,MINISTRYOFEDUCATIONMOE18,SFTP,Ministry of Education (MOE18)
E0000005998,MERCKPTELTD,SFTP,Merck Pte. Ltd
E0000005999,AMENARINIASIAPACIFICHDGPL,SFTP,A. Menarini AsiaPacific Hdg PL
E0000006000,ALMACPHARMACEUTICALSERVICES,SFTP,Almac Pharmaceutical Services
E0000006001,THEGREATEASTERNLIFEASSURAN,SFTP,The Great Eastern Life Assuran
E0000006002,AMENARINIBIOMARKERSPL,SFTP,A. Menarini Biomarkers PL
E0000006003,GRUNDFOSSINGAPOREPTELTD,SFTP,Grundfos (Singapore) Pte Ltd
E0000006004,UNIVERSIDADDELDESARROLLO,SCHL,Universidad del Desarrollo
E0000006005,EQUALBASEDEVELOPMENTPTELTD,SFTP,Equalbase Development Pte Ltd
E0000006006,WEIZMANNINSTITUTEOFSCIENCE,SCHL,Weizmann Institute of Science
E0000006007,KEPPELDATACENTRESHOLDINGPT,SFTP,Keppel Data Centres Holding Pt
E0000006008,FASHIONINSTITUTEOFTECH,SCHL,Fashion Institute of Tech
E0000006009,STNORBERTCOLLEGE,SCHL,St. Norbert College
E0000006010,ECOLENATIONALEDELASTATISTI,SCHL,Ecole Nationale de la Statisti
E0000006011,THESOCIETYFORTHEADVOFAD,SCHL,The Society for the Adv of A D
E0000006012,TRANSCELESTIALTECHNOLOGIESPT,SFTP,Transcelestial Technologies Pt
E0000006013,STENGINEERINGADVANCEDMEPL,SFTP,ST Engineering Advanced MEPL
E0000006014,KULICKESOFFAPTELTD,SFTP,Kulicke & Soffa Pte Ltd
E0000006015,NATIONALYANGMINGCHIAOTUNG,SCHL,National Yang Ming Chiao Tung
E0000006016,RESONACHDSINGAPOREPTELTD,SFTP,RESONAC HD SINGAPORE PTE LTD
E0000006017,WOHHUPPRIVATELIMITED,SFTP,Woh Hup (Private) Limited
E0000006018,PGIMSINGAPOREPTELTD,SFTP,PGIM (Singapore) Pte Ltd
E0000006019,ACTEUSPTELTD,SFTP,ACTEUS PTE LTD
E0000006020,SINGAPOREBUSINESSFEDERATION,SFTP,Singapore Business Federation
E0000006021,CONVERSECOLLEGE,SCHL,Converse College
E0000006022,EARTHSHIPACADEMY,SCHL,Earthship Academy
E0000006023,SCHAEFFLERAEROSPAESINGAPORE,SFTP,SCHAEFFLER AEROSPAE SINGAPORE
E0000006024,EDGEFIELDPRIMARYSCHOOL,SFTP,Edgefield Primary School
E0000006025,UNIVERSITASNEGERIJAKARTA,SCHL,Universitas Negeri Jakarta
E0000006026,SEKOLAHTINGGIILMUEKONOMIY,SCHL,Sekolah Tinggi Ilmu Ekonomi Y.
E0000006027,OXFORDUNIVERSITYCLINICALRES,SCHL,Oxford University Clinical Res
E0000006028,HOUSINGANDDEVTBOARDHDB67,SFTP,Housing and Devt Board (HDB67)
E0000006029,HOUSINGANDDEVTBOARDHDB6,SFTP,Housing and Devt Board (HDB69)
E0000006030,HOUSINGANDDEVTBOARDHDB7,SFTP,Housing and Devt Board (HDB70)
E0000006031,HOUSINGANDDEVTBOARDHDB68,SFTP,Housing and Devt Board (HDB68)
E0000006032,AICHIBUNKYOUNIVERSITY,SCHL,Aichi Bunkyo University
E0000006033,AIRUNIVERSITY,SCHL,Air University
E0000006034,ANQINGNORMALUNIVERSITY,SCHL,Anqing Normal University
E0000006035,ASIANUNIVERSITYOFSCIENCEAN,SCHL,Asian University of Science an
E0000006036,BENDELSTATEUNIVERSITY,SCHL,Bendel State University
E0000006037,BIRLAINSTITUTEOFMANAGEMENT,SCHL,Birla Institute of Management
E0000006038,BOBJONESUNIVERSITY,SCHL,Bob Jones University
E0000006039,CIVILSERVICEACADEMY,SCHL,Civil Service Academy
E0000006040,DAYSTARUNIVERSITY,SCHL,Daystar University
E0000006041,DRYSPARMARUNIVERSITYOFHO,SCHL,Dr Y.S Parmar University of Ho
E0000006042,FATIHUNIVERSITY,SCHL,Fatih University
E0000006043,FATONIUNIVERSITY,SCHL,Fatoni University
E0000006044,GOMALUNIVERSITY,SCHL,Gomal University
E0000006045,GRADUATESCHOOLOFADMINISTRAT,SCHL,Graduate School of Administrat
E0000006046,HWACHONGINSTITUTION,SCHL,Hwa Chong Institution
E0000006047,IUBHUNIVERSITYOFAPPLIEDSCI,SCHL,IUBH University of Applied Sci
E0000006048,INDIANINSTITUTEOFFORESTMAN,SCHL,Indian Institute of Forest Man
E0000006049,INDIRAGANDHIINSTITUTEOFDEV,SCHL,Indira Gandhi Institute of Dev
E0000006050,ITHACACOLLEGE,SCHL,Ithaca College
E0000006051,JUBAILINDUSTRIALCOLLEGE,SCHL,Jubail Industrial College
E0000006052,KENYONCOLLEGE,SCHL,Kenyon College
E0000006053,LEADCITYUNIVERSITY,SCHL,Lead City University
E0000006054,LINCOLNUNIVERSITYCOLLEGEMAL,SCHL,Lincoln University College-Mal
E0000006055,MEIKTILAUNIVERSITYOFECONOMI,SCHL,Meiktila University of Economi
E0000006056,MIDDLEEASTCOLLEGE,SCHL,Middle East College
E0000006057,MINSKSTATELINGUISTICUNIVERS,SCHL,Minsk State Linguistic Univers
E0000006058,MOUNTCARMELCOLLEGE,SCHL,Mount Carmel College
E0000006059,NATIONALCENTREFORADVOCACYS,SCHL,National Centre for Advocacy S
E0000006060,NATIONALINSTITUTEOFINDUSTRI,SCHL,National Institute of Industri
E0000006061,NATIONALINSTITUTEOFPERSONNE,SCHL,National Institute of Personne
E0000006062,NATIONALINSTITUTEOFRURALDE,SCHL,National Institute of Rural De
E0000006063,OCCIDENTALMINDOROSTATECOLLE,SCHL,Occidental Mindoro State Colle
E0000006064,OSUNSTATEUNIVERSITY,SCHL,Osun State University
E0000006065,PARAMADINAUNIVERSITY,SCHL,Paramadina University
E0000006066,PHILIPPINESCHOOLOFBUSINESS,SCHL,Philippine School of Business
E0000006067,ROYALACADEMYOFCAMBODIA,SCHL,Royal Academy of Cambodia
E0000006068,ROYALMILITARYCOLLEGEOFCANA,SCHL,Royal Military College of Cana
E0000006069,SIMADUNIVERSITY,SCHL,SIMAD University
E0000006070,SCHOOLOFTHEARTINSTITUTEOF,SCHL,School of the Art Institute of
E0000006071,SEKOLAHTINGGIILMUEKONOMIIN,SCHL,Sekolah Tinggi Ilmu Ekonomi In
E0000006072,SHANGQIUNORMALUNIVERSITY,SCHL,Shangqiu Normal University
E0000006073,SPIRITANUNIVERSITYCOLLEGE,SCHL,Spiritan University College
E0000006074,SRISRIRAVISHANKARVIDYAMAND,SCHL,Sri Sri Ravishankar Vidya Mand
E0000006075,STMARYSUNIVERSITY,SCHL,St. Mary's University
E0000006076,SYMBIOSISCENTREFORDISTANCE,SCHL,Symbiosis Centre for Distance
E0000006077,SYMBIOSISINSTITUTEOFCOMPUTE,SCHL,Symbiosis Institute of Compute
E0000006078,TAKSHASHILAINSTITUTION,SCHL,Takshashila Institution
E0000006079,THEVEDICASCHOLARSPROGRAMME,SCHL,The Vedica Scholars Programme
E0000006080,UNIVERSIDADRUIZDEMONTOYA,SCHL,Universidad Ruiz de Montoya
E0000006081,UNIVERSITYCENTEROFBRASILIA,SCHL,University Center of Brasilia
E0000006082,UNIVERSITYCOLLEGESOUTHDENMA,SCHL,University College South Denma
E0000006083,UNIVERSITYOFMATARAM,SCHL,University of Mataram
E0000006084,UNIVERSITYOFNORTHERNPHILIPP,SCHL,University of Northern Philipp
E0000006085,UNIVERSITYOFPUBLICHEALTHYA,SCHL,University of Public Health Ya
E0000006086,UNIVERSITYOFSOUTHWALES,SCHL,University of South Wales
E0000006087,VYTAUTASMAGNUSUNIVERSITY,SCHL,Vytautas Magnus university
E0000006088,WILDLIFEINSTITUTEOFINDIA,SCHL,Wildlife institute of India
E0000006089,WORLDTRADEINSTITUTEMUMBAI,SCHL,World Trade Institute Mumbai
E0000006090,XAVIERINSTITUTEOFSOCIALSER,SCHL,Xavier Institute of Social Ser
E0000006091,XIANFANYIUNIVERSITY,SCHL,Xi'an Fanyi University
E0000006092,XIAMENUNIVERSITYMALAYSIA,SCHL,Xiamen University Malaysia
E0000006093,INDIANINSTITUTEOFMANAGEMENT,SCHL,Indian Institute of Management
E0000006094,CENTRECOLLEGE,SCHL,Centre College
E0000006095,SEPHORADIGITALSEAPTELTD,SFTP,Sephora Digital SEA Pte Ltd
E0000006096,UNIVERSITYOFNEUCHATEL,SCHL,University of Neuchatel
E0000006097,NATIONALPOLYTECHNICINSTITUTE,SCHL,National Polytechnic Institute
E0000006098,JTCCORPORATIONJTC33,SFTP,JTC Corporation (JTC33)
E0000006099,JTCCORPORATIONJTC51,SFTP,JTC Corporation (JTC51)
E0000006100,HARPERADAMSUNIVERSITY,SCHL,Harper Adams University
E0000006101,LIVERPOOLSCHOOLOFTROPICALM,SCHL,Liverpool School of Tropical M
E0000006102,JTCCORPORATIONJTC26,SFTP,JTC Corporation (JTC26)
E0000006103,SILESIANUNIVERSITYOFTECHNOL,SCHL,Silesian University of Technol
E0000006104,STAIRPORTSERVICESPTELTD,SFTP,ST-AIRPORT SERVICES PTE LTD
E0000006105,ICNBUSINESSSCHOOLFRANCE,SCHL,"ICN Business School, France"
E0000006106,DALIANOCEANUNIVERSITY,SCHL,Dalian Ocean University
E0000006107,QILUUNIVERSITYOFTECHNOLOGY,SCHL,Qilu University of Technology
E0000006108,UNIOFMASSACHUSETTSBOSTON,SCHL,UNI OF MASSACHUSETTS BOSTON
E0000006109,BOSTONARCHITECTURALCOLLEGE,SCHL,Boston Architectural college
E0000006110,BUCKNELLUNIVERSITY,SCHL,Bucknell University
E0000006111,BOCCONIUNIVERSITY,SCHL,Bocconi University
E0000006112,PITZERCOLLEGE,SCHL,Pitzer College
E0000006113,SHEIKHBAHAEEUNIVERSITY,SCHL,Sheikhbahaee University
E0000006114,MINISTRYOFHEALTHMOH3,SFTP,Ministry of Health (MOH03)
E0000006115,MARITIMEANDPORTMPA1,SFTP,Maritime and Port (MPA10)
E0000006116,HOCHSCHULENORDHAUSENUAS,SCHL,Hochschule Nordhausen - UAS
E0000006117,TEMACONSTRUCTIONPTELTD,SFTP,Tema Construction Pte. Ltd.
E0000006118,TECHNICALUNIVERSITYOFAS,SCHL,Technical University of AS
E0000006119,CONCORDIAUNIVERSITYCHICAGO,SCHL,"Concordia University, Chicago"
E0000006120,THEUFOTRAVELERPTELTD,SFTP,The UFO Traveler Pte. Ltd.
E0000006121,UNIVERSITYOFNATIONALDEVELOP,SCHL,University of National Develop
E0000006122,HUNANUNIVERSITYOFCHINESEME,SCHL,Hunan University of Chinese Me
E0000006123,NAVELMEDICALUNIVERSITY,SCHL,Navel Medical University
E0000006124,HASANUDDINUNIVERSITY,SCHL,Hasanuddin University
E0000006125,SARDARKRUSHINGARDANTIWADAAGR,SCHL,Sardarkrushingar Dantiwada Agr
E0000006126,ASTONUNIVERSITY,SCHL,Aston University
E0000006127,NUSAPCTEST2,SFTP,NUS APC Test 2
E0000006128,NUSAPCTEST3,SFTP,NUS APC Test 3
E0000006129,CHUNGHUAUNIVERSITY,SCHL,Chung Hua University
E0000006130,INSTITUTEKSEKUTIF,SCHL,INSTITUT EKSEKUTIF
E0000006131,THIAGARAJARPOLYTECHCOLLEGE,SCHL,Thiagarajar polytech College
E0000006132,VEERMATAJIJABAITECHINST,SCHL,Veermata Jijabai Tech Inst
E0000006133,JURONGMEDICALCENTRE,SFTP,Jurong Medical Centre
E0000006134,UNIVERSIDADNACIONALDEA,SCHL,Universidad Nacional de A
E0000006135,NAGOYACITYUNIVERSITY,SCHL,Nagoya City University
E0000006136,OTISCOLLEGEOFARTDESIGN,SCHL,Otis College of Art & Design
E0000006137,WUCHANGINSTITUDEOFTECH,SCHL,Wuchang institude of tech
E0000006138,HUNANCITYUNIVERSITY,SCHL,Hunan City University
E0000006139,UNIOFAGCANDEGNZHONGKAI,SCHL,"Uni of Agc and Egn, ZhongKai"
E0000006140,CIVILAVIATIONFLIGHTUOC,SCHL,Civil Aviation Flight UOC
E0000006141,CHENGDUUNIVERSITY,SCHL,Chengdu University
E0000006142,UNIOFAPPSCIINGOLSTADT,SCHL,Uni of App ScI Ingolstadt
E0000006143,HKINSTITUTIONOFENGINEERS,SCHL,HK Institution of Engineers
E0000006144,NATIONALINSTOFTECHRAIPUR,SCHL,"National Inst of Tech, Raipur"
E0000006145,ADHIPARASAKTHIEGNCOLLEGE,SCHL,Adhiparasakthi EGN College
E0000006146,HIMACHALPRADESHTECHNICALUNI,SCHL,Himachal Pradesh Technical Uni
E0000006147,SCTEVTORISSA,SCHL,"SCTE & VT, Orissa"
E0000006148,GYPCOLLEGEOFENGINEERING,SCHL,GYP College of Engineering
E0000006149,SEGIUNIVERSITY,SCHL,SEGi University
E0000006150,NOTREDAMEOFMARBELUNI,SCHL,Notre Dame of Marbel Uni
E0000006151,EMERITUS,SCHL,Emeritus
E0000006152,SOUTHEASTERNUNIOFSRILANKA,SCHL,South Eastern Uni of Sri Lanka
E0000006153,SOUTHERNUTAHUNIVERSITY,SCHL,Southern Utah University
E0000006154,SEAS,SCHL,SEAS
E0000006155,APJABDULKALAMTECHUNI,SCHL,APJ Abdul Kalam Tech Uni
E0000006156,UNIFORTHECREATIVEARTS,SCHL,Uni for the Creative Arts
E0000006157,TIANGONGUNIVERSITY,SCHL,Tiangong University
E0000006158,UNIVERSITYOFAVIATIONTECH,SCHL,University of Aviation Tech
E0000006160,SEMBCORPMARINEREPAIRSUPGR,SFTP,Sembcorp Marine Repairs & Upgr
E0000006161,SINGAPOREPOLYTECHNICSPO28,SFTP,Singapore Polytechnic (SPO28)
E0000006162,MSDSINGAPOREITHUB,SFTP,MSD Singapore IT hub
E0000006163,PICOARTINTERNATIONALPTELTD,SFTP,Pico Art International Pte Ltd
E0000006164,WORKFORCESINGAPOREWSG13,SFTP,Workforce Singapore (WSG13)
E0000006165,KEPPELLANDINTERNATIONALMAN,SFTP,KEPPEL LAND INTERNATIONAL (MAN
E0000006166,CYBERQUOTEPTELTD,SFTP,Cyberquote Pte Ltd
E0000006167,PHILLIPCAPITALMANAGEMENTS,SFTP,Phillip Capital Management (S)
E0000006168,PHILLIPFUTURESPTELTD,SFTP,Phillip Futures Pte Ltd
E0000006169,PHILLIPPRIVATEEQUITYPTELTD,SFTP,Phillip Private Equity Pte Ltd
E0000006170,PHILLIPSECURITIESPTELTD,SFTP,Phillip Securities Pte Ltd
E0000006171,PHILLIPSECURITIESRESEARCHPT,SFTP,Phillip Securities Research Pt
E0000006172,PENTAOCEANCONSTRUCTIONCO,SFTP,"PENTA-OCEAN CONSTRUCTION CO.,"
E0000006173,CHINAACADEMYOFTELECOMMTECH,SCHL,China Academy of Telecomm Tech
E0000006174,UNITEDOVERSEASBANKLIMITED,SFTP,UNITED OVERSEAS BANK LIMITED
E0000006175,NORTHMINZUUNIVERSITY,SCHL,North Minzu University
E0000006176,UNIOFAPPLIEDSCIGRISONS,SCHL,Uni of Applied Sci Grisons
E0000006177,MOSCOWSTATEUNIOFCIVILEGN,SCHL,Moscow State Uni of Civil Egn
E0000006178,ROYALACADEMYOFDRAMATICART,SCHL,Royal Academy of Dramatic Art
E0000006179,THENORTHCAPUNIVERSITY,SCHL,The NorthCap University
E0000006180,WORLDMARITIMEUNIVERSITY,SCHL,World Maritime University
E0000006181,SOONCHUNHYANGUNIVERSITY,SCHL,Soonchunhyang University
E0000006182,GUANGDONGUNIOFEDUCATION,SCHL,Guangdong Uni of Education
E0000006183,INDIANINSTOFTECHDHANBAD,SCHL,Indian Inst of Tech Dhanbad
E0000006184,ROYALCOLLEGEOFART,SCHL,Royal College of Art
E0000006185,CALIFORNIACOLLEGEOFTHEARTS,SCHL,California College of the Arts
E0000006186,XIANACADEMYOFFINEARTS,SCHL,Xi'an Academy of Fine Arts
E0000006187,NATIONALCHANGHUAUNIOFEDU,SCHL,National Changhua Uni of Edu
E0000006188,MACAOINSTFORTOURISMSTUDIES,SCHL,Macao Inst for Tourism Studies
E0000006190,ASIANBUSINESSLAWINSTITUTE,SFTP,Asian Business Law Institute
E0000006191,KEPPELLOGISTICSPTELTD,SFTP,Keppel Logistics Pte Ltd
E0000006192,KOHBROTHERSDEVELOPMENTPTEL,SFTP,KOH BROTHERS DEVELOPMENT PTE L
E0000006193,NATIONALARTSCOUNCILNAC2,SFTP,National Arts Council (NAC02)
E0000006194,UNIOFTECHNOLOGYBRUNEI,SCHL,Uni of Technology Brunei
E0000006195,HSBCBANKSINGAPORELIMITED,SFTP,HSBC BANK (SINGAPORE) LIMITED
E0000006196,HWASENGBUILDERPTELTD,SFTP,Hwa Seng Builder Pte Ltd
E0000006197,EXYTESINGAPOREPTELTD,SFTP,Exyte Singapore Pte Ltd
E0000006198,DRAEGERSINGAPOREPTELTD,SFTP,Draeger Singapore Pte Ltd
E0000006199,FORTHAYSSTATEUNIVERSITY,SCHL,Fort Hays State University
E0000006200,INSTSUPDEMECANIQUEDEPARIS,SCHL,Inst sup de mecanique de Paris
E0000006201,BOUDHINAHIGHSCHOOL,SCHL,Boudhina high school
E0000006202,NAGOYAINSTITUTEOFTECHNOLOGY,SCHL,Nagoya Institute of Technology
E0000006203,ECOLESPECIALEMILITAIRE,SCHL,Ecole Speciale Militaire
E0000006204,SAMWOHCORPORATIONPTELTD,SFTP,Samwoh Corporation Pte Ltd
E0000006205,SWIAPTELTD,SFTP,SWIA Pte Ltd
E0000006206,MEGASTONEHOLDINGSPTELTD,SFTP,Megastone Holdings Pte Ltd
E0000006207,CIPUTRAUNIVERSITY,SCHL,Ciputra University
E0000006208,UNIVERSITYOFBARIALDOMORO,SCHL,University of Bari Aldo Moro
E0000006209,MAHARASHTRANATIONALLAWUNI,SCHL,Maharashtra National Law Uni
E0000006210,UNIVERSITYDEFRANCHECOMTE,SCHL,University De Franche-Comte
E0000006211,ALIMAMMHDIBNSAUDISLAMUNI,SCHL,Al-Imam Mhd Ibn Saud Islam Uni
E0000006212,MINERVASCHOOLSATKGI,SCHL,Minerva Schools at KGI
E0000006213,PEOPLE’SASSOCIATIONPAS52,SFTP,People’s Association (PAS52)
E0000006214,LUTHERANCOMMUNITYCARE,SFTP,Lutheran Community Care
E0000006215,WORKFORCESINGAPOREWSG16,SFTP,Workforce Singapore (WSG16)
E0000006216,SGCENTREFORCHINLANG,SFTP,SG CENTRE FOR CHIN LANG
E0000006217,EDUQUESTINTERNATIONALINSTITU,SFTP,Eduquest International Institu
E0000006218,HARAREINSTITUTEOFTECHNOLOGY,SCHL,Harare Institute of Technology
E0000006219,GEOMORPHFIELDLAB,SCHL,Geomorph Field Lab
E0000006220,CORNERSTONEGLOBALPARTNERSPT,SFTP,Cornerstone Global Partners Pt
E0000006221,GREENSOLUTIONSPTELTD,SFTP,Green Solutions Pte Ltd
E0000006222,WEBMASTERCONSULTANCYPTELTD,SFTP,Web Master Consultancy Pte Ltd
E0000006223,SEAGIFTFOODPTELTD,SFTP,Seagift Food Pte Ltd
E0000006224,SUPERBEANINTERNATIONALPTEL,SFTP,Super Bean International Pte L
E0000006225,KKITPTELTD,SFTP,K&K IT Pte Ltd
E0000006226,PACIFICTRUSTHOLDINGSPTELTD,SFTP,Pacifictrust Holdings Pte Ltd
E0000006227,EMB3PTELTD,SFTP,EMB3 Pte Ltd
E0000006228,CABLESOURCEPTELTD,SFTP,Cable Source Pte Ltd
E0000006229,DALVEYBREEZEDEVELOPMENT,SFTP,Dalvey Breeze Development
E0000006230,J316PTELTD,SFTP,J316 Pte Ltd
E0000006231,REDEXPTELTD,SFTP,Redex Pte Ltd
E0000006232,ELECOMMARKETINGPTELTD,SFTP,Elecom Marketing Pte Ltd
E0000006233,MANFUTTONGWELFARESOCIETY,SFTP,Man Fut Tong Welfare Society
E0000006234,IMPUNITYESPORTSPTELTD,SFTP,Impunity Esports Pte Ltd
E0000006235,INTERINSTOFINFOTECH,SCHL,inter Inst of Info Tech
E0000006236,NEOPERFORMANCEMATERIALSSIN,SFTP,Neo Performance Materials (Sin
E0000006237,MNDMND1,SFTP,MND (MND01)
E0000006238,DVBBANKSESINGAPOREBRANCH,SFTP,DVB Bank SE Singapore Branch
E0000006239,THEHONGKONGANDSHANGHAIBANK,SFTP,THE HONGKONG AND SHANGHAI BANK
E0000006240,PWCONNECTPTELTD,SFTP,PW CONNECT PTE LTD
E0000006241,JIAXINGUNIVERSITY,SCHL,Jiaxing University
E0000006242,KANTARMANTLEPTELTD,SFTP,Kantar Mantle Pte Ltd
E0000006243,MERRILLLYNCHGLOBALSERVICES,SFTP,MERRILL LYNCH GLOBAL SERVICES
E0000006244,LVMHFRAGRANCESANDCOSMETICS,SFTP,LVMH FRAGRANCES AND COSMETICS
E0000006245,PSACORPORATIONLIMITED,SFTP,PSA Corporation Limited
E0000006246,SAINTPETERSBURGMININGUNIV,SCHL,Saint Petersburg Mining Univ
E0000006247,SHANGHAIBUSINESSSCHOOL,SCHL,Shanghai Business School
E0000006248,VALPARAISOUNIVERSITY,SCHL,Valparaiso University
E0000006249,LYCEEMARCELINBERTHELOT,SCHL,LYCEE MARCELIN BERTHELOT
E0000006250,BEIJINGINSTOFGRAPHICCOMM,SCHL,Beijing Inst of Graphic Comm
E0000006251,UNIVERSITYOFSANYA,SCHL,University of Sanya
E0000006252,YUNCHENGUNIVERSITY,SCHL,Yuncheng University
E0000006253,PSAINTERNATIONALPTELTD,SFTP,PSA International Pte Ltd
E0000006254,NEURALTECHNOLOGIESSPL,SFTP,Neural Technologies (S) PL
E0000006255,TASHKENTUNIOFINFOTECH,SCHL,Tashkent Uni of Info Tech
E0000006256,BUKHARASTATEUNIVERSITY,SCHL,Bukhara State University
E0000006257,FRESENIUSKABISINGAPOREPTE,SFTP,FRESENIUS KABI (SINGAPORE) PTE
E0000006258,SCHAFFHAUSENINSTITUTEOFTECH,SCHL,Schaffhausen Institute of Tech
E0000006259,ITEITE66,SFTP,ITE (ITE66)
E0000006260,ESSENTIALSPHARMACY,SFTP,Essentials Pharmacy
E0000006261,CENTRALPOLICEUNIVERSITY,SCHL,Central Police University
E0000006262,GUILINMEDICALUNIVERSITY,SCHL,Guilin Medical University
E0000006263,HSTMEDICALPTELTD,SFTP,HST Medical Pte Ltd
E0000006264,WINDSORAIRMOTIVEASIAPTELTD,SFTP,Windsor Airmotive Asia Pte Ltd
E0000006265,DELIASIASPTELTD,SFTP,DELI ASIA (S) PTE LTD
E0000006266,SWTSPTELTD,SFTP,SWTS Pte Ltd
E0000006267,NATLINSTOFAPPSCIANDTECH,SCHL,Natl Inst of App Sci and Tech
E0000006268,INSTDEGENETIQUEMOLECULAIRE,SCHL,Inst de Genetique Moleculaire
E0000006269,ILLUMINASINGAPOREPTELTD,SFTP,Illumina Singapore Pte Ltd
E0000006270,PACIFICLIGHTPOWERPTELTD,SFTP,PacificLight Power Pte Ltd
E0000006271,STENGINEERINGAEROSPACESYS,SFTP,ST Engineering Aerospace Sys
E0000006272,RGASERVICESSINGAPOREPTEL,SFTP,RGA Services (Singapore) Pte L
E0000006273,ABSOLUTEEDGE,SFTP,Absolute Edge
E0000006274,SINGAPOREANTINARCOTICSASSOC,SFTP,Singapore Anti-Narcotics Assoc
E0000006275,AMPSINGAPORE,SFTP,AMP Singapore
E0000006276,DRSHORNECHINPTELTD,SFTP,Drs Horne & Chin Pte Ltd
E0000006277,BETHESDACARESERVICES,SFTP,Bethesda Care Services
E0000006278,TRANSFAMILYSERVICES,SFTP,TRANS Family Services
E0000006279,SOCIETYOFSHENGHONGWELFARE,SFTP,Society of Sheng Hong Welfare
E0000006280,WECARECOMMUNITYSERVICESLTD,SFTP,WE CARE Community Services Ltd
E0000006281,INDIANINSTOFINFOTECHANDMG,SCHL,Indian Inst of InfoTech and Mg
E0000006282,BEATHCHAPMANPTELTD,SFTP,BeathChapman (Pte. Ltd.)
E0000006283,ARLANXEOSINGAPOREPTELTD,SFTP,Arlanxeo Singapore Pte Ltd
E0000006284,HARMONYFURNISHINGPTELTD,SFTP,Harmony Furnishing Pte Ltd
E0000006285,CATHOLICFAMILYLIFELTD,SFTP,Catholic Family Life Ltd
E0000006286,PARTICIPATEINDESIGNLIMITED,SFTP,Participate in Design Limited
E0000006287,CHINESEDEVELOPMENTASSISTANCE,SFTP,Chinese Development Assistance
E0000006288,FEIYUEFAMILYSERVICECENTRE,SFTP,Fei Yue Family Service Centre
E0000006289,BECTONDICKINSONMEDICALSP,SFTP,Becton Dickinson Medical (S) P
E0000006290,MINDS,SFTP,MINDS
E0000006291,LAKESIDEFAMILYSERVICES,SFTP,Lakeside Family Services
E0000006292,GRANDVENTURETECHLTD,SFTP,Grand Venture Tech Ltd
E0000006293,HGMETALMFGLTD,SFTP,HG Metal Mfg Ltd
E0000006294,MUTANTCOMMUNICATIONS,SFTP,Mutant Communications
E0000006295,TOWERTRANSITSINGAPOREPTELTD,SFTP,Tower Transit Singapore PteLtd
E0000006296,XUZHOUMEDICALUNIVERSITY,SCHL,Xuzhou Medical University
E0000006297,EASTPORTMARITIMEPTELTD,SFTP,Eastport Maritime Pte Ltd
E0000006298,HOUSINGANDDEVTBOARDHDB5,SFTP,Housing and Devt Board (HDB50)
E0000006299,TEENCHALLENGESINGAPORE,SFTP,Teen Challenge Singapore
E0000006300,MARYMOUNTCENTRE,SFTP,Marymount Centre
E0000006301,JUDICIARYSUPREMECOURT,SFTP,"Judiciary, Supreme Court"
E0000006302,SINGAPORECHILDREN’SSOCIETY,SFTP,Singapore Children’s Society
E0000006303,TOYOTAMOTORASIAPACIFICPTE,SFTP,Toyota Motor Asia Pacific Pte
E0000006304,SAMARITANSOFSINGAPORE,SFTP,Samaritans of Singapore
E0000006305,YUANBAOCONSTRUCTIONPTELTD,SFTP,YUAN BAO CONSTRUCTION PTE LTD
E0000006307,STENGINEERINGUNMANNEDINT,SFTP,ST Engineering Unmanned&Int
E0000006308,SPECIALNEEDSTRUSTCOMPANYLI,SFTP,Special Needs Trust Company Li
E0000006309,OJOYLIMITED,SFTP,O Joy Limited
E0000006310,SEMBAWANGFAMILYSERVICECENTR,SFTP,Sembawang Family Service Centr
E0000006311,WELCIABHGSINGAPOREPTELTD,SFTP,Welcia-BHG (Singapore) Pte Ltd
E0000006312,EPWORTHCOMMUNITYSERVICES,SFTP,EPWORTH COMMUNITY SERVICES
E0000006313,NATIONALINSTOFPHAREDURS,SCHL,National Inst of Phar Edu & Rs
E0000006314,NEWLIFECOMMUNITYSERVICES,SFTP,NEW LIFE COMMUNITY SERVICES
E0000006315,SHINECHILDRENANDYOUTHSVCS,SFTP,SHINE Children and Youth Svcs
E0000006316,HEBASHRAMHALFWAYHOUSE,SFTP,HEB-ASHRAM HALFWAY HOUSE
E0000006317,ANWPTELTD,SFTP,ANW PTE. LTD.
E0000006318,ZINNIAPACKAGINGSPTELTD,SFTP,Zinnia Packaging (S) Pte Ltd
E0000006319,ITEITE57,SFTP,ITE (ITE57)
E0000006320,LAKESIDEPRIMARYSCHOOL,SFTP,Lakeside Primary School
E0000006321,TANGIBLEPTELTD,SFTP,Tangible Pte. Ltd.
E0000006322,UNIVERSITYOFMEDICALTECH,SCHL,University of Medical Tech
E0000006323,SALISBURYUNIVERSITY,SCHL,Salisbury University
E0000006324,GOLDENSUNLANDSINGAPOREPTEL,SFTP,Golden Sunland Singapore Pte L
E0000006325,TRYBELIMITED,SFTP,TRYBE LIMITED
E0000006326,FAIRTECHPTELTD,SFTP,Fairtech Pte. Ltd.
E0000006327,MPBIOMEDICALSASIAPACPL,SFTP,MP Biomedicals Asia Pac PL
E0000006328,ASCENDOPTELTD,SFTP,Ascendo Pte Ltd
E0000006329,GENERATIONEXPERIENCEPTELTD,SFTP,Generation Experience Pte Ltd
E0000006330,GANKPTELTD,SFTP,Gank Pte Ltd
E0000006331,VERTICORPORATEPTELTD,SFTP,Verti Corporate Pte Ltd
E0000006332,COSBIZHOLDINGSPTELTD,SFTP,Cosbiz Holdings Pte. Ltd.
E0000006333,MATCHMOVEPAYPTELTD,SFTP,MatchMove Pay Pte Ltd
E0000006334,TDIINTERIORPTELTD,SFTP,TDI Interior Pte Ltd
E0000006335,JANAKUASAPTELTD,SFTP,Janakuasa Pte Ltd
E0000006336,BLINKTECHNOLOGIESPTELTD,SFTP,Blink Technologies Pte Ltd
E0000006337,SAVOIRASIACONSULTINGPTELTD,SFTP,Savoir Asia Consulting Pte Ltd
E0000006338,AXXELMARKETINGPTELTD,SFTP,Axxel Marketing Pte Ltd
E0000006339,OCEANDELIPTELTD,SFTP,Ocean Deli Pte Ltd
E0000006340,TOZIINTELLIGENCEINSIGHTPTE,SFTP,Tozi Intelligence Insight Pte
E0000006341,FOODCANOPYPTELTD,SFTP,Food Canopy Pte Ltd
E0000006342,GAMETIZEPTELTD,SFTP,Gametize Pte Ltd
E0000006343,FUTUREREADYACADEMYPTELTD,SFTP,Future Ready Academy Pte Ltd
E0000006344,FIRSTCOMSOLUTIONSPTELTD,SFTP,FirstCom Solutions Pte Ltd
E0000006345,SAMBAASHPTELTD,SFTP,Sambaash Pte Ltd
E0000006346,FSTMARKETINGCOMMUNICATIONSP,SFTP,FST MARKETING COMMUNICATIONS P
E0000006347,STENGINEERINGELECTRONICSLTD,SFTP,ST Engineering Electronics Ltd
E0000006348,ACROMECENGINEERSPTELTD,SFTP,ACROMEC Engineers Pte Ltd
E0000006349,SINGFUELSPTELTD,SFTP,Sing Fuels Pte Ltd
E0000006350,STRAITSREALESTATEMANAGEMEN,SFTP,Straits Real Estate (Managemen
E0000006351,JAMCOAERODESIGNANDENGINEER,SFTP,Jamco Aero Design and Engineer
E0000006352,COTEDAZURUNIVERSITY,SCHL,Cote d'Azur University
E0000006353,CHITTAGONGINDEPENDENTUNI,SCHL,Chittagong Independent Uni
E0000006354,FUTURISTICSTOREFIXTURESPL,SFTP,Futuristic Store Fixtures PL
E0000006355,ANGMOKIOTHYEHUAKWANHOS,SFTP,Ang Mo Kio - Thye Hua Kwan Hos
E0000006356,PWCCONSULTINGLLC,SFTP,PwC Consulting LLC
E0000006357,ACTIVISTEPTELTD,SFTP,Activiste Pte Ltd
E0000006358,NOWFORTOMORROWPTELTD,SFTP,NOW FOR TOMORROW PTE. LTD.
E0000006359,MANDATECOMMUNICATIONSSPTE,SFTP,Mandate Communications (S) Pte
E0000006360,FELLOW,SFTP,FELLOW
E0000006361,DEPARTMENTOFSTATISTICS,SFTP,Department of Statistics
E0000006362,WINOVAPTELTD,SFTP,Winova Pte Ltd
E0000006363,PRIMEEVOLUESINGAPOREPTELTD,SFTP,PRIME EVOLUE SINGAPORE PTE LTD
E0000006364,BRENNTAGASIAPACIFICPTELTD,SFTP,BRENNTAG ASIA PACIFIC PTE LTD
E0000006365,NABTESCOMARINEASIAPACPL,SFTP,Nabtesco Marine Asia Pac PL
E0000006366,ESCOMICROPTELTD,SFTP,Esco Micro Pte Ltd
E0000006367,MSDANIMALHEALTHINNOVATION,SFTP,MSD Animal Health Innovation
E0000006368,LUFTENVTECHNOLOGIESPTELTD,SFTP,Luft Env Technologies Pte Ltd
E0000006369,NESPRESSOSINGAPORE,SFTP,Nespresso Singapore
E0000006370,TRANSFORMHUBPTELTD,SFTP,TransformHub Pte Ltd
E0000006371,CELLIDPTELTD,SFTP,Cell ID Pte Ltd
E0000006372,SINGAPOREREDCROSSSOCIETY,SFTP,Singapore Red Cross Society
E0000006373,HITACHIASIALTD,SFTP,HITACHI ASIA LTD.
E0000006374,NICHOLLSSTATEUNIVERSITY,SCHL,Nicholls State University
E0000006375,INFOLOGPTELTD,SFTP,INFOLOG PTE. LTD.
E0000006376,RISEANDSHINEPTELTD,SFTP,Rise and Shine Pte. Ltd.
E0000006377,PAPERSPACEPTELTD,SFTP,Paperspace Pte Ltd
E0000006378,PAPERSPACECOWORKPTELTD,SFTP,Paperspace Co-Work Pte Ltd
E0000006379,SHELLEASTERNPETROLEUM,SFTP,SHELL EASTERN PETROLEUM
E0000006380,EUROFINSCENTRALLABORATORYPL,SFTP,EUROFINS CENTRAL LABORATORY PL
E0000006381,PHILIPMORRISINTERNATIONAL,SFTP,Philip Morris International
E0000006383,SOUTHCENTRALCOMMUNITYFAMILY,SFTP,South Central Community Family
E0000006384,NATIONALTRADESUNIONCONGRESS,SFTP,National Trades Union Congress
E0000006385,LUMCHANGBUILDINGCONTRACTORS,SFTP,Lum Chang Building Contractors
E0000006386,ASSOCIATIONOFWOMENFORACTIO,SFTP,Association of Women for Actio
E0000006387,SAITAMAUNIVERSITY,SCHL,Saitama University
E0000006388,KANEKASINGAPORECOPTELTD,SFTP,Kaneka Singapore Co (Pte) Ltd
E0000006389,FMGINTERNATIONALPTELTD,SFTP,FMG International Pte Ltd
E0000006390,KEPPELCAPITALINTERNATIONAL,SFTP,Keppel Capital International
E0000006391,KEPPELENERGYPTELTD,SFTP,Keppel Energy Pte Ltd
E0000006392,THEROYALCOLLEGEOFOPH,SCHL,The Royal College of Oph
E0000006393,HOMAGASIAPTELTD,SFTP,HOMAG Asia Pte Ltd
E0000006394,CENTRALPROVIDENTFUNDCPF81,SFTP,Central Provident Fund (CPF81)
E0000006395,CHILDREN’SAIDSOCIETY,SFTP,Children’s Aid Society
E0000006396,ACETEKCOLLEGEPTELTD,SFTP,ACETEK COLLEGE PTE. LTD.
E0000006397,SINGAPOREINNOVATEPTELTD,SFTP,Singapore Innovate Pte Ltd
E0000006398,CHUBBGLOBALRISKADVSIORSPTE,SFTP,Chubb Global Risk Advsiors Pte
E0000006399,MUSLIMMISSIONARYSOCIETYSING,SFTP,Muslim Missionary Society Sing
E0000006400,CENTREFOREVIDENCEANDIMPLEM,SFTP,Centre for Evidence and Implem
E0000006401,THEGIRLSBRIGADESINGAPORE,SFTP,The Girls' Brigade Singapore
E0000006402,MAKINOASIAPTELTD,SFTP,Makino Asia Pte Ltd
E0000006403,EQUINIXINC,SFTP,EQUINIX INC
E0000006404,SINGTECHEQUIPMENTS,SFTP,SING-TECH EQUIPMENTS
E0000006405,CONSULTANTSSERVICESPRIVATE,SFTP,CONSULTANTS SERVICES (PRIVATE)
E0000006406,VOPAKTERMINALSINGAPOREPTEL,SFTP,Vopak Terminal Singapore Pte L
E0000006407,THESALVATIONARMY,SFTP,The Salvation Army
E0000006408,FOUNDATIONOFROTARYCLUBSSG,SFTP,Foundation of Rotary Clubs SG
E0000006409,LIONSBEFRIENDERSSERVICESG,SFTP,Lions Befrienders Service SG
E0000006410,JACOBSINTLCONSULTANTSPTEL,SFTP,Jacobs Int'l Consultants Pte L
E0000006411,WONGFONGACADEMYPTELTD,SFTP,Wong Fong Academy Pte. Ltd
E0000006412,MAERSKDRILLINGHOLDINGSSGPL,SFTP,Maersk Drilling Holdings SG PL
E0000006413,ANNABELLEPSYCHOLOGYPTELTD,SFTP,ANNABELLE PSYCHOLOGY PTE. LTD
E0000006415,WRTERSWORKENRICHMENTCENT,SFTP,WR!TERS @ WORK Enrichment Cent
E0000006416,CMCMATERIALSASIAPTELTD,SFTP,CMC Materials Asia Pte Ltd
E0000006418,8MREALESTATEPRIVATELIMITED,SFTP,8M Real Estate Private Limited
E0000006419,CARBONXVENTURESPTELTD,SFTP,CARBONX VENTURES PTE. LTD
E0000006420,SGINSTOFFOODANDBIOTECHIN,SCHL,SG Inst of Food and Biotech In
E0000006421,KENNESAWSTATEUNIVERSITY,SCHL,Kennesaw State University
E0000006422,GUIZHOUUNIVERSITYOFFINANCE,SCHL,Guizhou University of Finance
E0000006423,JOHANNESKEPLERUNIVERSITY,SCHL,Johannes Kepler University
E0000006424,WORKFORCESINGAPOREWSG2,SFTP,Workforce Singapore (WSG20)
E0000006425,KONEPTELTD,SFTP,KONE Pte Ltd
E0000006426,PUBLICUTILITIESBOARDPUB2,SFTP,Public Utilities Board (PUB02)
E0000006427,SINGAPOREINDIANDEVELOPMENT,SFTP,Singapore Indian Development
E0000006428,CAPITALANDINTERNATIONALPTE,SFTP,CapitaLand International Pte.
E0000006429,CAPVISTAPTELTD,SFTP,Cap Vista Pte Ltd
E0000006430,DELCIESDESSERTSANDCAKES,SFTP,DELCIE'S DESSERTS AND CAKES
E0000006431,MTVASIA,SFTP,MTV ASIA
E0000006432,OURGRANDFATHERSTORYPTELTD,SFTP,OUR GRANDFATHER STORY PTE LTD
E0000006433,NATIONALINSTOFFOODTECH,SCHL,National Inst of Food Tech
E0000006434,AIRASIABERHAD,OTHR,AirAsia Berhad
E0000006435,BYTEDANCELTD,OTHR,ByteDance Ltd.
E0000006436,CITADELHONGKONGLIMITED,OTHR,CITADEL (HONG KONG) LIMITED
E0000006437,FANOLABSLIMITED,OTHR,FANO LABS Limited
E0000006438,HUNANXUNTONGRAILWAYMATERIAL,OTHR,Hunan XUNTONG Railway material
E0000006439,JANESTREETASIALIMITED,OTHR,Jane Street Asia Limited
E0000006440,RUSHIADVINSTOFFINANCE,OTHR,Rushi Adv Inst of Finance
E0000006442,HELPACADEMY,SCHL,HELP  Academy
E0000006443,AGENCIADIGITALFUTURUM,OTHR,Agencia Digital Futurum
E0000006444,ALGRAMO,OTHR,Algramo
E0000006445,CALETABAY,OTHR,Caleta Bay
E0000006446,CAPERAI,OTHR,Caper.AI
E0000006447,CHONGQINGCIR,OTHR,Chongqing CIR
E0000006448,DELOITTEINDIA,OTHR,Deloitte India
E0000006449,GENERADORAMETROPOLITANA,OTHR,Generadora Metropolitana
E0000006450,GENESISVENTURES,OTHR,Genesis Ventures
E0000006451,INFOSYSLTD,OTHR,Infosys Ltd.
E0000006452,INSTITUTODEFOMENTOPESQUERO,OTHR,Instituto de Fomento Pesquero
E0000006453,JARSINSHIPBROKERSPTELTD,OTHR,Jarsin Shipbrokers Pte. Ltd.
E0000006454,MITSUBISHIRESEARCHINSTITUTE,OTHR,Mitsubishi Research Institute
E0000006455,QSERVUS,OTHR,Qservus
E0000006456,REACTORSCHOOL,OTHR,Reactor School
E0000006457,SINGAPOREBUSINESSASSOCIATION,OTHR,Singapore Business Association
E0000006458,TATAGROUP,OTHR,Tata Group
E0000006459,TONGJIARCHITECTURALDESIGN,OTHR,Tongji Architectural Design
E0000006460,TVSMOTORCOMPANYLTD,OTHR,TVS MOTOR COMPANY LTD
E0000006461,UNIVERSIDADDECHILEINSTITUT,OTHR,Universidad de Chile: Institut
E0000006462,ZOOMSDESIGNCAMBODIA,OTHR,Zooms Design Cambodia
E0000006463,WILDTYPEMEDIAGROUPPTELTD,SFTP,WILDTYPE MEDIA GROUP PTE. LTD.
E0000006464,SOCIETYFORTHEAGEDSICK,SFTP,Society for the Aged Sick
E0000006465,SOMPOJAPANINSURANCEINC,SFTP,Sompo Japan Insurance Inc.
E0000006466,SINGAPORECHEEHOONKOGPROMOT,SFTP,Singapore Chee Hoon Kog Promot
E0000006467,SYMASIAFOUNDATIONLIMITED,SFTP,SymAsia Foundation Limited
E0000006468,SEOULPRECISIONPTELTD,SFTP,SEOUL PRECISION PTE. LTD.
E0000006469,BONSEYJADENPTELTD,SFTP,Bonsey Jaden Pte. Ltd
E0000006470,INDONESIAINTINSTFORLIFESC,SCHL,Indonesia Int Inst for Life Sc
E0000006471,THEHELPINGHAND,SFTP,The Helping Hand
E0000006472,FLEISCHHACKERLLP,SFTP,Fleischhacker LLP
E0000006473,UBSAGSINGAPOREBRANCH,SFTP,UBS AG Singapore Branch
E0000006474,HEARTLANDENTERPRISECENTRE,SFTP,HEARTLAND ENTERPRISE CENTRE
E0000006475,MMAOFFSHOREASIAVESSELOPERA,SFTP,MMA OFFSHORE ASIA VESSEL OPERA
E0000006476,MENDAKISENSEPTELTD,SFTP,MENDAKI SENSE PTE LTD
E0000006477,JIPYONGVIETNAMHANOIBRANCH,SFTP,Jipyong Vietnam-Hanoi Branch
E0000006478,EMBRACEFITNESSPTELTD,SFTP,Embrace Fitness Pte Ltd
E0000006479,HOUBIISPOTSINGAPOREPTELTD,SFTP,Houbii Spot Singapore Pte Ltd
E0000006480,PUNINGSHILIUSHAMIDDLESCH,SCHL,Pu Ning Shi Liu Sha Middle Sch
E0000006481,SINGAPORESYMPHONIACOMPANY,SFTP,Singapore Symphonia Company
E0000006482,STENGINEERINGDEFENCEAVIATIO,SFTP,ST ENGINEERING DEFENCE AVIATIO
E0000006483,ITEITE47,SFTP,ITE (ITE47)
E0000006484,CEREBRALPALSYALLIANCESG,SFTP,Cerebral Palsy Alliance SG
E0000006485,CAPITALANDINVESTMENTLIMITED,SFTP,CapitaLand Investment Limited
E0000006486,EDCSCCCIPTELTD,SFTP,EDC@SCCCI Pte Ltd
E0000006487,BLUESAILNEWVALVETECHNOLOGY,SFTP,BLUESAIL NEW VALVE TECHNOLOGY
E0000006488,FAIRFIELDMETHODISTPRIMARY,SFTP,Fairfield Methodist Primary
E0000006489,TECKGHEEPRIMARYSCHOOL,SFTP,Teck Ghee Primary School
E0000006490,MITWORLDPEACEUNIVERSITY,SCHL,MIT World Peace University
E0000006491,STENGINEERINGTRAININGSIMU,SFTP,ST ENGINEERING TRAINING & SIMU
E0000006492,KEPPELURBANSOLUTIONSPTELTD,SFTP,Keppel Urban Solutions Pte Ltd
E0000006493,ITEITE46,SFTP,ITE (ITE46)
E0000006494,TEMASEKPOLYTECHNICTPO21,SFTP,Temasek Polytechnic (TPO21)
E0000006495,PERSONALTRAINERSOLUTIONSPTE,SFTP,Personal Trainer Solutions Pte
E0000006496,ARESENTERPRISE,SFTP,Ares Enterprise
E0000006497,VITOPPTELTD,SFTP,VITOP PTE LTD
E0000006498,SINGAPOREUNIVERSITYOFSOCIAL,SFTP,Singapore University of Social
E0000006499,WILLIAMMARSHRICEUNIVERSITY,SCHL,WILLIAM MARSH RICE UNIVERSITY
E0000006500,STANDREWSMISSIONHOSPITAL,SFTP,St. Andrew's Mission Hospital
E0000006501,IPI,SFTP,IPI
E0000006502,TEMASEKPOLYTECHNICTPO23,SFTP,Temasek Polytechnic (TPO23)
E0000006503,UNITEDTECHINTLCORPASIA,SFTP,UnitedTech Intl Corp-Asia
E0000006504,EEZEEPTELTD,SFTP,Eezee Pte Ltd
E0000006505,CUTECHQUALITYSOLUTIONSPTELTD,SFTP,Cutech QualitySolutions PteLtd
E0000006506,BECTONDICKINSONMEDICALPRODU,SFTP,Becton Dickinson Medical Produ
E0000006507,RAJAHTANNSINGAPORELLP,SFTP,RAJAH & TANN SINGAPORE LLP
E0000006508,ETIQAINSURANCEPTELTD,SFTP,Etiqa Insurance Pte. Ltd.
E0000006509,SPPOWERGRIDLTD,SFTP,SP PowerGrid Ltd
E0000006510,GOODPACKIBCSINGAPOREPTEL,SFTP,Goodpack IBC (Singapore) Pte L
E0000006511,CHARLESRIVERENDOTOXINANDMI,SFTP,Charles River Endotoxin and Mi
E0000006512,SPTELPTELTD,SFTP,SPTEL Pte. Ltd.
E0000006513,STENGINEERINGADVANCEDNETWOR,SFTP,ST Engineering Advanced Networ
E0000006514,CENTRALPROVIDENTFUNDCPF3,SFTP,Central Provident Fund (CPF30)
E0000006515,SONYELECTRONICSSINGAPOREP,SFTP,SONY ELECTRONICS (SINGAPORE) P
E0000006516,SINGAPORETURFCLUB,SFTP,Singapore Turf Club
E0000006517,DUKEKUNSHANUNIVERSITY,SCHL,Duke Kunshan University
E0000006518,CBMPARKINGPTELTD,SFTP,CBM PARKING PTE LTD
E0000006519,CHEVRONORONITEPTELTD,SFTP,CHEVRON ORONITE PTE LTD
E0000006520,BUDDHISTCOMPASSIONRELIEFTZU,SFTP,Buddhist Compassion Relief Tzu
E0000006521,ADDONSYSTEMSPTELTD,SFTP,Addon Systems Pte Ltd
E0000006522,SINGAPORECLINICALRESINST,SFTP,Singapore Clinical Res Inst.
E0000006523,NATIONALSUPERCOMPUTINGCENTRE,SFTP,National Supercomputing Centre
E0000006524,MILLENNIUM3BUILDINGPRODUCTS,SFTP,Millennium 3 Building Products
E0000006525,PEIYINGPRIMARYSCHOOL,SFTP,Peiying Primary School
E0000006526,MORROWARCHITECTSPLANNERSP,SFTP,Morrow Architects & Planners P
E0000006527,INSTOFHIGHPERFORMANCECOMP,SFTP,Inst of High Performance Comp
E0000006528,SINGAPOREPOLICEFORCE,SFTP,Singapore Police Force
E0000006529,KEYSIGHTTECHNOLOGIESSINGAPOR,SFTP,KEYSIGHT TECHNOLOGIES SINGAPOR
E0000006530,GENNALINDUSTRIESPTELTD,SFTP,Gennal Industries Pte Ltd
E0000006531,HANGZHOUPHILHARMONICORC,OTHR,Hangzhou Philharmonic Orc
E0000006532,ASIASOFTCORPORATIONPUBLICCO,SFTP,Asiasoft Corporation Public Co
E0000006533,CENTRALPROVIDENTFUNDCPF35,SFTP,Central Provident Fund (CPF35)
E0000006534,POHTIONGCHOONLOGISTICSLTD,SFTP,Poh Tiong Choon Logistics Ltd
E0000006535,MINISTRYOFFINANCEMOF1,SFTP,Ministry of Finance (MOF01)
E0000006536,SENGLEONGSTEELENTPTELTD,SFTP,Seng Leong Steel (Ent) Pte Ltd
E0000006537,TOPCONSINGAPOREMEDICAL,SFTP,Topcon Singapore Medical
E0000006538,CORRUPTPRACTICESINVSTGTNBRU,SFTP,Corrupt Practices Invstgtn Bru
E0000006539,FLOATINGCUBESTUDIOSPTELTD,SFTP,FLOATING CUBE STUDIOS PTE. LTD
E0000006540,MASONCOPTELTD,SFTP,MASON & CO PTE. LTD
E0000006541,HELLOTRAVELPTELTD,SFTP,HELLO TRAVEL PTE. LTD.
E0000006542,TRIPPENINGPTELTD,SFTP,TRIPPENING PTE. LTD.
E0000006543,ADAMKHOOLEARNINGCENTREPTE,SFTP,ADAM KHOO LEARNING CENTRE PTE.
E0000006544,ASAPMEDIAPTELTD,SFTP,ASAP MEDIA PTE. LTD.
E0000006545,BESTTOPCONSULTINGPTELTD,SFTP,BESTTOP CONSULTING PTE. LTD.
E0000006546,FIRSTCOMSOLUTIONSPTELTD,SFTP,FIRSTCOM SOLUTIONS PTE. LTD.
E0000006547,GAPROFESSIONALSERVICESPTE,SFTP,GA PROFESSIONAL SERVICES PTE
E0000006548,GLOBALTRADINGDESKPTELTD,SFTP,GLOBAL TRADING DESK PTE. LTD
E0000006549,KOOLLOGIXPTELTD,SFTP,KOOLLOGIX PTE. LTD.
E0000006550,MOVINGWALLSPTELTD,SFTP,MOVING WALLS PTE. LTD.
E0000006551,OUTERNETSOLUTIONSPTELTD,SFTP,OUTERNET SOLUTIONS PTE. LTD.
E0000006552,REKHIENTERPRISESPTELTD,SFTP,REKHI ENTERPRISES PTE. LTD.
E0000006553,SEEDANDBREADPTELTD,SFTP,SEED AND BREAD PTE. LTD.
E0000006554,VJOIRE,SFTP,VJOIRE
E0000006555,SINGAPOREPOOLSPRIVATE,SFTP,SINGAPORE POOLS (PRIVATE)
E0000006556,AUTISMASSOCIATIONSINGAPORE,SFTP,Autism Association Singapore
E0000006557,ISWITCHPTELTD,SFTP,I SWITCH PTE LTD
E0000006558,STARHUBLTD,SFTP,StarHub Ltd
E0000006559,SINGAPOREPOLICEFORCEMHA2,SFTP,Singapore Police Force (MHA20
E0000006560,NICKELODEONASIAHOLDINGS,SFTP,Nickelodeon Asia Holdings
E0000006561,GLODONINTERNATIONALPTELTD,SFTP,GLODON INTERNATIONAL PTE. LTD.
E0000006562,SOUTHERNLUZONSTATEUNI,SCHL,Southern Luzon State Uni
E0000006563,RYOBIGEOTECHNIQUEINTLPL,SFTP,Ryobi Geotechnique Int'l PL
E0000006564,LGATELECOMPTELTD,SFTP,LGA Telecom Pte Ltd
E0000006565,EASTJAPANRAILWAYCOMPANY,SFTP,East Japan Railway Company
E0000006566,ENERGYWAVESINGAPOREPTELTD,SFTP,ENERGY WAVE SINGAPORE PTE. LTD
E0000006567,HHMKPRODUCTIONPTELTD,SFTP,HHMK PRODUCTION PTE. LTD.
E0000006568,ARCCHOLDINGSPTELTD,SFTP,Arcc Holdings Pte Ltd
E0000006569,ENGIESOUTHEASTASIAPTELTD,SFTP,ENGIE South East Asia Pte Ltd
E0000006570,3MINNOVATIONSINGAPOREPTELT,SFTP,3M Innovation Singapore Pte Lt
E0000006571,THYMNPTELTD,SFTP,Thymn Pte Ltd
E0000006572,MASTERCARDASIAPTELTD,SFTP,Mastercard Asia Pte Ltd
E0000006573,ARQIMATEPTELTD,SFTP,Arqimat:E Pte Ltd
E0000006574,OXFORDSAIDBUSINESSSCHOOL,SCHL,OXFORD SAID BUSINESS SCHOOL
E0000006575,ADAMKHOOLEARNTECHGRPPTEL,SFTP,ADAM KHOO LEARN TECH GRP PTEL
E0000006576,SHUNAMMITEPTELTD,SFTP,SHUNAMMITE PTE. LTD.
E0000006577,365CANCERPREVENTIONSOCIETY,SFTP,365 Cancer Prevention Society
E0000006578,YOUNGMEN’SCHRISTIAN,SFTP,Young Men’s Christian
E0000006579,TAKASAGOINTERNATIONALSINGAP,SFTP,Takasago International (Singap
E0000006580,EYRISPTELTD,SFTP,EyRIS Pte. Ltd.
E0000006581,CHARTWORLDASIAPACIFICPTELTD,SFTP,ChartWorld Asia Pacific PteLtd
E0000006582,MALAYSIASMELTINGCORPBHD,SFTP,Malaysia Smelting Corp Bhd
E0000006583,CENTERFORINTLPROGRAMSJSC,SFTP,Center for Intl Programs JSC
E0000006584,SINGAPOREDISCOVERYCENTRELTD,SFTP,Singapore Discovery Centre Ltd
E0000006585,INKANDPIXELPTELTD,SFTP,Ink and Pixel Pte Ltd
E0000006586,THEWOOFAGENCYPTELTD,SFTP,THE WOOF AGENCY PTE LTD
E0000006587,KEPPELLANDSINGAPOREPTE,SFTP,KEPPEL LAND (SINGAPORE) PTE.
E0000006588,STENGINEERINGIHQPTELTD,SFTP,ST Engineering IHQ Pte. Ltd.
E0000006589,SINGAPOREFOODAGENCYSFA1,SFTP,Singapore Food Agency (SFA19)
E0000006590,TREKVUEPTELTD,SFTP,Trekvue Pte Ltd
E0000006591,UIBASIAREINSURANCEBROKERSP,SFTP,UIB ASIA REINSURANCE BROKERS P
E0000006592,MAMBUASIAPACIFICPTELTD,SFTP,MAMBU ASIA PACIFIC PTE. LTD.
E0000006593,DAOCLOUD,SFTP,DaoCloud
E0000006594,TELEKOMUNIKASIINDONESIAINTPL,SFTP,Telekomunikasi Indonesia IntPL
E0000006595,STLUKE’SELDERCARELTD,SFTP,St Luke’s ElderCare Ltd
E0000006596,ALNICOCONSULTINGPTELTD,SFTP,Alnico Consulting Pte Ltd
E0000006597,SINGAPORECANCERSOCIETY,SFTP,Singapore Cancer Society
E0000006598,HUISMANFAREASTSERVICEPTEL,SFTP,Huisman Far East Service Pte L
E0000006599,SINGAPORELANDGROUPLIMITED,SFTP,SINGAPORE LAND GROUP LIMITED
E0000006600,SINGAPOREPOLICEFORCE,SFTP,Singapore Police Force
E0000006601,PRIMEMINISTERSOFFICEPMO28,SFTP,Prime Minister's Office(PMO28)
E0000006602,SINGAPORECUSTOMSMOF,SFTP,Singapore Customs (MOF09)
E0000006603,PEOPLE’SASSOCIATIONPAS21,SFTP,People’s Association (PAS21)
E0000006604,SKILLSFUTURESINGAPORESSG2,SFTP,SkillsFuture Singapore (SSG02)
E0000006605,MINISTRYOFEDUCATIONMOE23,SFTP,Ministry of Education (MOE23)
E0000006606,ASTAROPS,SFTP,A*STAR (OPS)
E0000006607,PRIMEMINISTERSOFFICEPMO12,SFTP,Prime Minister's Office(PMO12)
E0000006608,MINISTRYOFFINECONBRUNEI,SFTP,Ministry of Fin & Econ Brunei
E0000006609,HOWDENINSURANCEBROKERSS,SFTP,Howden Insurance Brokers (S)
E0000006610,CARITASSGCOMMCOUNCILLTD,SFTP,Caritas SG Comm Council Ltd
E0000006611,REPUBLICPOLYTECHNICRPO3,SFTP,Republic Polytechnic (RPO03)
E0000006612,STAMFORDUNIVERSITYBANGLADESH,SCHL,Stamford University Bangladesh
E0000006613,NORTHERNALBERTAINSTOFTECH,SCHL,Northern Alberta Inst of Tech
E0000006614,SHIJIAZHUANGTIEDAOUNIVERSITY,SCHL,Shijiazhuang Tiedao University
E0000006615,KARPAGAMACADOFHIGHEREDU,SCHL,Karpagam Acad of Higher Edu
E0000006616,GOVTOFTHENCTOFDELHI,SCHL,Govt of the NCT of Delhi
E0000006617,CADDFOCUZ,SCHL,CADD FOCUZ
E0000006618,DRAPJABDULKALAMUNI,SCHL,Dr. A.P.J. Abdul Kalam Uni
E0000006619,TECHINSTOFTHEPHILIPPINES,SCHL,Tech Inst of the Philippines
E0000006620,UNIVERSITYOFNIS,SCHL,University of Nis
E0000006621,YAYASANGAMUDA,SFTP,Yayasan Gamuda
E0000006622,HUBSPOTASIAPTELTD,SFTP,HUBSPOT ASIA PTE. LTD
E0000006623,CGWCONSTRUCTIONENGRGSPL,SFTP,CGW Construction Engrg(S)PL
E0000006624,REPUBLICPOLYTECHNICRPO26,SFTP,Republic Polytechnic (RPO26)
E0000006625,TSUINVESTMENTPTELTD,SFTP,TSU INVESTMENT PTE. LTD.
E0000006626,PEOPLESASSOCIATIONPAS44,SFTP,People's Association (PAS44)
E0000006627,(blank),SFTP,---
E0000006628,ISLAMIACOLLEGEPESHAWAR,SCHL,Islamia College Peshawar
E0000006629,SUNWAYCOLLEGEJOHORBAHRU,SCHL,SUNWAY COLLEGE JOHOR BAHRU
E0000006630,KLINELOGISTICSSINGAPORE,SFTP,"""K"" LINE LOGISTICS (SINGAPORE)"
E0000006631,MILTRADETECHNOLOGIESPTELTD,SFTP,Miltrade Technologies Pte Ltd
E0000006632,FESTENTERPRISEOILPTELTD,SFTP,Fest Enterprise Oil Pte Ltd
E0000006633,SYSTEMSONSILICONMANUFACPL,SFTP,Systems on Silicon Manufac PL
E0000006634,WACKERCHEMICALSSOUTHASIA,SFTP,Wacker Chemicals (South Asia)
E0000006635,FLOTEKSINGAPOREPL,SFTP,FLO-TEK (SINGAPORE) PL
E0000006636,BARINGPRIVATEEQUITYASIAPL,SFTP,BARING PRIVATE EQUITY ASIA PL
E0000006637,SOONLEELANDPTELTD,SFTP,SOON LEE LAND PTE LTD
E0000006638,OCTAVAPTELTD,SFTP,OCTAVA PTE. LTD.
E0000006639,LISAMSINGAPOREPTELTD,SFTP,LISAM SINGAPORE PTE. LTD.
E0000006640,SUMITOMOCORPASIAOCEANPTL,SFTP,SUMITOMO CORP ASIA & OCEAN PTL
E0000006641,SINGAPOREINSTITUTEOFTECH,SFTP,Singapore Institute of Tech
E0000006642,OVERSEASFAMILYSCHOOLLIMITED,SFTP,Overseas Family School Limited
E0000006643,XIAMENUNIVERSITYOFTECH,SCHL,Xiamen University of Tech
E0000006644,CENTERFOREDUCATIONFINSVCS,SFTP,Center for Education Fin Svcs
E0000006645,LMIRTMANAGEMENTLTD,SFTP,LMIRT MANAGEMENT LTD
E0000006646,SINGAPORECONSORTIUMINVESTMEN,SFTP,Singapore Consortium Investmen
E0000006647,TRANZPLUSENGINEERINGSPTE,SFTP,TRANZPLUS ENGINEERING (S) PTE.
E0000006648,INDIRAGANDHIDELHITECHUNI,SCHL,Indira Gandhi Delhi Tech Uni
E0000006649,MYANMARAEROSPACEENGRUNI,SCHL,Myanmar Aerospace Engr Uni
E0000006650,SINGAPOREPOLICEFORCE,SFTP,Singapore Police Force
E0000006651,ZOLLMEDICALSINGAPOREPTELTD,SFTP,ZOLL Medical Singapore Pte Ltd
E0000006652,ABUDHABISCHOOLOFGOVERNMENT,SFTP,Abu Dhabi School of Government
E0000006653,ONTOINNOVATIONSOUTHEASTASIA,SFTP,ONTO INNOVATION SOUTHEAST ASIA
E0000006654,138PTELTD,SFTP,138 Pte Ltd
E0000006655,IMMIGRATIONCHECKPOINTSAUTH,SFTP,Immigration & Checkpoints Auth
E0000006656,SAGECOUNSELLINGCENTRE,SFTP,SAGE Counselling Centre
E0000006657,INDIANINSTITUTEOFTECHNOLOGY,SCHL,Indian Institute of Technology
E0000006658,INCHEONNATIONALUNIVERSITY,SCHL,Incheon National University
E0000006659,UNIVERSITISELANGOR,SCHL,Universiti Selangor
E0000006660,RHEINMAINUNIOFAPPLIEDSCI,SCHL,RheinMain Uni of Applied Sci
E0000006661,ALLIANCEFRANCAISEDSINGAPOUR,SCHL,Alliance Francaise d Singapour
E0000006662,ARTHESDAMJEWELLERYPTELTD,SFTP,Arthesdam Jewellery Pte Ltd
E0000006663,NETLINKTRUSTOPERATIONSCOMPA,SFTP,NETLINK TRUST OPERATIONS COMPA
E0000006664,SSCSSC1,SFTP,SSC (SSC01)
E0000006665,FABTECASIAENGINEERINGPTEL,SFTP,FABTEC ASIA ENGINEERING PTE. L
E0000006666,HELLAASIASINGAPOREPTELTD,SFTP,HELLA ASIA SINGAPORE PTE LTD
E0000006667,WESTCOLLEGESCOTLAND,SCHL,West College Scotland
E0000006668,EDBIPTELTD,SFTP,EDBI Pte Ltd
E0000006669,YEWCHUNGINTSCHOFSHANGHAI,SCHL,Yew Chung Int Sch of Shanghai
E0000006670,INDIANINSTOFINFOTECH,SCHL,Indian Inst of Info Tech
E0000006671,TRUSTYCARSPTELTD,SFTP,Trusty Cars Pte. Ltd.
E0000006672,SMECENTRESMCCIPTELTD,SFTP,SME Centre @ SMCCI Pte. Ltd.
E0000006673,BLENDEDCONCEPTPTELTD,SFTP,BLENDED CONCEPT PTE LTD
E0000006674,CLIFMPTELTD,SFTP,CLI FM Pte. Ltd.
E0000006675,STATEFINANCEPOLYTECHNICSTAN,SCHL,STATE FINANCE POLYTECHNIC STAN
E0000006676,WEBERSTATEUNIVERSITY,SCHL,WEBER STATE UNIVERSITY
E0000006677,IBCTINSTITUTE,SCHL,IBCT Institute
E0000006678,NEANEA26,SFTP,NEA (NEA26)
E0000006679,SINGAPOREASSOCIATIONFORMENT,SFTP,Singapore Association for Ment
E0000006680,QUEENSTOWNPRIMARYSCHOOL,SFTP,Queenstown Primary School
E0000006681,PAVE,SFTP,PAVE
E0000006682,NANOFILMTECHNOLOGIESINTERNAT,SFTP,Nanofilm Technologies Internat
E0000006683,NATIONALDEFENSEMEDICALCTR,SCHL,National Defense Medical Ctr
E0000006684,HUMANCAPITALLEADERSHIPINSTI,SFTP,Human Capital Leadership Insti
E0000006685,ALLIANZINVESTMENTMANAGEMENT,SFTP,Allianz Investment Management
E0000006686,NTUCLINKPTELTD,SFTP,NTUC LINK PTE LTD
E0000006687,ITEITE51,SFTP,ITE (ITE51)
E0000006688,TOTOASIAOCEANIAPTELTD,SFTP,TOTO ASIA OCEANIA PTE. LTD.
E0000006689,ARDMORESHIPPINGASIAPTELT,SFTP,Ardmore Shipping (Asia) Pte Lt
E0000006690,PRESBYTERIANCOMMUNITYSERVICE,SFTP,Presbyterian Community Service
E0000006691,JARDINENCHANTEPTELTD,SFTP,Jardin Enchante Pte Ltd
E0000006692,HWACHONGINSTITUTION,SFTP,Hwa Chong Institution
E0000006693,FRASERSPROPERTYCOMMERCIALMA,SFTP,Frasers Property Commercial Ma
E0000006694,TOKYOMETROPOLITANGOVERNMENT,SFTP,Tokyo Metropolitan Government
E0000006695,TERUMOASIAHOLDINGSPTELTD,SFTP,Terumo Asia Holdings Pte. Ltd.
E0000006696,ANHALTUNIOFAPPLIEDSCIENCE,SCHL,Anhalt Uni of Applied Science
E0000006697,SINGAPOREAFTERCAREASSOCIATI,SFTP,SINGAPORE AFTER-CARE ASSOCIATI
E0000006698,ARTSHOUSELTD,SFTP,Arts House Ltd.
E0000006699,JOYDENTALHOLDINGSPTELTD,SFTP,Joy Dental Holdings Pte Ltd
E0000006700,LASALLECOLLEGEOFTHEARTS,SFTP,LASALLE College of the Arts
E0000006701,INSTITUTEFORHUMANRESOURCE,SFTP,INSTITUTE FOR HUMAN RESOURCE
E0000006702,MINISTRYOFEDUCATIONMOE,SFTP,Ministry of Education (MOE09)
E0000006703,ANALOGDEVICESINTERNATIONAL,SFTP,Analog Devices International
E0000006704,TEXTILEANDFASHIONINDUSTRY,SFTP,Textile and Fashion Industry
E0000006705,BRIGHTVISIONHOSPITAL,SFTP,Bright Vision Hospital
E0000006706,QUILLIONGLOBALPTELTD,SFTP,Quillion Global Pte Ltd
E0000006707,GERMANLANGUAGESCHOOL,SCHL,German Language School
E0000006708,STHACQUISTIONMANAGEMENTPTE,SFTP,STH Acquistion Management Pte.
E0000006710,OSBIOMEPTELTD,SFTP,OSBIOME PTE. LTD.
E0000006711,MASSTRONPTELTD,SFTP,Masstron Pte Ltd
E0000006712,ESRLOGOSPROPERTYMANAGEMENT,SFTP,ESR-LOGOS PROPERTY MANAGEMENT
E0000006713,NEANEA2,SFTP,NEA (NEA20)
E0000006714,MORNINGSTARCOMMUNITYSVCLTD,SFTP,Morning Star Community Svc Ltd
E0000006715,SINGAPOREMANAGEMENTUNI,SFTP,Singapore Management Uni
E0000006716,PRIMEMINISTERSOFFICEPMO2,SFTP,Prime Minister's Office(PMO20)
E0000006717,TSMPLAWCORPORATION,SFTP,TSMP Law Corporation
E0000006718,RIZVICOLLEGEOFENGINEERING,SCHL,Rizvi College of Engineering
E0000006719,APSNLTD,SFTP,APSN Ltd.
E0000006720,VERMONTSECONDARYCOLLEGE,SCHL,Vermont Secondary College
E0000006721,STGEORGESINTERNATIONALSCH,SCHL,St. George's International Sch
E0000006722,CHILDREN’SCANCERFOUNDATION,SFTP,Children’s Cancer Foundation
E0000006723,MAHABODHISCHOOL,SFTP,Maha Bodhi School
E0000006724,VISUALSTUDIOSINGAPOREPTL,SFTP,VISUAL STUDIO SINGAPORE PTL
E0000006725,COUNSELLINGANDCARECENTRE,SFTP,Counselling and Care Centre
E0000006726,SUTLCORPORATIONPTELTD,SFTP,SUTL Corporation Pte Ltd
E0000006727,SINGLEEMACHINERYTRADING,SFTP,Sing Lee Machinery & Trading
E0000006728,THISISSYNTHESISPTELTD,SFTP,This is Synthesis Pte Ltd
E0000006729,OHMYHOMEPTELTD,SFTP,OHMYHOME PTE. LTD.
E0000006730,SGTRANSLCANCERCONSORTIUM,SFTP,SG Transl Cancer Consortium
E0000006731,SHANGHAIINSTOFVISUALARTS,SCHL,Shanghai Inst of Visual Arts
E0000006732,POLITEKNIKELEKTRONIKANEGERI,SCHL,Politeknik Elektronika Negeri
E0000006733,SASSEURASSETMANAGEMENT,SFTP,Sasseur Asset Management
E0000006734,HALCOMPLETIONSMFGPTELTD,SFTP,HAL COMPLETIONS MFG PTE. LTD.
E0000006736,VINACADEMYEDNTRNGLTDLIABC,SFTP,Vinacademy Edn&Trng Ltd Liab c
E0000006737,GOLDENWAXPOLISHINGSERVICES,SFTP,GOLDEN WAX POLISHING SERVICES
E0000006738,BETAMEDTECHPTELTD,SFTP,Beta MedTech Pte Ltd
E0000006739,HOGESCHOOLLEIDEN,SCHL,Hogeschool Leiden
E0000006740,REPUBLICPOLYTECHNICRPO16,SFTP,Republic Polytechnic (RPO16)
E0000006741,NATVOLUNTEERPHILANTHROPY,SFTP,Nat Volunteer & Philanthropy
E0000006742,STROKESUPPORTSTATION,SFTP,Stroke Support Station
E0000006743,REPUBLICPOLYTECHNICRPO,SFTP,Republic Polytechnic (RPO09)
E0000006744,GRENOBLEECOLEDEMANAGEMENT,SCHL,Grenoble Ecole de Management
E0000006745,THEPOTTERSSCHOOL,SCHL,The Potter's School
E0000006746,UNIVERSITYOFTARTU,SCHL,University of Tartu
E0000006747,UNIVERSITYOFKITAKYUSH,SCHL,University of Kitakyush
E0000006748,YORKSTJOHNUNIVERSITY,SCHL,York St John University
E0000006749,TECHNOLOGICALUNIVERSITY,SCHL,Technological University
E0000006750,UNIVERSITYOFCOMPUTERSTUDIES,SCHL,University of Computer Studies
E0000006751,BETAMEDTECHPTELTD,SFTP,Beta MedTech Pte Ltd
E0000006752,WRTERSWORKENRICHMENTCENT,SFTP,WR!TERS @ WORK Enrichment Cent
E0000006753,NATIONALUNIVERSITYHEALTHSG,SFTP,National University Health SG
E0000006754,ITEIEF6,SFTP,ITE (IEF60)
E0000006755,DIAGNOSTICSDEVELOPMENTHUB,SFTP,Diagnostics Development Hub
E0000006756,THEINSTITUTEOFBANKINGFIN,SFTP,The Institute of Banking & Fin
E0000006757,AEGISBUILDINGENGINEERING,SFTP,AEGIS BUILDING & ENGINEERING
E0000006758,CAYMANMANAGEMENTCONSULTANTS,SFTP,Cayman Management Consultants
E0000006759,DARWIINPTELTD,SFTP,DARWIIN PTE. LTD.
E0000006760,GANKPTELTD,SFTP,GANK PTE. LTD.
E0000006761,KOPITESGLOBALPTELTD,SFTP,KOPITES GLOBAL PTE LTD
E0000006762,STUDIOFIVECORPPTELTD,SFTP,STUDIO FIVE CORP PTE LTD
E0000006763,KALEIDOPTELTD,SFTP,KALEIDO PTE. LTD.
E0000006764,MOOVAZINNOVATIONPTELTD,SFTP,MOOVAZ INNOVATION PTE. LTD.
E0000006765,NAGASESINGAPOREPTELTD,SFTP,Nagase Singapore (Pte) Ltd
E0000006766,SSTCINSTITUTEPTELTD,SFTP,SSTC INSTITUTE PTE LTD
E0000006767,SGTRANSCANCERCONSORTIUM,SFTP,SG TRANS CANCER CONSORTIUM
E0000006768,NANYANGINSTITUTEOFMGTPTL,SFTP,Nanyang Institute of Mgt PTL
E0000006769,THECHLOROPLASTPTELTD,SFTP,THE CHLOROPLAST PTE LTD
E0000006770,PARALLAXDIGITALPTELTD,SFTP,PARALLAX DIGITAL PTE LTD
E0000006771,ASTARRESEARCHENTITIES,SFTP,A*STAR RESEARCH ENTITIES
E0000006772,YONGENCARECENTRE,SFTP,Yong-en Care Centre
E0000006773,BIOLOGICALRESOURCECENTRE,SFTP,Biological Resource Centre
E0000006774,BIOPROCESSINGTECHNOLOGYINST,SFTP,Bioprocessing Technology Inst
E0000006775,EXPERIMENTALDRUGDEVCENTRE,SFTP,Experimental Drug Dev Centre
E0000006776,GENOMEINSTITUTEOFSINGAPORE,SFTP,Genome Institute of Singapore
E0000006777,ASTARRESEARCHENTITIESGMAC,SFTP,A*STAR Research Entities(GMAC)
E0000006778,INSTOFMOLECULARCELLBIO,SFTP,Inst of Molecular & Cell Bio
E0000006779,ASTARRESEARCHENTITIESRSC,SFTP,A*STAR Research Entities(RSC)
E0000006780,SPOREINSTFORCLINICALSCIENC,SFTP,Spore Inst for Clinical Scienc
E0000006781,SPOREINSTOFFOODBIOTECH,SFTP,Spore Inst of Food & Biotech
E0000006782,SINGAPOREIMMUNOLOGYNETWORK,SFTP,Singapore Immunology Network
E0000006783,SKINRESEARCHINSTOFSPORE,SFTP,Skin Research Inst of Spore
E0000006784,INSTOFBIOENGINEERINGBIOIM,SFTP,Inst of Bioengineering & Bioim
E0000006785,DIAGNOSTICSDEVELOPMENTHUB,SFTP,Diagnostics Development Hub
E0000006786,ASTARSKINRESEARCHLABS,SFTP,A*STAR Skin Research Labs
E0000006787,ASTARRESEARCHENTITIESIDL,SFTP,A*STAR Research Entities(IDL)
E0000006788,YELLOWRIBBONFUNDSPORE,SFTP,Yellow Ribbon Fund S'pore
E0000006789,REPUBLICPOLYTECHNICRPO31,SFTP,Republic Polytechnic (RPO31)
E0000006790,WORKFORCESINGAPOREWSG17,SFTP,Workforce Singapore (WSG17)
E0000006791,BITSPILANIGOACAMPUS,SCHL,"BITS Pilani, Goa Campus"
E0000006792,CAMPUSASIAPLUSCAP,SCHL,Campus Asia Plus (CAP)
E0000006793,IMAGINEARTLY,SFTP,Imagine artly
E0000006794,CAMPUSASIAPLUSSEOUL,SCHL,Campus Asia Plus - Seoul
E0000006795,CAMPUSASIAPLUSSUNGKYUNKWAN,SCHL,Campus Asia Plus- Sungkyunkwan
E0000006796,CAMPUSASIAPLUSTSINGHUA,SCHL,Campus Asia Plus-Tsinghua
E0000006797,CAMPUSASIAPLUSSHANGHAI,SCHL,Campus Asia Plus - Shanghai
E0000006798,CAMPUSASIAPLUSRENMIN,SCHL,Campus Asia Plus - Renmin
E0000006799,WIPDAF,SCHL,WiPDaF
E0000006800,PAULVALERYMONTPELLIER3UNI,SCHL,Paul-Valery Montpellier 3 Uni
E0000006801,SPHMEDIALIMITED,SFTP,SPH Media Limited
E0000006802,ADVREMNFCTRNGTECHCENTRE,SFTP,Adv Remnfctrng & Tech Centre
E0000006803,SCIGENPTELTD,SFTP,SciGen Pte Ltd
E0000006804,ACCENTUATEPTELTD,SFTP,Accentuate Pte Ltd
E0000006805,BYROCSPTELTD,SFTP,BYROCS (PTE.) LTD.
E0000006806,COACHINGCHANGESLIVESPTL,SFTP,Coaching Changes Lives Ptl
E0000006807,DCSCHOLDINGPTELTD,SFTP,Dcsc holding Pte. Ltd
E0000006808,DELICIOUSTASTECAKESHOP,SFTP,Delicious Taste Cake Shop
E0000006809,ENERGYWAVEWORLDWIDEPTELTD,SFTP,Energy Wave Worldwide Pte Ltd
E0000006810,FOODXERVICESINCPTELTD,SFTP,Foodxervices Inc Pte Ltd
E0000006811,AXTROPTELTD,SFTP,AXTRO Pte Ltd
E0000006812,OCTOPUS8PRIVATELIMITED,SFTP,Octopus8 Private Limited
E0000006813,SPEEDISWIMAQUATICCENTREPTE,SFTP,SPEEDISWIM AQUATIC CENTRE PTE
E0000006814,MEDIACORPPTELTD,SFTP,Mediacorp Pte Ltd
E0000006815,PARKHOTELAFFILIATESPTELTD,SFTP,Park Hotel Affiliates Pte Ltd
E0000006816,CSCEPTELTD,SFTP,CSCE Pte Ltd
E0000006817,NUS,SFTP,NUS
E0000006818,UNIVERSITYOFWESTLONDON,SCHL,University of West London
E0000006819,PHANICPTELTD,SFTP,PHANIC PTE LTD
E0000006820,WEEHURCAPITALPTELTD,SFTP,WEE HUR CAPITAL PTE. LTD.
E0000006821,SGENABLELTD,SFTP,SG Enable Ltd
E0000006822,AHMAPTELTD,SFTP,AHMA PTE LTD
E0000006823,BEYONDEDGEPTELTD,SFTP,BeyondEdge Pte Ltd
E0000006824,BIOMEDICALSCIENCESINSTITUTE,SFTP,Biomedical Sciences Institute
E0000006825,HANHUAMANDARINCENTREPTELTD,SFTP,Han Hua Mandarin Centre PteLtd
E0000006826,THECOLORECTALCLINICPTELTD,SFTP,The Colorectal Clinic Pte Ltd
E0000006827,IVEYBUSINESSSCHOOL,SCHL,Ivey Business School
E0000006828,LOUVAINSCHOOLOFMANAGEMENT,SCHL,Louvain School of Management
E0000006829,CORNELLSCJOHNSONCOLOFBIZ,SCHL,Cornell SC Johnson Col of Biz
E0000006830,MANDAIPARKDEVELOPMENT,SFTP,MANDAI PARK DEVELOPMENT
E0000006831,CAPITALANDRETAILMANAGEMENT,SFTP,CapitaLand Retail Management
E0000006832,AUSTRALIANCOMMUNITYSO,SFTP,Australian Community SO
E0000006833,WESTPOINTTRANSITPTELTD,SFTP,Westpoint Transit Pte Ltd
E0000006834,CAMPUSIMPACT,SFTP,CampusImpact
E0000006835,EARTHMARVERPTELTD,SFTP,Earth & Marver Pte. Ltd.
E0000006836,SEMBCORPCOGENPTELTD,SFTP,Sembcorp Cogen Pte Ltd
E0000006837,WATSONSPERSONALCARESTORES,SFTP,Watson's Personal Care Stores
E0000006838,THELANGUAGETUTELAGE,SFTP,The Language Tutelage
E0000006839,AMSSENSORSSINGAPOREPTELTD,SFTP,AMS SENSORS SINGAPORE PTE. LTD
E0000006840,ACCURONTECHNOLOGIESLIMITED,SFTP,Accuron Technologies Limited
E0000006841,HEALTHSERVELTD,SFTP,HEALTHSERVE LTD
E0000006842,CHENSULANMETHODISTCHILDREN,SFTP,Chen Su Lan Methodist Children
E0000006843,CHUBBINSURANCESINGAPORELTD,SFTP,Chubb Insurance Singapore Ltd
E0000006844,SBSTRANSITRAILPTELTD,SFTP,SBS Transit Rail Pte. Ltd.
E0000006845,STRAITSDEVELOPMENTSPTL,SFTP,Straits Developments Ptl
E0000006846,VEMMOTORSASIAPTELTD,SFTP,VEM Motors Asia Pte Ltd
E0000006847,SYMRISEASIAPACIFICPTELTD,SFTP,Symrise Asia Pacific Pte Ltd
E0000006848,WHITLEYSECONDARYSCHOOL,SFTP,WHITLEY SECONDARY SCHOOL
E0000006849,NTUSINGAPORE,SFTP,NTU Singapore
E0000006850,YOKOGAWAELECTRICINTERNATIONA,SFTP,Yokogawa Electric Internationa
E0000006851,YOKOGAWAENGINEERINGASIAPTE,SFTP,Yokogawa Engineering Asia Pte
E0000006852,VISWALABSINGAPOREPTELTD,SFTP,VISWALAB SINGAPORE PTE LTD
E0000006853,SPPOWERGRIDLTD,SFTP,SP PowerGrid Ltd
E0000006854,BEDOKSOUTHSECONDARYSCHOOL,SFTP,Bedok South Secondary School
E0000006855,MANJUSRISECONDARYSCHOOL,SFTP,Manjusri Secondary School
E0000006857,SOLULARMOBILEANDINFOTECHS,SFTP,Solular Mobile and Info Tech S
E0000006858,YIOCHUKANGSECONDARYSCHOOL,SFTP,Yio Chu Kang Secondary School
E0000006859,STJOSEPHSINSTITUTION,SFTP,St Joseph's Institution
E0000006860,NANYANGJUNIORCOLLEGE,SFTP,Nanyang Junior College
E0000006861,YISHUNSECONDARYSCHOOL,SFTP,Yishun Secondary School
E0000006862,PACIFICINTERNATIONALLINES,SFTP,Pacific International Lines
E0000006863,GAUTAMBUDDHAUNIVERSITY,SCHL,Gautam Buddha University
E0000006864,YISHUNTOWNSECONDARYSCHOOL,SFTP,Yishun Town Secondary School
E0000006865,LIMTANSECURITIESPTELTD,SFTP,LIM & TAN SECURITIES PTE LTD
E0000006866,NOVARTISSINGAPOREPTELTD,SFTP,Novartis (Singapore) Pte Ltd
E0000006867,FAREASTORCHARDLIMITED,SFTP,Far East Orchard Limited
E0000006868,BUILDABLESPTELTD,SFTP,Buildables Pte Ltd
E0000006869,HONGLEONGASIALTD,SFTP,Hong Leong Asia Ltd
E0000006870,INSTITUTEOFSPACETECHNOLOGY,SCHL,Institute of Space Technology
E0000006871,MITSUICHEMICALSSINGAPORERD,SFTP,Mitsui Chemicals Singapore R&D
E0000006872,REPUBLICPOLYTECHNICRPO15,SFTP,Republic Polytechnic (RPO15)
E0000006873,SICHUANFINEARTSINSTITUTE,SCHL,Sichuan Fine Arts Institute
E0000006874,NANJINGUNIVERSITYOFTHEARTS,SCHL,Nanjing University of the Arts
E0000006875,KUNITACHICOLLEGEOFMUSIC,SCHL,Kunitachi College of Music
E0000006876,GERIATRICEDUCATIONRESINST,SFTP,Geriatric Education &ResInst
E0000006877,COLUMBIABUSINESSSCHOOL,SCHL,Columbia Business School
E0000006878,ISTANACVL1,SFTP,Istana (CVL01)
E0000006879,KURSKSTATEMEDICALUNIVERSITY,SCHL,Kursk State Medical University
E0000006880,CHAMOMILEPTELTD,SFTP,CHAMOMILE PTE. LTD.
E0000006882,PANDUITSINGAPOREPTELTD,SFTP,Panduit Singapore Pte Ltd
E0000006883,SPOREINSTOFMANUFACTRNGTECH,SFTP,Spore Inst of Manufactrng Tech
E0000006884,NYUSHANGHAI,SCHL,NYU Shanghai
E0000006885,SKILLSFUTURESINGAPORESSG16,SFTP,SkillsFuture Singapore (SSG16)
E0000006886,INSTITUTEOFMICROELECTRONICS,SFTP,Institute of Microelectronics
E0000006887,MINISTRYOFEDUCATIONMOE12,SFTP,Ministry of Education (MOE12)
E0000006888,IISERBERHAMPUR,SCHL,IISER Berhampur
E0000006889,SEMBCORPSPECIALISEDCONSTRUCT,SFTP,Sembcorp Specialised Construct
E0000006890,ALEXANDERCOLLEGE,SCHL,Alexander College
E0000006891,UNIVERSITELILLEI,SCHL,Universite Lille I
E0000006892,E3CONSTRUCTIONPTELTD,SFTP,E3 Construction Pte Ltd
E0000006893,FERRINGPHARMACEUTICALSPTELTD,SFTP,Ferring Pharmaceuticals PteLtd
E0000006894,NCUK,SCHL,NCUK
E0000006895,SINOBRITISHCOLLEGE,SCHL,Sino-British College
E0000006896,CAIRNHILLMETROLOGYPTELTD,SFTP,Cairnhill Metrology Pte Ltd
E0000006897,SOLDERFIELDPTELTD,SFTP,SOLDERFIELD PTE LTD
E0000006898,HEILONGJIANGBAYIAGRIUNI,SCHL,Heilongjiang Bayi Agri Uni
E0000006899,NGEEANNPOLYTECHNICNPO26,SFTP,Ngee Ann Polytechnic (NPO26)
E0000006900,ORCHARDTURNDEVELOPMENTSPTE,SFTP,ORCHARD TURN DEVELOPMENTS PTE.
E0000006901,NGEEANNPOLYTECHNICNPO18,SFTP,Ngee Ann Polytechnic (NPO18)
E0000006902,STENGINEERINGINFOSECURITY,SFTP,ST Engineering Info-Security
E0000006903,MINISTRYOFTRANSPORTMOC1,SFTP,Ministry of Transport (MOC01)
E0000006904,SIMLIANHOLDINGSPTELTD,SFTP,Sim Lian Holdings Pte Ltd
E0000006905,KOKTONGCONSTRUCTIONPTELTD,SFTP,Kok Tong Construction Pte Ltd
E0000006906,TUVSUDPSBPTELTD,SFTP,TUV SUD PSB Pte Ltd
E0000006907,VIDATECHNOLOGIESPTELTD,SFTP,VIDA Technologies Pte Ltd
E0000006908,BIOSENSORSINTERVENTIONALTECH,SFTP,Biosensors Interventional Tech
E0000006909,NEANEA3,SFTP,NEA (NEA03)
E0000006910,HEILILLE,SCHL,HEI Lille
E0000006911,KOPPROPERTIESPTELTD,SFTP,KOP Properties Pte Ltd
E0000006912,KOPLIMITED,SFTP,KOP Limited
E0000006913,PRIMEINTEGRALPTELTD,SFTP,PRIME INTEGRAL PTE LTD
E0000006914,ASTMASIAPACIFICLIMITED,SFTP,ASTM ASIA PACIFIC LIMITED
E0000006915,SMARTSTREAMTECHASIAPACIFIC,SFTP,SMARTSTREAM TECH ASIA PACIFIC
E0000006916,ELEMENTMATERIALSTECHOLOGYSG,SFTP,ELEMENT MATERIALS TECHOLOGY SG
E0000006917,KONGSBERGMARITIMEPTELTD,SFTP,KONGSBERG MARITIME PTE. LTD.
E0000006918,IDEMITSUASIAPACIFICPTELTD,SFTP,Idemitsu Asia Pacific Pte Ltd
E0000006919,COLUMBIACOLLEGECHICAGO,SCHL,Columbia College Chicago
E0000006920,HUPSTEELPTELTD,SFTP,HUPSTEEL PTE. LTD.
E0000006921,WORLDQUANTUNIVERSITY,SCHL,WorldQuant University
E0000006922,CKTANGLIMITED,SFTP,C.K. TANG LIMITED
E0000006923,UTACHEADQUARTERSPTELTD,SFTP,UTAC Headquarters Pte Ltd
E0000006924,DONGDUKWOMENSUNIVERSITY,SCHL,Dongduk Women's University
E0000006925,EGYPTIANCULTURALOFFICECHINA,SFTP,Egyptian Cultural Office China
E0000006926,QVESTMEDIAPTELTD,SFTP,QVEST MEDIA PTE LTD
E0000006927,IOTALENTSPTELTD,SFTP,IOTALENTS PTE LTD
E0000006928,HUBEIUNIOFARTSANDSCIENCES,SCHL,Hubei Uni of Arts and Sciences
E0000006929,FUJITAHEALTHUNIVERSITY,SCHL,Fujita Health University
E0000006930,PETLOVERSCENTREPTELTD,SFTP,Pet Lovers Centre Pte. Ltd.
E0000006931,AIRBUSSINGAPOREPTELTD,SFTP,Airbus Singapore PTE LTD
E0000006932,JUNYUANSECONDARYSCHOOL,SFTP,Junyuan Secondary School
E0000006933,UNIVERSITYOFVERMONT,SCHL,University of Vermont
E0000006934,PERDAUS,SFTP,PERDAUS
E0000006935,TANGLINCORPORATIONPTELTD,SFTP,Tanglin Corporation Pte Ltd
E0000006936,UNDERGROUNDTECHNOLOGYENGINEE,SFTP,Underground Technology Enginee
E0000006937,NODEVIATIONPTELTD,SFTP,NO DEVIATION PTE.LTD.
E0000006938,GENSCRIPTBIOTECHSINGAPORE,SFTP,GENSCRIPT BIOTECH (SINGAPORE)
E0000006939,GUSTAVUSADOLPHUSCOLLEGE,SCHL,Gustavus Adolphus College
E0000006940,ARTCENTERCOLLEGEOFDESIGN,SCHL,ArtCenter College of Design
E0000006941,FASTTRACKPTELTD,SFTP,Fast Track Pte Ltd
E0000006942,PTPUPUKINDONESIAPERSERO,SFTP,PT Pupuk Indonesia (Persero)
E0000006943,CYCLECARRIAGEINDUSTRIESPL,SFTP,Cycle & Carriage Industries PL
E0000006944,HYPHENSPHARMAPTELTD,SFTP,Hyphens Pharma Pte Ltd
E0000006945,ITEITE48,SFTP,ITE (ITE48)
E0000006946,SHINRYOCORPORATION,SFTP,SHINRYO CORPORATION
E0000006947,ASPIALCORPORATESERVICESPL,SFTP,Aspial Corporate Services PL
E0000006948,SICCADANIASEAPTELTD,SFTP,Siccadania (SEA) Pte Ltd
E0000006949,ATRECPTELTD,SFTP,Atrec Pte Ltd
E0000006950,NECASIAPACIFICPTELTD,SFTP,NEC Asia Pacific Pte Ltd
E0000006951,MINGHSINUNIOFSCIANDTECH,SCHL,Minghsin Uni of Sci and Tech
E0000006952,CHAOYANGUNIOFTECH,SCHL,Chaoyang Uni of Tech
E0000006953,MURATAELECTRONICSSINGAPORE,SFTP,Murata Electronics Singapore
E0000006954,UNIVERSIDADEDECOIMBRA,SCHL,Universidade de Coimbra
E0000006955,MAXWELLCHAMBERSPTELTD,SFTP,MAXWELL CHAMBERS PTE LTD
E0000006956,KYOTOUNIVERSITYOFTHEARTS,SCHL,Kyoto University of the Arts
E0000006957,INDIANAUNIPURDUEUNI,SCHL,Indiana Uni-Purdue Uni
E0000006958,PONTIFICALCATHOLICUNIGOIAS,SCHL,Pontifical Catholic Uni Goias
E0000006959,UNIFEDERALDEJUIZDEFORA,SCHL,Uni Federal de Juiz de Fora
E0000006960,TECHNICALUNIVERSITYOFMUNICH,SCHL,Technical University of Munich
E0000006961,VARNAUNIVERSITYOFMANAGEMENT,SCHL,Varna University of Management
E0000006962,UNIVERSITYOFHEALTHSCIENCES,SCHL,University of Health Sciences
E0000006963,VANDAINSTITUTE,SCHL,Vanda Institute
E0000006964,CHENGDUINSTSICHUANINTST,SCHL,Chengdu Inst Sichuan Int St
E0000006965,CHNCENTERFORDISEASEPREV,SCHL,Chn Center for Disease Prev
E0000006966,INDIANINSTITUTEOFMANAGEMENT,SCHL,Indian Institute of Management
E0000006967,INDIANSCHOFDEVMGMT,SCHL,Indian Sch of Dev Mgmt
E0000006968,GOKHALEINSTOFPOLANDECON,SCHL,Gokhale Inst of Pol and Econ
E0000006969,EMERGINGTOWNSCITIESSINGAP,SFTP,EMERGING TOWNS & CITIES SINGAP
E0000006970,IRISNATIONSINGAPOREPTELTD,SFTP,Irisnation Singapore Pte. Ltd.
E0000006971,INSTITUTEOFMGMTTECH,SCHL,Institute of Mgmt Tech
E0000006972,INSTOFRURALMGMTJODHPUR,SCHL,"Inst of Rural Mgmt, Jodhpur"
E0000006973,SATAVAHANAUNIVERSITY,SCHL,Satavahana University
E0000006974,JAYOTIVIDYAPEETHWOMENUNI,SCHL,Jayoti Vidyapeeth Women Uni
E0000006975,UDAIPRATAPAUTONOMOUSCOLLEGE,SCHL,Udai Pratap Autonomous College
E0000006976,LONDONSCHOFPUBLICRELATIONS,SCHL,London Sch of Public Relations
E0000006977,TRIDINANTIUNIPALEMBANG,SCHL,Tridinanti Uni Palembang
E0000006978,UNIVERSITASVETERANREPUBLIK,SCHL,Universitas Veteran Republik
E0000006979,UNIVERSITYSEBELASMARET,SCHL,University Sebelas Maret
E0000006980,TOYOUNIVERSITY,SCHL,Toyo University
E0000006981,UNIVERSITYOFCENTRALASIA,SCHL,University of Central Asia
E0000006982,INSTOFDIPANDFOREIGNRS,SCHL,Inst of Dip and Foreign Rs
E0000006983,CITIUNIVERSITYOFMONGOLIA,SCHL,Citi University of Mongolia
E0000006984,UNIOFFINANCEANDECONOMICS,SCHL,Uni of Finance and Economics
E0000006985,PEACELDRSRESINST,SCHL,Peace Ldrs & Res Inst
E0000006986,FEDERALUNIOFTECHYOLA,SCHL,"Federal Uni of Tech, Yola"
E0000006987,NIGERIANDEFENCEACADEMY,SCHL,Nigerian Defence Academy
E0000006988,IQRAUNIVERSITY,SCHL,Iqra University
E0000006989,LIAQUATUNIOFMEDHS,SCHL,Liaquat Uni of Med & HS
E0000006990,THEUNIVERSITYOFLAHORE,SCHL,The University of Lahore
E0000006991,NATIONALUNIOFSANMARCOS,SCHL,National Uni of San Marcos
E0000006992,UNIVERSIDADDELPACIFICO,SCHL,Universidad del Pacifico
E0000006993,DEVACADOFTHEPHILIPPINES,SCHL,Dev Acad of the Philippines
E0000006994,ENDERUNCOLLEGES,SCHL,Enderun Colleges
E0000006995,INSTOFCOMANDFAMHEALTHINC,SCHL,Inst of Com and Fam Health Inc
E0000006996,TRINITYUNIVERSITYOFASIA,SCHL,Trinity University of Asia
E0000006997,DIPLACADOFMOFARUSSIA,SCHL,Dipl Acad of MoFA Russia
E0000006998,FRANKLINUNISWITZERLAND,SCHL,Franklin Uni Switzerland
E0000006999,NATIONALTAIPEIUNIOFBIZ,SCHL,National Taipei Uni of Biz
E0000007000,HIGHERCOLLEGESOFTECHNOLOGY,SCHL,Higher Colleges of Technology
E0000007001,NATIONALAMERICANUNIVERSITY,SCHL,National American University
E0000007002,SOASUNIVERSITYOFLONDON,SCHL,"SOAS, University of London"
E0000007003,KNOXCOLLEGE,SCHL,Knox College
E0000007004,LANECOMMUNITYCOLLEGE,SCHL,Lane Community College
E0000007005,TASHKENTSTATEUNIOFLAW,SCHL,Tashkent State Uni of Law
E0000007006,BANKINGACADEMYOFVIETNAM,SCHL,Banking Academy of Vietnam
E0000007007,WAREESINVESTMENTSPTELTD,SFTP,Warees Investments Pte Ltd
E0000007008,APJABDULKALAMTECHUNI,SCHL,APJ Abdul Kalam Tech Uni
E0000007009,KUEHNENAGELASIAPACIFIC,SFTP,Kuehne + Nagel (Asia Pacific)
E0000007011,BUDAPESTBUSINESSSCHOOL,SCHL,Budapest Business School
E0000007012,BRYANTUNIVERSITY,SCHL,Bryant University
E0000007013,CALIFORNIASTATEUNILONGBEACH,SCHL,California State Uni LongBeach
E0000007014,FIVESTARHAINANESECHICKENRI,SFTP,FIVE STAR HAINANESE CHICKEN RI
E0000007016,UNIVERSIDADELUSOFONA,SCHL,Universidade Lusofona
E0000007017,KEPPELTECHNOLOGYINNOVATION,SFTP,Keppel Technology & Innovation
E0000007018,STARFLEETAUTOPTELTD,SFTP,Starfleet Auto Pte Ltd
E0000007019,STARTMEDSPECIALISTCTEPL,SFTP,StartMed Specialist Cte PL
E0000007020,AYPSTAFFINGPTELTD,SFTP,AYP Staffing Pte. Ltd.
E0000007021,SEAGREENPRIVATELIMITED,SFTP,SEA GREEN (PRIVATE LIMITED)
E0000007022,MILLENIAPRIVATELIMITED,SFTP,Millenia Private Limited
E0000007023,SWISSCLUBSINGAPORE,SFTP,SWISS CLUB SINGAPORE
E0000007024,RYOSHOTECHNOSINGAPOREPTELT,SFTP,Ryosho Techno Singapore Pte Lt
E0000007025,ALFAISALUNIVERSITY,SCHL,Alfaisal University
E0000007026,VENTURECORPORATIONLIMITED,SFTP,Venture Corporation Limited
E0000007027,CHULABHORNINTCOLLOFMEDTU,SCHL,Chulabhorn Int Coll of Med TU
E0000007028,DEMENTIASINGAPORELTD,SFTP,Dementia Singapore Ltd
E0000007029,MONTANASTATEUNIBOZEMAN,SCHL,"Montana State Uni, Bozeman"
E0000007030,UNIVERSITASISLAMINDONESIA,SCHL,Universitas Islam Indonesia
E0000007031,BRIDGEWATERHOLDINGSPTELTD,SFTP,Bridgewater Holdings Pte Ltd
E0000007032,ASMFRONTENDMANUFACTURINGS,SFTP,ASM FRONT-END MANUFACTURING S
E0000007033,CHAMBERLAINCOLLEGEOFNURSING,SCHL,Chamberlain College of Nursing
E0000007034,SUNSHINERESIDENCESGROUPPTE,SFTP,Sunshine Residences Group Pte
E0000007035,PERTAPISEDUCATIONANDWELFARE,SFTP,PERTAPIS EDUCATION AND WELFARE
E0000007036,PARKWAYGROUPHEALTHCAREPL,SFTP,Parkway Group Healthcare PL
E0000007037,TECKWHYESECONDARYSCHOOL,SFTP,TECK WHYE SECONDARY SCHOOL
E0000007038,FENGSHANPRIMARYSCHOOL,SFTP,FENGSHAN PRIMARY SCHOOL
E0000007039,BEIJINGPOLICECOLLEGE,SCHL,Beijing Police College
E0000007040,CALIFORNIALUTHERANUNIVERSITY,SCHL,California Lutheran University
E0000007041,KYDRAPTELTD,SFTP,KYDRA PTE. LTD.
E0000007042,BARILLASINGAPOREPTELTD,SFTP,BARILLA SINGAPORE PTE. LTD
E0000007043,THEBONEMARROWDONORPROGRAMM,SFTP,The Bone Marrow Donor Programm
E0000007044,ASIAPRIMEHARVESTPTELTD,SFTP,Asia Prime Harvest Pte Ltd
E0000007045,POLARPUFFSCAKESPTELTD,SFTP,POLAR PUFFS & CAKES PTE LTD
E0000007046,VIRIYACOMMUNITYSERVICES,SFTP,VIRIYA COMMUNITY SERVICES
E0000007047,GOLDPLUSUNIVERSALPL,SFTP,Goldplus Universal PL
E0000007048,HUNTINGENERGYSERVICESPTDLT,SFTP,HUNTING ENERGY SERVICES PTD LT
E0000007049,HUNTINGENERGYSERVICESPTDLT,SFTP,HUNTING ENERGY SERVICES PTD LT
E0000007051,SANWAINTECASIAPTELTD,SFTP,SANWA-INTEC (ASIA) PTE LTD
E0000007052,CHILDRENATRISKEMPOWERMENTA,SFTP,Children At-Risk Empowerment A
E0000007053,HUNTINGENERGYSERVICESPTDLT,SFTP,HUNTING ENERGY SERVICES PTD LT
E0000007054,MAJMAAHUNIVERSITY,SCHL,Majmaah University
E0000007055,STRATESCHOOLOFDESIGNLYON,SCHL,Strate School of Design Lyon
E0000007056,HUTCHINSONRESEARC,SFTP,Hutchinson Researc
E0000007057,MSRAMAIAHUNIOFAPPLIEDSCI,SCHL,M S Ramaiah Uni of Applied Sci
E0000007058,TAKEDAPHARMACEUTICALS,SFTP,Takeda Pharmaceuticals
E0000007059,SENGKANGGENERALHOSPITAL,SFTP,Sengkang General Hospital
E0000007060,MEDIATEKSINGAPOREPTELTD,SFTP,Mediatek Singapore Pte Ltd
E0000007061,TAMPINESFAMILYMEDICINECLINI,SFTP,Tampines Family Medicine Clini
E0000007062,YUSOFISHAKSECONDARYSCHOOL,SFTP,Yusof Ishak Secondary School
E0000007063,TCICARDIOLOGYPTELTD,SFTP,TCI Cardiology Pte Ltd
E0000007064,SINGAPOREBIODESIGN,SCHL,Singapore Biodesign
E0000007065,JSSSCIENCEANDTECHNOLOGYUNI,SCHL,JSS Science and Technology Uni
E0000007066,UNIVERSITYOFBAHRAIN,SCHL,University of Bahrain
E0000007067,NITTEMEENAKSHIINSTOFTECH,SCHL,Nitte Meenakshi Inst of Tech
E0000007068,DIRECTORATEOFTECHNICALEDU,SCHL,Directorate of Technical Edu
E0000007069,DONGSEOUNIVERSITY,SCHL,Dongseo University
E0000007070,MINISTRYOFENERGY,SFTP,Ministry of Energy
E0000007071,IPSOSPTELTD,SFTP,Ipsos Pte Ltd
E0000007072,JIANGXIUNIOFSCIANDTECH,SCHL,Jiangxi Uni of Sci and Tech
E0000007073,RASHTRIYARAKSHAUNIVERSITY,SCHL,Rashtriya Raksha University
E0000007074,OSAKAGASSINGAPOREPTELTD,SFTP,Osaka Gas Singapore Pte Ltd
E0000007075,PFIZERASIAMANUFACTURINGPL,SFTP,Pfizer Asia Manufacturing PL
E0000007076,EASMEDPTELTD,SFTP,Easmed Pte Ltd
E0000007077,GOLDBELLENGINEERINGPTELTD,SFTP,GOLDBELL ENGINEERING PTE LTD
E0000007078,TEMASEKPOLYTECHNICTPO27,SFTP,Temasek Polytechnic (TPO27)
E0000007079,UNIVERSITYOFVERONA,SCHL,University of Verona
E0000007080,UICBARCELONA,SCHL,UIC Barcelona
E0000007081,MANDALAWELLNESSPSYCHOLOGY,SFTP,Mandala Wellness & Psychology
E0000007082,PUNGGOLGREENPRIMARYSCHOOL,SFTP,Punggol Green Primary School
E0000007083,AKCREDITCORPORATIONPTELTD,SFTP,AK CREDIT CORPORATION PTE. LTD
E0000007084,SINGAPOREPOLICEFORCE,SFTP,Singapore Police Force
E0000007085,ROCHESTERINSTITUTEOFTECH,SCHL,Rochester Institute of Tech
E0000007086,THEBANKOFPUNJAB,SFTP,The Bank of Punjab
E0000007087,REDNEXUS,SFTP,Red Nexus
E0000007088,BEYONDSOCIALSERVICES,SFTP,Beyond Social Services
E0000007089,CARLOCATTANEOUNIVERSITYLIUC,SCHL,Carlo Cattaneo University LIUC
E0000007090,PCSSECURITYPTELTD,SFTP,PCS Security Pte Ltd
E0000007091,MOUNTFABERLEISUREGROUPPTE,SFTP,MOUNT FABER LEISURE GROUP PTE.
E0000007092,PUNGGOLCOVEPRIMARYSCHOOL,SFTP,PUNGGOL COVE PRIMARY SCHOOL
E0000007093,CENTENNIALASIAADVISORS,SFTP,CENTENNIAL ASIA ADVISORS
E0000007094,CLUB21PTELTD,SFTP,CLUB 21 PTE LTD
E0000007095,SPOREINSTFORCLINICALSCIENC,SFTP,Spore Inst for Clinical Scienc
E0000007096,PACIFICINTERNATIONALLINES,SFTP,Pacific International Lines
E0000007097,SCHNEIDERELECTRICSOUTHEAST,SFTP,Schneider Electric South East
E0000007098,NEXCOMMASIAPTELTD,SFTP,Nexcomm Asia Pte Ltd
E0000007099,MASMAS4,SFTP,MAS (MAS04)
E0000007100,PANASONICAPPLIANCESRDCENTE,SFTP,PANASONIC APPLIANCES R&D CENTE
E0000007101,KECKSENGHOTELPTELTD,SFTP,KECK SENG HOTEL PTE LTD
E0000007102,EFFATUNIVERSITY,SCHL,Effat University
E0000007103,ZENXINAGRIORGANICFOODPTE,SFTP,ZENXIN AGRI-ORGANIC FOOD PTE.
E0000007104,SIMLIANMETROCAPITALPTE,SFTP,SIM LIAN - METRO CAPITAL PTE.
E0000007105,HBGHOLDINGSSINGAPOREPTEL,SFTP,HBG Holdings (Singapore) Pte L
E0000007106,BETTRBARISTAPTELTD,SFTP,BETTR BARISTA PTE. LTD
E0000007107,FAUJIFERTILIZERCOMPANYLIMIT,SFTP,Fauji Fertilizer Company Limit
E0000007108,PINESCITYCOLLEGES,SCHL,Pines City Colleges
E0000007109,WIDYADHARMA,SCHL,Widya Dharma
E0000007110,TSUDAUNIVERSITY,SCHL,Tsuda University
E0000007111,MIYAGIUNIVERSITYOFEDUCATION,SCHL,Miyagi University of Education
E0000007112,DYMONASIACAPITALSINGAPORE,SFTP,DYMON ASIA CAPITAL (SINGAPORE)
E0000007113,PHILLIPNOVAPTELTD,SFTP,PHILLIP NOVA PTE. LTD.
E0000007114,MIET,SCHL,MIET
E0000007115,AVIDADVENTURESPTELTD,SFTP,Avid Adventures Pte Ltd
E0000007116,KLOUDSPACESOLUTIONSPTELTD,SFTP,KLOUD SPACE SOLUTIONS PTE. LTD
E0000007117,KYDONHOLDINGSPTELTD,SFTP,KYDON HOLDINGS PTE. LTD.
E0000007118,MONLOGISTICSHOLDINGLLC,SFTP,Monlogistics Holding LLC
E0000007119,DSNATIONALLAWUNIVERSITY,SCHL,D S National Law University
E0000007120,NATIONALRESEARCHNUCLEARUNI,SCHL,National Research Nuclear Uni
E0000007121,LYCEEPIERREDEFERMAT,SCHL,Lycee Pierre de Fermat
E0000007122,NINGXIAMEDICALUNIVERSITY,SCHL,Ningxia Medical University
E0000007123,THEUNIVERSITYOFNOTREDAME,SCHL,The University of Notre Dame
E0000007124,MUTAHUNIVERSITY,SCHL,Mutah University
E0000007125,UNIVERSITYOFDEBRECEN,SCHL,University of Debrecen
E0000007126,BPPLAWSCHOOL,SCHL,BPP Law School
E0000007127,ADVANCETERTIARYCOLLEGE,SCHL,Advance Tertiary College
E0000007128,ROYALCOLLEGEOFPATHOLOGISTS,SCHL,Royal College of Pathologists
E0000007129,EARTHOX,SFTP,EARTHOX
E0000007130,ZHUHAICOLLEGEOFJILINUNI,SCHL,Zhuhai College of Jilin Uni
E0000007131,JINCHENGCOLLOFSICHUANUNI,SCHL,Jincheng Coll of Sichuan Uni
E0000007132,ZHUHAICOLLEGEOFSCIANDTECH,SCHL,Zhuhai College of Sci and Tech
E0000007133,MERCEDESBENZSINGAPOREPL,SFTP,Mercedes-Benz Singapore PL
E0000007134,ANSACTECHNOLOGYSPTELTD,SFTP,ANSAC TECHNOLOGY (S) PTE LTD
E0000007135,HCAHOSPICELIMITED,SFTP,HCA Hospice Limited
E0000007136,ELTECHPRODUCTSANDSERVICES,SFTP,ELTECH PRODUCTS AND SERVICES
E0000007137,MAKEAWISHFOUNDATION,SFTP,MAKE-A-WISH FOUNDATION
E0000007138,PARISSCIENCESETLETTRESUNI,SCHL,Paris Sciences et Lettres Uni
E0000007139,ANDRESBELLOCATHOLICUNI,SCHL,Andres Bello Catholic Uni
E0000007140,SANDAUNIVERSITY,SCHL,Sanda University
E0000007141,PHOENIXAUTOPRIVATELIMITED,SFTP,PHOENIX AUTO PRIVATE LIMITED
E0000007142,CAPEBRETONUNIVERSITY,SCHL,Cape Breton University
E0000007143,ASWARA,SCHL,ASWARA
E0000007144,TANJONGKATONGSECONDARYSCHL,SFTP,Tanjong Katong Secondary SCHL
E0000007145,IESEGSCHOOLOFMANAGEMENT,SCHL,IESEG School of Management
E0000007146,BOYSTOWN,SFTP,Boys' Town
E0000007147,COLLEGEOFINTENSIVECAREMED,SCHL,College of Intensive Care Med
E0000007148,STENGINEERINGINNOSPARKSPL,SFTP,ST Engineering Innosparks PL
E0000007149,SFSCHILE,SCHL,SFS Chile
E0000007150,IESBERLIN,SCHL,IES Berlin
E0000007151,EDUFRONTLEARNINGCENTREPL,SFTP,EDUFRONT LEARNING CENTRE PL
E0000007152,LYCEEHENRIIV,SCHL,Lycee Henri-IV
E0000007153,UNIVERSITYOFPARIS,SCHL,University of Paris
E0000007154,TEMASEKPOLYTECHNICTPO24,SFTP,Temasek Polytechnic (TPO24)
E0000007155,UNIOFBALEARICISLANDS,SCHL,Uni of Balearic Islands
E0000007156,ASOIU,SCHL,ASOIU
E0000007157,QUANZHOUNORMALUNIVERSITY,SCHL,Quanzhou Normal University
E0000007158,STMICROLECTRONICSPTELTD,SFTP,STMICROLECTRONICS PTE LTD
E0000007159,TECHNISCHEHOCHSCHULEMITTELHE,SCHL,Technische Hochschule Mittelhe
E0000007160,ASIAPACTECHNOLOGYPTELTD,SFTP,ASIAPAC TECHNOLOGY PTE. LTD
E0000007161,QBEINSURANCESINGAPOREPL,SFTP,QBE Insurance (Singapore) PL
E0000007162,LUMINARTPTELTD,SFTP,Luminart Pte Ltd
E0000007163,VMSDPTELTD,SFTP,VMSD Pte Ltd
E0000007164,GREENWAVESOLUTIONSPTELTD,SFTP,Greenwave Solutions Pte Ltd
E0000007165,CREDITCOUNSELLINGSINGAPORE,SFTP,Credit Counselling Singapore
E0000007166,3RLOGISTICSPTELTD,SFTP,3R LOGISTICS PTE. LTD
E0000007167,WAYPOINTPORTSERVICESSINGAPO,SFTP,Waypoint Port Services Singapo
E0000007168,FRATELLICOSULICHBUNKERSS,SFTP,Fratelli Cosulich Bunkers (S)
E0000007169,SHENYANGSPORTUNIVERSITY,SCHL,Shenyang Sport University
E0000007170,THENATIONALPOLICEUNI,SCHL,The National Police Uni
E0000007171,HALMSTADUNIVERSITY,SCHL,Halmstad University
E0000007172,ILEXMARKETSAPACPTELTD,SFTP,iLex Markets APAC Pte Ltd
E0000007173,NTUCINCOMEHOLDINGSPTELTD,SFTP,NTUC INCOME HOLDINGS PTE. LTD.
E0000007174,IPGFINANCIALSERVICESPL,SFTP,IPG FINANCIAL SERVICES PL
E0000007175,OXLEYOTTOPTELTD,SFTP,Oxley Otto Pte Ltd
E0000007176,GREENKONCEPTSPTELTD,SFTP,Green Koncepts Pte Ltd
E0000007177,THEPOLYOLEFINCOMPANY,SFTP,The Polyolefin Company
E0000007178,APMPROPERTYMANAGEMENTPL,SFTP,APM Property Management PL
E0000007179,PEBBLEROADPTELTD,SFTP,PebbleRoad Pte Ltd
E0000007180,SUNLOVEABODE,SFTP,SUNLOVE ABODE
E0000007181,MINISTRYOFEDUCATIONMOE1,SFTP,Ministry of Education (MOE19)
E0000007182,PRIMEMINISTERSOFFICEPMO4,SFTP,Prime Minister's Office(PMO04)
E0000007183,STENGINEERINGIDIRECTAPAC,SFTP,ST Engineering iDirect (APAC)
E0000007184,JTCCORPORATIONJTC27,SFTP,JTC Corporation (JTC27)
E0000007185,EMBRYRIDDLEAERONAUTICALUNI,SFTP,Embry-Riddle Aeronautical Uni
E0000007186,SECURITYRISKSOLUTIONSPL,SFTP,Security & Risk Solutions PL
E0000007187,SINGAPORECOUNCILOFWOMEN,SFTP,Singapore Council of Women
E0000007188,SINGAPOREPOLICEFORCE,SFTP,Singapore Police Force
E0000007189,REVAUNIVERSITY,SCHL,Reva University
E0000007190,LAFAYETTECOLLEGE,SCHL,Lafayette College
E0000007191,UNIOFALAZHARINDONESIA,SCHL,Uni of Al-Azhar Indonesia
E0000007192,HOWARDUNIVERSITY,SCHL,Howard University
E0000007193,NIKKOASSETMANAGEMENTASIA,SFTP,Nikko Asset Management Asia
E0000007194,SCOOTPTELTD,SFTP,SCOOT PTE. LTD.
E0000007195,MAXONMOTORSEAPTELTD,SFTP,Maxon Motor SEA Pte Ltd
E0000007196,SAIGONSPORTSCITYLIMITED,SFTP,Saigon Sports City Limited
E0000007197,BEHAVIOURALINSIGHTS,SFTP,Behavioural Insights
E0000007198,FLOTECHCONTROLSPTELTD,SFTP,FLOTECH CONTROLS PTE LTD
E0000007199,LIVINGSTONEHEALTHLTD,SFTP,LIVINGSTONE HEALTH LTD
E0000007200,WILHELMSENPORTSERVICESS,SFTP,Wilhelmsen Port Services (S)
E0000007201,AVNETASIAPTELTD,SFTP,Avnet Asia Pte Ltd
E0000007202,MAXWILLASIAPTELTD,SFTP,MAXWILL (ASIA) PTE LTD
E0000007203,HEALTHSCIENCESAUTHORITY,SFTP,Health Sciences Authority
E0000007204,MINGCHIUNIOFTECHNOLOGY,SCHL,Ming Chi Uni of Technology
E0000007205,SERVODYNAMICSPTELTD,SFTP,SERVO DYNAMICS PTE LTD
E0000007206,ITEITE28,SFTP,ITE (ITE28)
E0000007207,ADVENZPTELTD,SFTP,ADVENZ PTE. LTD.
E0000007208,AEROINSPECTIONASIAPTELTD,SFTP,AERO INSPECTION ASIA PTE LTD
E0000007209,STTCOMMUNICATIONSLTD,SFTP,STT COMMUNICATIONS LTD
E0000007210,VANGUARDFIRESYSTEMSPTELTD,SFTP,VANGUARD FIRE SYSTEMS PTE LTD
E0000007211,SEMBCORPWATERTECHPTELTD,SFTP,SEMBCORP WATERTECH PTE. LTD.
E0000007212,AIKMOHPAINTSCHEMICALSPTE,SFTP,Aik Moh Paints & Chemicals Pte
E0000007213,NTUCINCOMEINSURANCECOOPERA,SFTP,NTUC Income Insurance Co-opera
E0000007214,CAPTIONCUBEPTELTD,SFTP,CaptionCube Pte. Ltd
E0000007215,TAIUNSINPTELTD,SFTP,TAIUN (SIN) PTE. LTD.
E0000007216,ENTREPRENEURSORGANIZATION,SFTP,Entrepreneurs Organization
E0000007217,TELEFLEXMEDICALASIAPTELTD,SFTP,Teleflex Medical Asia Pte Ltd
E0000007218,PRINCESATTAMBINABDULAZIZU,SCHL,Prince Sattam Bin Abdulaziz U
E0000007219,BENGALURUCITYUNIVERSITY,SCHL,Bengaluru City University
E0000007220,SKIDMORECOLLEGE,SCHL,Skidmore College
E0000007221,AMERICANUNIOFTHEMIDEAST,SCHL,American Uni of the Mid East
E0000007222,ULAANBAATARSTATEUNIVERSITY,SCHL,Ulaanbaatar State University
E0000007223,LEAPNOTEPTELTD,SFTP,LEAP NOTE PTE. LTD.
E0000007224,HRPREMIUM,SFTP,HR Premium
E0000007225,NGEEANNPOLYTECHNICNPO4,SFTP,Ngee Ann Polytechnic (NPO04)
E0000007226,MITSUBISHIELECTRICASIAPL,SFTP,MITSUBISHI ELECTRIC ASIA PL
E0000007227,ORCHARDROADBUSINESSASSOC,SFTP,Orchard Road Business Assoc
E0000007228,SINGAPOREPOLICEFORCE,SFTP,Singapore Police Force
E0000007229,CLOUDSINEPTELTD,SFTP,Cloudsine Pte Ltd
E0000007230,SKINHEALTHSYSTEMPTELTD,SFTP,Skin Health System Pte Ltd
E0000007231,DSOURCINGPTELTD,SFTP,DSOURCING PTE LTD
E0000007232,CYINVESTMENTSGPTELTD,SFTP,CY INVESTMENT (SG) PTE. LTD.
E0000007233,MORPHEUSCONSULTINGPTELTD,SFTP,MORPHEUS CONSULTING PTE. LTD.
E0000007234,XCELINDUSTRIALSUPPLIESPL,SFTP,XCEL INDUSTRIAL SUPPLIES PL
E0000007235,OTSUKAHOLDINGSCOLTD,SFTP,"Otsuka Holdings Co., Ltd."
E0000007236,SEATOBAGPTELTD,SFTP,SEATOBAG PTE. LTD
E0000007237,INCARASPTELTD,SFTP,INC. ARAS PTE. LTD.
E0000007238,BANKJULIUSBAERCOLTD,SFTP,Bank Julius Baer & Co. Ltd.
E0000007239,CRYSTALCLEARMANAGEMENTPL,SFTP,CRYSTAL CLEAR MANAGEMENT PL
E0000007240,COSLOILTECHSINGAPORELTD,SFTP,COSL OIL-TECH (SINGAPORE) LTD.
E0000007241,2262STYLEMANAGEMENTPTELTD,SFTP,2262 Style Management Pte. Ltd
E0000007242,NOVOHOLDINGSEQUITYASIAPL,SFTP,NOVO HOLDINGS EQUITY ASIA PL
E0000007243,PTBANKCENTRALASIATBK,SFTP,PT BANK CENTRAL ASIA TBK
E0000007244,SHIMANOSINGAPOREPL,SFTP,Shimano (Singapore) PL
E0000007245,GIVEASIAPTELTD,SFTP,GIVEASIA PTE. LTD.
E0000007246,ESINVISAPTELTD,SFTP,ESIN VISA PTE. LTD.
E0000007247,PAMEENGINEERINGPTELTD,SFTP,Pame Engineering Pte Ltd
E0000007248,IBMECCOLLEGE,SCHL,IBMEC College
E0000007249,NOCPARIS,SCHL,NOC Paris
E0000007250,NOCBANGKOK,SCHL,NOC Bangkok
E0000007251,NOCBANDUNG,SCHL,NOC Bandung
E0000007252,NOCJAKARTA,SCHL,NOC Jakarta
E0000007253,NOCYOGYAKARTA,SCHL,NOC Yogyakarta
E0000007254,LEIDENUNIVERSITYHAGUECAMPUS,SCHL,Leiden University Hague Campus
E0000007255,FITBLOCPTELTD,SFTP,FITBLOC PTE. LTD.
E0000007256,KEPPELENTERPRISEFINHUBPL,SFTP,Keppel Enterprise FinHub PL
E0000007257,KEPPELLANDRETAILCONSULTANCY,SFTP,KEPPEL LAND RETAIL CONSULTANCY
E0000007258,PERMATAVENTUREPTELTD,SFTP,Permata Venture Pte Ltd
E0000007259,EUROMONITORINTERNATIONAL,SFTP,EUROMONITOR INTERNATIONAL
E0000007260,MGCPURECHEMICALSSINGAPORE,SFTP,MGC PURE CHEMICALS SINGAPORE
E0000007261,ZYRUPMEDIAPTELTD,SFTP,ZYRUP MEDIA PTE LTD
E0000007262,STARTUPSINC,SFTP,"Startups, Inc"
E0000007263,GUIZHOUOPENUNIVERSITY,SCHL,Guizhou Open University
E0000007264,CENGAGELEARNINGASIAPTELTD,SFTP,Cengage Learning Asia Pte Ltd
E0000007265,HOUSINGANDDEVTBOARDHDB27,SFTP,Housing and Devt Board (HDB27)
E0000007266,EDWARDSLIFESCIENCESPTELTD,SFTP,Edwards Lifesciences Pte Ltd
E0000007267,HONGRUICONSTRUCTIONPTELTD,SFTP,Hong Rui Construction Pte. Ltd
E0000007268,ONEWELLNESSPTELTD,SFTP,ONE WELLNESS PTE LTD
E0000007269,NCSSNCS4,SFTP,NCSS (NCS04)
E0000007270,HEALTHSCIENCESAUTHORITY,SFTP,Health Sciences Authority
E0000007271,GLORYGLOBALSOLUTIONS,SFTP,GLORY GLOBAL SOLUTIONS
E0000007272,ARETEASIAPACIFICPTELTD,SFTP,ARETE ASIA PACIFIC PTE. LTD
E0000007273,QSQUAREDSOLUTIONSPTELTD,SFTP,Q Squared Solutions Pte Ltd
E0000007274,ORANGEVALLEYNURSINGHOMES,SFTP,ORANGE VALLEY NURSING HOMES
E0000007275,SWIFTEMERGENCYAMBULANCESERV,SFTP,SWIFT EMERGENCY AMBULANCE SERV
E0000007276,ASSOCOFPROCESSINDUSTRYASPRI,SFTP,Assoc of ProcessIndustry-ASPRI
E0000007277,EPPENDORFASIAPACIFICSDNBHD,SFTP,Eppendorf Asia Pacific Sdn Bhd
E0000007278,KEPPELLANDREGIONALINVESTME,SFTP,KEPPEL LAND (REGIONAL INVESTME
E0000007279,HIKARUVONGDESIGNPTELTD,SFTP,Hikaru Vong Design Pte Ltd
E0000007280,MSRGREENCORPORATIONSPL,SFTP,MSR GREEN CORPORATION (S) PL
E0000007281,PARKHOTELGROUPMANAGEMENT,SFTP,PARK HOTEL GROUP MANAGEMENT
E0000007282,CERTISTECHNOLOGYSINGAPORE,SFTP,Certis Technology (Singapore)
E0000007283,NCSCOMMUNICATIONSENGINEERING,SFTP,NCS Communications Engineering
E0000007284,CENTRALPROVIDENTFUNDCPF3,SFTP,Central Provident Fund (CPF93)
E0000007285,MARITIMEANDPORTMPA33,SFTP,Maritime and Port (MPA33)
E0000007286,MOGEFREPUBLICOFKOREA,OTHR,"MOGEF, Republic of Korea"
E0000007287,VELAOPERATIONSSINGAPOREPL,SFTP,VELA OPERATIONS SINGAPORE PL
E0000007288,GWCCOMMERCIALPTELTD,SFTP,GWC COMMERCIAL PTE. LTD.
E0000007289,PTASIAGREENREALESTATE,SFTP,PT Asia Green Real Estate
E0000007290,ASEANUNIVERSITYNETWORK,SCHL,ASEAN University Network
E0000007291,INNOSPECLIMITEDBRANCHOFFICE,SFTP,INNOSPEC LIMITED BRANCH OFFICE
E0000007292,MINDSTRETCHEREDUCATIONPL,SFTP,MIND STRETCHER EDUCATION PL
E0000007293,HOUSINGANDDEVTBOARDHDB56,SFTP,Housing and Devt Board (HDB56)
E0000007294,IPOS,OTHR,IPOS
E0000007295,SAVH,OTHR,SAVH
E0000007296,AVPN,OTHR,AVPN
E0000007297,SADSLTD,OTHR,SADS.Ltd
E0000007298,CONTITECH,OTHR,ContiTech
E0000007299,TEEKAYMARINESGPPTELTD,OTHR,Teekay Marine (SGP) Pte. Ltd.
E0000007300,DANDERYDHOSPITAL,OTHR,Danderyd Hospital
E0000007301,INRIA,OTHR,INRIA
E0000007302,BANCOSANTANDERSAHKBR,OTHR,"Banco Santander, S.A. HK Br"
E0000007303,DEUTSCHEBANKHONGKONG,OTHR,Deutsche Bank Hong Kong
E0000007304,RUNDOO,OTHR,Rundoo
E0000007305,PTTATACONSULTANCYSERVICES,OTHR,PT. Tata Consultancy Services
E0000007306,TILLEKEGIBBINS,OTHR,Tilleke & Gibbins
E0000007307,BRAEMARACMSHIPBROKING,OTHR,Braemar ACM Shipbroking
E0000007308,PACIFICINTERNATIONALLINES,OTHR,Pacific International Lines
E0000007309,SWIRESHIPPINGPTELTD,OTHR,Swire Shipping Pte Ltd
E0000007310,RIGHTSHIPSINGAPOREPTELTD,OTHR,RightShip Singapore Pte Ltd
E0000007311,CUBERG,OTHR,Cuberg
E0000007312,KALIBERLABSINC,OTHR,"KaliberLabs, Inc."
E0000007313,JURONGPORTPTELTD,OTHR,JURONG PORT PTE LTD
E0000007314,ALPHAORITECHNOLOGIES,OTHR,ALPHA ORI TECHNOLOGIES
E0000007315,MINISTRYOFEDUCATIONMOE12,SFTP,Ministry of Education (MOE12)
E0000007316,TALENTVISSINGAPOREPTELTD,SFTP,TALENTVIS SINGAPORE PTE LTD
E0000007317,COMPLETEHEALTHCAREINTL,SFTP,COMPLETE HEALTHCARE INTL
E0000007318,SCAPECOLTD,SFTP,"*SCAPE CO., LTD."
E0000007319,AFFINITYEQUITYPARTNERSS,SFTP,Affinity Equity Partners (S)
E0000007320,YANGERMEISTERSTUDIOSPTELTD,SFTP,YANGERMEISTER STUDIOS PTE. LTD
E0000007321,SMITIVGOPTELTD,SFTP,SMITIV GO PTE LTD
E0000007322,RAMSMAGLIFTINGTECHNOLOGIES,SFTP,RAM SMAG LIFTING TECHNOLOGIES
E0000007323,VERIFONESINGAPOREPTELTD,SFTP,Verifone Singapore Pte Ltd
E0000007324,ASTARRESEARCHENTITIESCG,SFTP,A*STAR Research Entities(CG)
E0000007325,AUCKLANDUNISERVICESLIMITED,SFTP,AUCKLAND UNISERVICES LIMITED
E0000007326,NEOLANDGROUPPTYLTD,SFTP,Neoland Group Pty Ltd
E0000007327,SINGAPOREPOLYTECHNICSPO26,SFTP,Singapore Polytechnic (SPO26)
E0000007328,ALLENGLEDHILLLLP,SFTP,Allen & Gledhill LLP
E0000007329,STAEROSPACESERVICESCOPL,SFTP,ST Aerospace Services Co P/L
E0000007330,UNIVERSITYOFGEZIRA,SCHL,University of Gezira
E0000007331,HOUSINGANDDEVTBOARDHDB54,SFTP,Housing and Devt Board (HDB54)
E0000007332,HCLSINGAPOREPTELTD,SFTP,HCL Singapore Pte. Ltd.
E0000007333,KWONGWAISHIUHOSPITAL,SFTP,Kwong Wai Shiu Hospital
E0000007334,JINGDEZHENCERAMICINSTITUTE,SCHL,Jingdezhen Ceramic Institute
E0000007335,MAYBANKFOUNDATION,SFTP,Maybank Foundation
E0000007336,NEWCONBUILDERSPTELTD,SFTP,NEWCON BUILDERS PTE LTD
E0000007337,AMSOSRAMASIAPACIFICPL,SFTP,ams-OSRAM Asia Pacific PL
E0000007338,KEMININDUSTRIESASIAPL,SFTP,Kemin Industries(Asia)PL
E0000007339,ONELEGALLLC,SFTP,ONE LEGAL LLC
E0000007340,SAFRANLANDINGSYSTEMSSERVICE,SFTP,SAFRAN LANDING SYSTEMS SERVICE
E0000007341,NGEEANNPOLYTECHNICNPO6,SFTP,Ngee Ann Polytechnic (NPO06)
E0000007342,IRASIRA15,SFTP,IRAS (IRA15)
E0000007343,IRASIRA16,SFTP,IRAS (IRA16)
E0000007344,STTGDCPTELTD,SFTP,STT GDC PTE LTD
E0000007345,ENEOSCORPORATION,SFTP,Eneos Corporation
E0000007346,SCHINDLERLIFTSSPOREPL,SFTP,Schindler Lifts(S'pore)PL
E0000007347,THEBOYSBRIGADELEARNINGCEN,OTHR,The Boys' Brigade Learning Cen
E0000007348,ESSECBUSINESSSCHOOLASIAC,SCHL,ESSEC Business School (ASIA C)
E0000007349,INSTITUTEOFADVANCEDRESEARCH,SCHL,Institute of Advanced Research
E0000007350,AYUDANTEINC,SFTP,"Ayudante, Inc"
E0000007351,SUPREMEENTERPRISES,SFTP,Supreme Enterprises
E0000007352,CARDINALHEALTHSINGAPORE225,SFTP,CARDINAL HEALTH SINGAPORE 225
E0000007353,GLAXOSMITHKLINEBIOLOGICALS,SFTP,GlaxoSmithKline Biologicals
E0000007354,JTCCORPORATIONJTC15,SFTP,JTC Corporation (JTC15)
E0000007355,JTCCORPORATIONJTC13,SFTP,JTC Corporation (JTC13)
E0000007356,HAOCHINESELANGUAGECTEPL,SFTP,Hao Chinese Language Cte PL
E0000007357,SINGAPOREAMERICANSCHOOLLTD,SFTP,SINGAPORE AMERICAN SCHOOL LTD
E0000007358,INSTOFSUSTFORCEE,SFTP,"Inst of Sust for C,E,E"
E0000007359,SUNDAC,SFTP,SUN-DAC
E0000007360,ENGINEERSPTELTD,SFTP,Engineers 9000 Pte Ltd
E0000007361,HYLAARCHITECTS,SFTP,HYLA Architects
E0000007362,ECONMEDICARECENTREPTELTD,SFTP,ECON MEDICARE CENTRE PTE LTD
E0000007363,BABYSTEPSSGPTELTD,SFTP,Babysteps SG (Pte. Ltd.)
E0000007364,BIORITHMPTELTD,SFTP,Biorithm Pte Ltd
E0000007365,SPIMARINEASIAPL,SFTP,SPI Marine (Asia) PL
E0000007366,GAMINGHOWPTELTD,SFTP,Gaming How Pte. Ltd.
E0000007367,THEJURONGBIRDPARKPL,SFTP,The Jurong Bird Park PL
E0000007368,AQUAPORINASIAPTELTD,SFTP,Aquaporin Asia Pte. Ltd.
E0000007369,QORVOINTERNATIONALPTELTD,SFTP,Qorvo International Pte Ltd
E0000007370,ANCHORGREENPRIMARYSCHOOL,SFTP,ANCHOR GREEN PRIMARY SCHOOL
E0000007371,BELLEVUECOLLEGE,SCHL,Bellevue College
E0000007372,FOMUASEM,SCHL,FOM UASEM
E0000007373,KIDSTARTSINGAPORELTD,SFTP,KidSTART Singapore Ltd
E0000007374,UNIONGASPTELTD,SFTP,UNION GAS PTE LTD
E0000007375,SKILLSFUTURESINGAPORESSG7,SFTP,SkillsFuture Singapore (SSG07)
E0000007376,LAMINATEDOORPTELTD,SFTP,LAMINATE DOOR PTE. LTD.
E0000007377,PRIMEMINISTERSOFFICEPMO2,SFTP,Prime Minister's Office(PMO02)
E0000007378,ACTIVEGLOBALRESPITECAREPL,SFTP,Active Global Respite Care PL
E0000007379,NATHALINSHIPPINGPTELTD,SFTP,NATHALIN SHIPPING PTE. LTD.
E0000007380,OCEANNETWORKEXPRESSPTELTD,SFTP,OCEAN NETWORK EXPRESS PTE. LTD
E0000007381,ONETECHSTOPPTELTD,SFTP,ONE Tech Stop Pte Ltd
E0000007382,INGRAMMICROASIAPTELTD,SFTP,Ingram Micro Asia Pte Ltd
E0000007383,CONSTELLARGROUPPTELTD,SFTP,Constellar Group Pte Ltd
E0000007384,ACRONISASIAPTELTD,SFTP,Acronis Asia Pte Ltd
E0000007385,TOTEBOARDTOT1,SFTP,TOTE BOARD (TOT01)
E0000007386,FUJIKINSINGAPOREPTELTD,SFTP,Fujikin Singapore Pte Ltd
E0000007387,IRASIRA1,SFTP,IRAS (IRA10)
E0000007388,KMCOMPTELTD,SFTP,KMC O&M PTE. LTD.
E0000007389,IRASIRA17,SFTP,IRAS (IRA17)
E0000007390,CLUBHEAL,SFTP,Club HEAL
E0000007391,CLEARBRIDGEMEDICALGROUPPL,SFTP,CLEARBRIDGE MEDICAL GROUP PL
E0000007392,FILOSCOMMUNITYSERVICESLTD,SFTP,Filos Community Services Ltd
E0000007393,SSCSSC15,SFTP,SSC (SSC15)
E0000007394,HEALTHANDMEDICALPRACTICE,SFTP,HEALTH AND MEDICAL PRACTICE
E0000007395,SONOVASINGAPOREPTELTD,SFTP,Sonova Singapore Pte Ltd
E0000007396,IRASIRA11,SFTP,IRAS (IRA11)
E0000007397,INCOMEINSURANCELIMITED,SFTP,Income Insurance Limited
E0000007398,STENGINEERINGAEROSPACEENG,SFTP,ST Engineering Aerospace Eng
E0000007399,IOCONSULTANTSPTELTD,SFTP,IO-CONSULTANTS PTE LTD
E0000007400,GAMUTMEDIAPTELTD,SFTP,GAMUT MEDIA PTE. LTD.
E0000007401,BBRAUNSINGAPOREPTELTD,SFTP,B. Braun Singapore Pte Ltd.
E0000007402,SUMITOMOCHEMICALENGINEERING,SFTP,SUMITOMO CHEMICAL ENGINEERING
E0000007403,ALLIEDWORLDASSURANCECOMPANY,SFTP,Allied World Assurance Company
E0000007404,SOUDAHDEVELOPMENTCOMPANY,SFTP,Soudah Development Company
E0000007405,DELOITTETOUCHEMIDDLEEAST,SFTP,Deloitte & Touche Middle East
E0000007406,ROYALBANKOFCANADA,SFTP,Royal Bank Of Canada
E0000007407,CENTRALPROVIDENTFUNDCPF54,SFTP,Central Provident Fund (CPF54)
E0000007408,UNIVERSITASNEGERIMALANG,SFTP,UNIVERSITAS NEGERI MALANG
E0000007409,KEPPELINFRASTRUCTUREHOLDINGS,SFTP,Keppel Infrastructure Holdings
E0000007410,TPDENTALSURGEONSPTELTD,SFTP,TP Dental Surgeons Pte Ltd
E0000007411,ANGLOEASTERNSHIPMANAGEMTSG,SFTP,Anglo-Eastern ShipManagemt(SG)
E0000007412,ACRONISASIARESEARCHDEVELOPM,SFTP,Acronis Asia Research&Developm
E0000007413,A3KLIVINGCOPTELTD,SFTP,A3K LIVING CO PTE. LTD.
E0000007414,8MEDIAESTHETICSSOMERSET,SFTP,8 MEDI-AESTHETICS (SOMERSET)
E0000007415,DSIMLABTECHNOLOGIESPTELTD,SFTP,D-Simlab Technologies PteLtd
E0000007416,UNCLEHOPTELTD,SFTP,Uncle Ho Pte Ltd
E0000007417,CREDITAGRICOLECORPORATE,SFTP,Credit Agricole Corporate
E0000007418,SECUREAGETECHNOLOGY,SFTP,SecureAge Technology
E0000007419,WRISEMANAGEMENTSERVICESPL,SFTP,WRISE MANAGEMENT SERVICES PL
E0000007420,QSFIRSTPTELTD,SFTP,QS-FIRST PTE LTD
E0000007421,KELLERHALSCARRARDZURICH,SFTP,Kellerhals Carrard Zurich
E0000007422,GASTECHNOLOGYDEVELOPMENTPL,SFTP,GAS TECHNOLOGY DEVELOPMENT PL
E0000007423,TPRIDEPTELTD,SFTP,T-PRIDE PTE. LTD.
E0000007424,FEDERALUNIVERSITYOFPARAIBA,SCHL,Federal University of Paraíba
E0000007425,UNIVERSITYOFNORTHERNBRITISH,SCHL,University of Northern British
E0000007426,NORTHERNLIGHTSCOLLEGE,SCHL,Northern Lights College
E0000007427,ZHEJIANGBUSINESSCOLLEGE,SCHL,Zhejiang Business College
E0000007428,HUNANUNIVERSITYOFSCIENCEAN,SCHL,Hunan University of Science an
E0000007429,NINGBOTECHUNIVERSITY,SCHL,NingboTech University
E0000007430,UNIVERSITYOFLILLE,SCHL,University of Lille
E0000007431,FEDERALINSTITUTEOFTECHNOLOG,SCHL,Federal Institute of Technolog
E0000007432,SINGAPOREINSTITUTEOFSURVEYO,SCHL,Singapore Institute of Surveyo
E0000007433,KYUNGNAMUNIVERSITY,SCHL,Kyungnam University
E0000007434,BUGEMAUNIVERSITY,SCHL,BUGEMA UNIVERSITY
E0000007435,MILLERSVILLEUNIVERSITY,SCHL,Millersville University
E0000007436,TECHNOLOGICALUNIVERSITYDUBLI,SCHL,Technological University Dubli
E0000007437,TECHNOLOGICALUNIVERSITYMAGW,SCHL,Technological University (Magw
E0000007438,NSEASIAPRODUCTSPTELTD,SFTP,"NSE ASIA PRODUCTS, PTE. LTD."
E0000007439,EDRINGTONSINGAPOREPTELTD,SFTP,Edrington Singapore Pte. Ltd.
E0000007440,MALAYSIANMMC,SFTP,Malaysian MMC
E0000007441,NGEEANNPOLYTECHNICNPO2,SFTP,Ngee Ann Polytechnic (NPO02)
E0000007442,SSSHSCHOOLOFPUBLICHEALTH,SFTP,SSSH School of Public Health
E0000007443,OLYMPUSSINGAPOREPTELTD,SFTP,Olympus Singapore Pte Ltd
E0000007444,REPUBLICPOLYTECHNICRPO3,SFTP,Republic Polytechnic (RPO30)
E0000007445,CATLINSINGAPOREPTELTD,SFTP,CATLIN SINGAPORE PTE LTD
E0000007446,ROYALTGROUPPTELTD,SFTP,Royal T Group Pte Ltd
E0000007447,ENSIIE,SCHL,ENSIIE
E0000007448,OMRONASIAPACIFICPTELTD,SFTP,Omron Asia Pacific Pte Ltd
E0000007449,STONECYBERSECURITYPTELTD,SFTP,STONE CYBERSECURITY PTE. LTD.
E0000007450,KEPPELDATACENTRESPTELTD,SFTP,Keppel Data Centres Pte. Ltd.
E0000007451,KLNCOLLEGEOFENGINEERING,SCHL,KLN COLLEGE OF ENGINEERING
E0000007452,PLAYEUMLTD,SFTP,PLAYEUM LTD
E0000007453,SINOPPELDEVICEPTELTD,SFTP,Sinoppel Device Pte Ltd
E0000007454,SPSERVICESLIMITED,SFTP,SP Services Limited
E0000007455,DALIANNEUSOFTUNIVERSITYOFI,SCHL,Dalian Neusoft University of I
E0000007456,HUANGSHANUNIVERSITY,SCHL,Huangshan University
E0000007457,NATIONALINSTITUTESFORFOODA,SCHL,National Institutes for Food a
E0000007458,RAJIVGANDHIUNIVERSITYOFKNO,SCHL,Rajiv Gandhi University of Kno
E0000007459,PEOPLESPUBLICSECURITYUNIVE,SCHL,People's Public Security Unive
E0000007460,SICHUANUNIVERSITYOFSCIENCE,SCHL,Sichuan University of Science
E0000007461,GUANGZHOUACADEMYOFFINEARTS,SCHL,Guangzhou Academy of Fine Arts
E0000007462,GALDERMASINGAPOREPL,SFTP,Galderma Singapore PL
E0000007463,WONGPARTNERSHIPLLP,SFTP,WongPartnership LLP
E0000007464,UNITEDMARITIMEPTELTD,SFTP,UNITED MARITIME PTE. LTD.
E0000007465,MORPHBRANDPTELTD,SFTP,Morph Brand Pte Ltd
E0000007466,VIRTUEDIAGNOSTICSSGPL,SFTP,VIRTUE DIAGNOSTICS SG PL
E0000007467,UNIVERSIDADDELEON,SCHL,Universidad de León
E0000007468,ASSUMPTIONPATHWAYSCHOOL,SFTP,Assumption Pathway School
E0000007469,CHEVRONSINGAPOREPTELTD,SFTP,CHEVRON SINGAPORE PTE. LTD.
E0000007470,WINGMATES,SFTP,WINGMATES
E0000007471,NANYANGPOLYTECHNICNYP2,SFTP,Nanyang Polytechnic (NYP02)
E0000007472,INFOFABRICACONSULTINGPTELTD,SFTP,InfoFabrica Consulting Pte Ltd
E0000007473,AXILSCIENTIFICPTELTD,SFTP,AXIL SCIENTIFIC PTE. LTD.
E0000007474,NEWDAWNFROZENFOODPTELTD,SFTP,NEW DAWN FROZEN FOOD PTE LTD
E0000007475,SKILLSFUTURESINGAPORESSG,SFTP,SkillsFuture Singapore (SSG09)
E0000007476,CENTRALPROVIDENTFUNDCPF41,SFTP,Central Provident Fund (CPF41)
E0000007477,SEATRIUMSEASCANPTELTD,SFTP,SEATRIUM SEA SCAN PTE LTD
E0000007478,SINGAPOREGENERALHOSPITAL,SFTP,Singapore General Hospital
E0000007479,AEIRESOURCESPTELTD,SFTP,AEI RESOURCES PTE LTD
E0000007480,SAFRANATIONALSERVICEASSO,SFTP,SAFRA NATIONAL SERVICE ASSO
E0000007481,ASIAPACIFICINSTITUTEOFMANA,SCHL,Asia Pacific Institute of Mana
E0000007482,ITEITE4,SFTP,ITE (ITE04)
E0000007483,SKYLINELUGESINGAPORECO,SFTP,SKYLINE LUGE SINGAPORE CO
E0000007484,SAINTJULIENCLINICALASSOC,SFTP,SAINT-JULIEN CLINICAL ASSOC
E0000007485,NELNAFARMPVTLTD,SFTP,NELNA FARM (PVT) LTD
E0000007486,IMPERIALTREASURERESTAURANT,SFTP,Imperial Treasure Restaurant
E0000007487,THAKRALCORPORATIONLTD,SFTP,THAKRAL CORPORATION LTD
E0000007488,APSNEDUCATIONSERVICESLTD,SFTP,APSN EDUCATION SERVICES LTD
E0000007489,INSTITUTEFORINFOCOMMRESEARC,SFTP,Institute for Infocomm Researc
E0000007490,TEHOWATERENVIROTECPL,SFTP,Teho Water&Envirotec PL
E0000007491,BOARDOFAUDITOFJAPAN,SFTP,Board of Audit of Japan
E0000007492,NIPPONLIFEINSURANCECOMPANY,SFTP,Nippon Life Insurance Company
E0000007493,KYUSHURAILWAYCOMPANY,SFTP,Kyushu Railway Company
E0000007494,STATEPROGFORHEOFAZERBAIJI,SFTP,State Prog for HE of Azerbaiji
E0000007495,JTCCORPORATIONJTC35,SFTP,JTC Corporation (JTC35)
E0000007496,STENGINEERINGMANAGEMENTSERV,SFTP,ST Engineering Management Serv
E0000007497,NTUCFIRSTCAMPUSLIMITED,SFTP,NTUC First Campus Limited
E0000007498,MADRASAHALARABIAHALISLAMIA,SFTP,Madrasah Al-Arabiah Al-Islamia
E0000007499,PONTIFICALUNIVERSITYOFTHEH,SCHL,Pontifical University of the H
E0000007500,BURRENCOLLEGEOFART,SCHL,Burren College of Art
E0000007501,NPSINTERNATIONALSCHOOL,SCHL,NPS International School
E0000007502,ROCKWELLAUTOMATIONAP,SFTP,ROCKWELL AUTOMATION AP
E0000007503,SCSKASIAPACIFICPTELTD,SFTP,SCSK Asia Pacific Pte. Ltd.
E0000007504,FFCENERGYLIMITED,SFTP,FFC Energy Limited
E0000007505,MITARTDESIGNTECHNOLOGYU,SCHL,"MIT-Art, Design & Technology U"
E0000007506,KRANJISECONDARYSCHOOL,SCHL,Kranji Secondary School
E0000007507,ITEITE21,SFTP,ITE (ITE21)
E0000007508,KINGEDWARDMEDICALUNIVERSITY,SCHL,King Edward Medical University
E0000007509,FOODLINESGPTELTD,SFTP,FoodLine.sg Pte Ltd
E0000007510,CLUBRAINBOWSINGAPORE,SFTP,Club Rainbow (Singapore)
E0000007511,SASCOSENIORCITIZENS’HOME,SFTP,SASCO Senior Citizens’ Home
E0000007512,DOWNSYNDROMEASSOCIATION,SFTP,Down Syndrome Association
E0000007513,LYCEESAINTLOUIS,SCHL,Lycee Saint-Louis
E0000007514,HOCKLIANHUATFOODSTUFFIND,SFTP,Hock Lian Huat Foodstuff Ind
E0000007515,MADRASAHIRSYADZUHRIALISLAM,SFTP,Madrasah Irsyad Zuhri Al-Islam
E0000007516,STATEPOLYTECHNICOFMALANG,SCHL,State Polytechnic of Malang
E0000007517,OUBCENTRELIMITED,SFTP,OUB CENTRE LIMITED
E0000007518,KCSSPESTMANAGEMENTPTELTD,SFTP,KCSS PEST MANAGEMENT PTE. LTD.
E0000007519,TAIYONGCONSTRUCTIONPTELTD,SFTP,TAI YONG CONSTRUCTION PTE. LTD
E0000007520,ERGOINSURANCEPTELTD,SFTP,ERGO Insurance Pte Ltd
E0000007521,THIQAHBUSINESSSERVICES,SFTP,THIQAH Business Services
E0000007522,MAJLISUGAMAISLAMMUI1,SFTP,Majlis Ugama Islam (MUI01)
E0000007523,ELHTECHSPTELTD,SFTP,ELH TECH (S) PTE. LTD
E0000007524,SIRJANUNIVERSITYOFTECHNOLOG,SCHL,Sirjan University of Technolog
E0000007525,HENGLIPETROCHEMICALINTL,SFTP,Hengli Petrochemical Intl
E0000007526,MODECOFFSHOREPRODUCTION,SFTP,MODEC OFFSHORE PRODUCTION
E0000007527,BANKOFGHANA,SFTP,BANK OF GHANA
E0000007528,CAPITALMARKETAUTHORITY,SFTP,Capital Market Authority
E0000007529,KEPPELNEWENERGYPTELTD,SFTP,KEPPEL NEW ENERGY PTE. LTD.
E0000007530,TAICHONGCHEANGSTEAMSHIPCO,SFTP,Tai Chong Cheang Steamship Co
E0000007531,GATTEFOSSEASIAPACIFICPL,SFTP,Gattefosse Asia Pacific PL
E0000007532,IBVOGTSINGAPOREPTELTD,SFTP,IB VOGT (SINGAPORE) PTE. LTD.
E0000007533,SWISSREASIAPTELTD,SFTP,Swiss Re Asia Pte. Ltd.
E0000007534,BIOFOURMISSINGAPOREPTELTD,SFTP,Biofourmis Singapore Pte. Ltd.
E0000007535,KEPPELDHCSPTELTD,SFTP,KEPPEL DHCS PTE LTD
E0000007536,MASMAS15,SFTP,MAS (MAS15)
E0000007537,TEAMBUILDENGINEERINGCONS,SFTP,TEAMBUILD ENGINEERING & CONS
E0000007538,ELLIOTTEBARASINGAPOREPL,SFTP,ELLIOTT EBARA SINGAPORE PL
E0000007539,BODYLINETRADINGPRIVATELTD,SFTP,BODYLINE TRADING (PRIVATE) LTD
E0000007540,COLLEGESOFEXCELLENCE,SFTP,COLLEGES OF EXCELLENCE
E0000007541,VINOBABHAVEUNIVERSITY,SCHL,Vinoba Bhave University
E0000007542,KNOWLESELECTRONICSPHL,SFTP,KNOWLES ELECTRONICS (PHL)
E0000007543,WOODWARDACADEMY,SCHL,Woodward Academy
E0000007544,DPSINTERNATIONALSCHOOL,SCHL,DPS International School
E0000007545,ROYALAUSTRALASIANCOLLEGEOF,SCHL,Royal Australasian College of
E0000007546,FRASERSPROPERTYTREASURYPL,SFTP,Frasers Property Treasury PL
E0000007547,AIMFIRESYSTEMSANDENGR,SFTP,AIM FIRE SYSTEMS AND ENGR
E0000007548,MALEWATERSEWERAGECOMPANY,SFTP,MALE WATER & SEWERAGE COMPANY
E0000007549,PENTABACHYJOINTVENTURE,SFTP,PENTA-BACHY JOINT VENTURE
E0000007550,SUZANOPULPPAPERAMERICA,SFTP,SUZANO PULP & PAPER AMERICA
E0000007551,ENERGYMARKETCOMPANYPTELTD,SFTP,Energy Market Company Pte Ltd
E0000007552,IRASIRA7,SFTP,IRAS (IRA07)
E0000007553,GOGLOBALGEMPTELTD,SFTP,Go Global Gem Pte. Ltd.
E0000007554,INSTITUTEANDFACULTYOFACTUA,SCHL,Institute and Faculty of Actua
E0000007555,SINGAPOREPOLICEFORCE,SFTP,Singapore Police Force
E0000007556,CVLAVTNAUTHOFSGCAA1,SFTP,Cvl Avtn Auth of Sg (CAA19)
E0000007557,PEOPLESASSOCIATIONPAS22,SFTP,People's Association (PAS22)
E0000007558,THALESDISSINGAPOREPL,SFTP,THALES DIS (SINGAPORE) PL
E0000007559,ACTIVATEINTERACTIVEPTELTD,SFTP,Activate Interactive Pte Ltd
E0000007560,SYSPEXTECHNOLOGIESPTELTD,SFTP,Syspex Technologies Pte Ltd
E0000007561,ALLIANZGLOBALCORPORATE,SFTP,Allianz Global Corporate
E0000007562,RJPAPERPTELTD,SFTP,RJ PAPER PTE LTD
E0000007563,SSCSSC7,SFTP,SSC (SSC07)
E0000007564,KHAZANAHNASIONALBERHAD,SFTP,Khazanah Nasional Berhad
E0000007565,GETGOTECHNOLOGIESPTELTD,SFTP,GetGo Technologies Pte Ltd
E0000007566,EXCELITASTECHNOLOGIES,SFTP,EXCELITAS TECHNOLOGIES
E0000007567,COMMUNICATIONINFORMATIONTE,SFTP,COMMUNICATION & INFORMATION TE
E0000007568,NOCNORWAY,SCHL,NOC Norway
E0000007569,NOCCHICAGO,SCHL,NOC Chicago
E0000007570,NOCCHONGQING,SCHL,NOC Chongqing
E0000007571,NOCSANTIAGO,SCHL,NOC Santiago
E0000007572,NOCHANOI,SCHL,NOC Hanoi
E0000007573,ARMADAMINDA,SFTP,ARMADA MINDA
E0000007574,PACIFICLIGHTENERGYPTELTD,SFTP,PACIFICLIGHT ENERGY PTE LTD
E0000007575,FUJITRADINGSINGAPOREPL,SFTP,FUJI TRADING (SINGAPORE) PL
E0000007576,THEPROVIDORESINGAPOREPL,SFTP,The Providore Singapore PL
E0000007577,ALCOMPTELTD,SFTP,Alcom Pte Ltd
E0000007578,INSTITUTIONOFENGINEERSSG,SFTP,"Institution Of Engineers, SG"
E0000007579,RAMAKRISHNAMISSIONVIVEKANAND,SCHL,Ramakrishna Mission Vivekanand
E0000007580,ZHONGYUANUNIVERSITYOFTECHNO,SCHL,Zhongyuan University of Techno
E0000007581,KSLCORPORATESERVICESPL,SFTP,KSL Corporate Services PL
E0000007582,NANYANGPOLYTECHNICNYP4,SFTP,Nanyang Polytechnic (NYP04)
E0000007583,PTGOONLINEDESTINATIONS,SFTP,PT GO ONLINE DESTINATIONS
E0000007584,THECHURCHOFJESUSCHRISTOF,SFTP,The Church of Jesus Christ of
E0000007585,ECOLECENTRALEDESARTSETMET,SCHL,ECOLE CENTRALE DES ARTS ET MET
E0000007586,LUMENEXASIAPTELTD,SFTP,LUMENEX ASIA PTE LTD
E0000007587,SSWLOGISTICSPTELTD,SFTP,SSW LOGISTICS PTE. LTD.
E0000007588,PTBANKNEGARAINDONESIAPERS,SFTP,PT Bank Negara Indonesia (Pers
E0000007589,CONSTELLARVENUESPTELTD,SFTP,CONSTELLAR VENUES PTE LTD
E0000007590,CRAVEFXPRIVATELIMITED,SFTP,CRAVEFX PRIVATE LIMITED
E0000007591,CENTRALUNIVERSITYOFPUNJAB,SCHL,Central University of Punjab
E0000007592,THEACTINGSTUDIONEWYORK,OTHR,The Acting Studio - New York
E0000007593,WYTOPTELTD,SFTP,WY-TO PTE. LTD
E0000007594,NIITUSAINCSINGAPORE,SFTP,NIIT (USA) Inc. (Singapore)
E0000007595,ABUDHABIEXECUTIVEOFFICE,SFTP,ABU DHABI EXECUTIVE OFFICE
E0000007596,ASIAPACIFICUNIVERSITYOFTEC,SCHL,Asia Pacific University of Tec
E0000007597,MIREARUSSIANTECHNOLOGICALUN,SCHL,MIREA Russian Technological Un
E0000007598,UNIVERSIDADDESALAMANCA,SCHL,Universidad de Salamanca
E0000007599,BANKINDONESIA,SFTP,BANK INDONESIA
E0000007600,SPDSCIENTIFICPTELTD,SFTP,SPD SCIENTIFIC PTE LTD
E0000007601,PROFINDOPTELTD,SFTP,Profindo Pte Ltd
E0000007602,HAPPYTUTORSLEARNINGCENTRE,SFTP,HAPPY TUTORS LEARNING CENTRE
E0000007603,IRASIRA6,SFTP,IRAS (IRA06)
E0000007604,KYOOBARCHITECTSPTELTD,SFTP,KYOOB ARCHITECTS PTE LTD
E0000007605,THINKPLACESINGAPOREPTELTD,SFTP,THINKPLACE SINGAPORE PTE LTD
E0000007606,YLINTEGRATEDPTELTD,SFTP,YL INTEGRATED PTE. LTD
E0000007607,FRASERSPROPERTYCORPORATESVC,SFTP,Frasers Property Corporate Svc
E0000007608,SINARMASCEPSAPTELTD,SFTP,SINARMAS CEPSA PTE LTD
E0000007609,TEMASEKPOLYTECHNICTPO28,SFTP,Temasek Polytechnic (TPO28)
E0000007610,GENETICCOMPUTERSCHOOLPL,SFTP,GENETIC COMPUTER SCHOOL PL
E0000007611,NTUCCLUB,SFTP,NTUC CLUB
E0000007612,MAGICSOFTASIASYSTEMSPTELTD,SFTP,Magicsoft Asia Systems Pte Ltd
E0000007613,PANASONICAVIONICSSERVICES,SFTP,Panasonic Avionics Services
E0000007614,BMSCOLLEGEOFENGINEERING,SCHL,BMS College of Engineering
E0000007615,ONTHEGOSOFTWARELABPTELTD,SFTP,ONTHEGO SOFTWARE LAB PTE. LTD
E0000007616,BUILDINGSYSTEMANDDIAGNOSTIC,SFTP,Building System and Diagnostic
E0000007617,MASINTIMATESPVTLTD,SFTP,MAS Intimates Pvt Ltd
E0000007618,KUTZTOWNUNIVERSITYOFPENNSYL,SCHL,Kutztown University of Pennsyl
E0000007619,MISBAHCENTERFORARABICLANGU,SCHL,Misbah Center for Arabic Langu
E0000007620,DOCUMENTAFIFTEEN,SCHL,Documenta Fifteen
E0000007621,PURACASIAPACIFICPTELTD,SFTP,PURAC ASIA PACIFIC PTE LTD
E0000007622,HOUSTONCONSTRUCTIONPTELTD,SFTP,Houston Construction Pte Ltd
E0000007623,MURANOPTELTD,SFTP,Murano Pte Ltd
E0000007624,BENGCHUANMACHINEPTELTD,SFTP,Beng Chuan Machine Pte Ltd
E0000007625,JTCCORPORATIONJTC16,SFTP,JTC Corporation (JTC16)
E0000007626,KANSAIGAIDAIUNIVERSITY,SCHL,Kansai Gaidai University
E0000007627,NATIONALCOUNCILFORHOTELMAN,SCHL,National Council for Hotel Man
E0000007628,TAISHININTERNATIONALBANKCO,SFTP,Taishin International Bank Co.
E0000007629,COLDSTORAGESINGAPORE183,SFTP,Cold Storage Singapore (1983)
E0000007630,SINGTELMOBILESINGAPOREPL,SFTP,Singtel Mobile Singapore PL
E0000007631,MODERNAUTOMATIONENGR,SFTP,MODERN AUTOMATION & ENGR
E0000007632,CANONSINGAPOREPTELTD,SFTP,Canon Singapore Pte Ltd
E0000007633,HOTELINSTITUTEMONTREUX,SCHL,Hotel Institute Montreux
E0000007634,UNIVERSITYOFWYOMING,SCHL,University of Wyoming
E0000007635,FOURSEASONSHOTELSANDRESORT,SFTP,Four Seasons Hotels and Resort
E0000007636,TRANSFORMCONSULTINGFIRM,SFTP,Transform Consulting Firm
E0000007637,SINGAPOREPOLICEFORCE,SFTP,Singapore Police Force
E0000007638,SUNSETINTERNATIONALBIBLEINS,SCHL,Sunset International Bible Ins
E0000007639,JTCCORPORATIONJTC45,SFTP,JTC Corporation (JTC45)
E0000007640,MASMAS44,SFTP,MAS (MAS44)
E0000007641,MASMAS24,SFTP,MAS (MAS24)
E0000007642,PRIMEMINISTERSOFFICEPMO28,SFTP,Prime Minister's Office(PMO28)
E0000007643,NATIONALHERITAGEBOARDNHB26,SFTP,National Heritage Board(NHB26)
E0000007644,PANASONICRDCENTERSINGAPORE,SFTP,Panasonic R&D Center Singapore
E0000007645,WENWEIZHENMETALWORKSPL,SFTP,Wen Wei Zhen Metal Works PL
E0000007646,BONDPROPERTIESPTELTD,SFTP,BOND PROPERTIES PTE LTD
E0000007647,1111TECHNOLOGIESPTELTD,SFTP,11.11 TECHNOLOGIES PTE. LTD
E0000007648,THEGLOBALALLIANCEINMGMTED,SCHL,The Global Alliance in Mgmt Ed
E0000007649,TECNOLOGICODECOSTARICA,SCHL,Tecnologico de Costa Rica
E0000007650,VAILLANTGMBH,SFTP,Vaillant GmbH
E0000007651,SENGHENGENGINEERINGPTELTD,SFTP,Seng Heng Engineering Pte Ltd
E0000007652,HONGKONGPOLICECOLLEGEHK,SFTP,"Hong Kong Police College, HK"
E0000007653,TELOKKURAUPRIMARYSCHOOL,SFTP,Telok Kurau Primary School
E0000007654,AXORAADVISORYPTELTD,SFTP,Axora Advisory Pte Ltd
E0000007655,COLLEGEOFTHEHOLYCROSS,SCHL,College of the Holy Cross
E0000007656,ALLIEDCONTAINERSERVICESPL,SFTP,Allied Container Services PL
E0000007657,THEMILLINTERNATIONALPTELTD,SFTP,THE MILL INTERNATIONAL PTE LTD
E0000007658,IDILASERSERVICESPTELTD,SFTP,IDI Laser Services Pte Ltd
E0000007659,SINGAPOREPOLICEFORCE,SFTP,Singapore Police Force
E0000007660,GOBELINSLECOLEDELIMAGE,SCHL,"Gobelins, L'école de L'image"
E0000007661,FLORENCEUNIVERSITYOFTHEART,SCHL,Florence University of the Art
E0000007662,IESARGENTINA,SCHL,IES Argentina
E0000007663,FULBRIGHTUNIVERSITYVIETNAM,SCHL,Fulbright University Vietnam
E0000007664,ABPGROUPPTELTD,SFTP,ABPGROUP PTE. LTD
E0000007665,ABPSECURITEPTELTD,SFTP,ABPSecurite Pte Ltd
E0000007666,ALLIEDCONTAINER,SFTP,ALLIED CONTAINER
E0000007667,SUNNICPTELTD,SFTP,SUNNIC PTE LTD
E0000007668,SENSETIMEINTERNATIONALPL,SFTP,SENSETIME INTERNATIONAL PL
E0000007669,TRIPARTITEALLIANCELIMITED,SFTP,Tripartite Alliance Limited
E0000007670,KOSTROMASTATETECHNOLOGICALU,SCHL,Kostroma State Technological U
E0000007671,TLLBUSINESSMANAGEMENTSVC,SFTP,TLL Business Management Svc
E0000007672,WELLNESSPETASIAPTELTD,SFTP,WELLNESS PET ASIA PTE. LTD.
E0000007673,ABPCYBERPTELTD,SFTP,ABPCYBER PTE LTD
E0000007674,SALMONTHRUSTPTELTD,SFTP,SALMON THRUST PTE LTD
E0000007675,HOTELFASCHSCHULEHEIDELBERG,SCHL,Hotelfaschschule Heidelberg
E0000007676,UNIVERSIDADDELIMA,SCHL,Universidad de Lima
E0000007677,STORHUBMANAGEMENTPTELTD,SFTP,STORHUB MANAGEMENT PTE. LTD.
E0000007678,CVLAVTNAUTHOFSGCAA31,SFTP,Cvl Avtn Auth of Sg (CAA31)
E0000007679,BHGSINGAPOREPTELTD,SFTP,BHG (Singapore) Pte. Ltd.
E0000007680,HUACHENGEDUCATIONCENTREPTE,SFTP,HUA CHENG EDUCATION CENTRE PTE
E0000007681,UNIVERSITYOFJEDDAH,SCHL,University of Jeddah
E0000007682,SICHUANUNIVERSITYOFARTSAND,SCHL,Sichuan University of Arts and
E0000007683,ITEITE34,SFTP,ITE (ITE34)
E0000007684,APMINNOVATEPTELTD,SFTP,APM Innovate Pte Ltd
E0000007685,SPORTSTITANPTELTD,SFTP,SPORTS TITAN PTE LTD
E0000007686,MAXNOWPTELTD,SFTP,MAX NOW PTE LTD
E0000007687,NETGEARASIAPTELIMITED,SFTP,NETGEAR ASIA PTE LIMITED
E0000007688,GINLEESTUDIOPTELTD,SFTP,GINLEE Studio Pte. Ltd
E0000007689,HONGKONGMETROPOLITANUNIVERS,SCHL,Hong Kong Metropolitan Univers
E0000007690,UNIVERSITYOFDETROITMERCY,SCHL,University of Detroit Mercy
E0000007691,ESCOASTERPTELTD,SFTP,Esco Aster Pte Ltd
E0000007692,FIGMENTCOLLECTIONSPTELTD,SFTP,Figment Collections Pte Ltd
E0000007693,PRECASTCONCRETEPTELTD,SFTP,PRECAST CONCRETE PTE LTD
E0000007694,KJSOMAIYAINSTITUTEOFMANAG,SCHL,K J Somaiya Institute of Manag
E0000007695,XUZHOUUNIVERSITYOFTECHNOLOG,SCHL,Xuzhou University of Technolog
E0000007696,CARIBBEANMARITIMEUNIVERSITY,SCHL,Caribbean Maritime University
E0000007697,STRIDESPHARMAGLOBALPTELIM,SFTP,STRIDES PHARMA GLOBAL PTE. LIM
E0000007698,LUFTHANSAAIRPLUSSERVICEKARTE,SFTP,Lufthansa AirPlus Servicekarte
E0000007699,BMLMUNJALUNIVERSITY,SCHL,BML Munjal University
E0000007700,COBURGUNIVERSITYOFAPPLIEDS,SCHL,Coburg University of Applied S
E0000007701,IRASIRA13,SFTP,IRAS (IRA13)
E0000007702,UNUINSTITUTEINMACAU,SFTP,UNU Institute in Macau
E0000007703,FOSHANUNIVERSITY,SCHL,Foshan University
E0000007704,ACCLAIMINSURANCEBROKERSPL,SFTP,Acclaim Insurance Brokers PL
E0000007705,CVLAVTNAUTHOFSGCAA12,SFTP,Cvl Avtn Auth of Sg (CAA12)
E0000007706,TOOOPLETECHNOLOGIESPTELTD,SFTP,TOOOPLE TECHNOLOGIES PTE LTD
E0000007707,AMERICANBUREAUOFSHIPPING,SFTP,American Bureau of Shipping
E0000007708,ITEITE26,SFTP,ITE (ITE26)
E0000007709,INTLBACCALAUREATEORGSG,SFTP,Intl Baccalaureate Org (SG)
E0000007710,EVONIKMETHIONINESEAPTELTD,SFTP,EVONIK METHIONINE SEA PTE. LTD
E0000007711,SINGAPOREPOSTLIMITED,SFTP,Singapore Post Limited
E0000007712,BAIDURIBANKBERHAD,SFTP,Baiduri Bank Berhad
E0000007713,JIAJIALECUISINEFBPTELTD,SFTP,JIA JIA LE CUISINE F&B PTE LTD
E0000007714,HANBAOBAOPTELTD,SFTP,Hanbaobao Pte Ltd
E0000007715,ENSOCONSULTANCYPTELTD,SFTP,Enso Consultancy Pte. Ltd
E0000007717,TEKNORAPEXASIAPACIFICPL,SFTP,Teknor Apex Asia Pacific PL
E0000007718,INSTITUTEOFENGINEERINGMECHA,SCHL,Institute of Engineering Mecha
E0000007719,TECHNOLOGICALUNIVERSITYYAME,SCHL,Technological University (Yame
E0000007720,TRENTGLOBALCOLLEGE,SCHL,Trent Global College
E0000007721,HMIINSTOFHEALTHSCIENCES,SFTP,HMI Inst of Health Sciences
E0000007722,RMACONTRACTSPTELTD,SFTP,RMA Contracts Pte Ltd
E0000007723,ESRLOGOSFUNDSMANAGEMENTS,SFTP,ESR-LOGOS Funds Management (S)
E0000007724,THERMOFISHERSCIENTIFICPL,SFTP,THERMO FISHER SCIENTIFIC PL
E0000007725,WHITECOATHOLDINGSPTELTD,SFTP,WHITECOAT HOLDINGS PTE. LTD
E0000007726,JEWELCHANGIAIRPORTDEVTPL,SFTP,Jewel Changi Airport Devt PL
E0000007727,ACEPACINTERNATIONALSPL,SFTP,Acepac International (S) PL
E0000007728,TOHYONGDESIGNCONSULTANTSPT,SFTP,Toh Yong Design Consultants Pt
E0000007729,ROCHESINGAPORE,SFTP,Roche Singapore
E0000007730,ASCELONPTELTD,SFTP,Ascelon Pte Ltd
E0000007731,WEIDMULLERPTELTD,SFTP,Weidmuller Pte Ltd
E0000007732,VELARESEARCHSINGAPOREPL,SFTP,VELA RESEARCH SINGAPORE PL
E0000007733,SINOPECRESEARCHINSTITUTEO,SCHL,Sinopec - Research Institute o
E0000007734,WEEGUANCONSTRUCTIONPTELTD,SFTP,WEE GUAN CONSTRUCTION PTE LTD
E0000007735,SUMITOMOCORPGLOBALCOMMLTD,SFTP,SUMITOMO CORP GLOBAL COMM LTD
E0000007736,BILLBOARDTFXPTELTD,SFTP,BILLBOARD TFX PTE. LTD
E0000007737,ROYALCOLLEGEOFPHYSICIANSOF,SCHL,Royal College of Physicians of
E0000007738,ADAPTOVATEPTELTD,SFTP,ADAPTOVATE PTE LTD
E0000007739,MESHMINDSPTELTD,SFTP,MESHMINDS PTE LTD
E0000007740,NGEEANNPOLYTECHNICNPO,SFTP,Ngee Ann Polytechnic (NPO09)
E0000007741,SIJALINSTITUTE,SCHL,Sijal Institute
E0000007742,UNICONINSURANCEBROKERSCORPO,SFTP,UNICON INSURANCE BROKERS CORPO
E0000007743,WINSHINEINVESTMENTPTELTD,SFTP,Winshine Investment Pte Ltd
E0000007744,GOETHEINSTITUTSINGAPORE,SCHL,Goethe-Institut Singapore
E0000007745,NEANEA5,SFTP,NEA (NEA05)
E0000007746,WENGGUANTECHNOLOGYPTELTD,SFTP,Weng Guan Technology Pte Ltd
E0000007747,REPUBLICPOLYTECHNICRPO2,SFTP,Republic Polytechnic (RPO29)
E0000007748,POSHSEMCOPTELTD,SFTP,Posh Semco Pte Ltd
E0000007749,BENEDICTINECOLLEGE,SCHL,Benedictine College
E0000007750,JASONMARINEGROUPLIMITED,SFTP,Jason Marine Group Limited
E0000007751,ADVANCEDCELLTHERAPYRISGP,SFTP,"Advanced Cell Therapy&RI,SGP"
E0000007752,BLACKMAGICDESIGNASIAPTELTD,SFTP,Blackmagic Design Asia Pte Ltd
E0000007753,RYOSCAPESTUDIOSPTELTD,SFTP,Ryoscape Studios PTE. LTD.
E0000007754,KLETECHNOLOGICALUNIVERSITY,SCHL,KLE Technological University
E0000007755,NORTHLANDPRIMARYSCHOOL,SFTP,NORTHLAND PRIMARY SCHOOL
E0000007756,SCIENCECENTREBOARDSCB1,SFTP,Science Centre Board (SCB01)
E0000007757,RMITUNIVERSITYVIETNAM,SCHL,RMIT University Vietnam
E0000007758,GLENDALECOMMUNITYCOLLEGECA,SCHL,Glendale Community College CA
E0000007759,LINGNANNORMALUNIVERSITY,SCHL,Lingnan Normal University
E0000007760,GUANGXIUNIVOFFINANDECONS,SCHL,Guangxi Univ of Fin and Econs
E0000007761,DHLSUPPLYCHAINSPOREPL,SFTP,DHL Supply Chain Spore PL
E0000007762,CERTISINTEGRATEDFACILITIES,SFTP,Certis Integrated Facilities
E0000007763,GUARDIANHEALTHBEAUTY,SFTP,GUARDIAN HEALTH & BEAUTY
E0000007764,PROPNEXREALTYPTELTD,SFTP,PROPNEX REALTY PTE LTD
E0000007765,SINGAPOREPOLYTECHNICSPO45,SFTP,Singapore Polytechnic (SPO45)
E0000007766,STRACOLEISUREPTELTD,SFTP,STRACO LEISURE PTE. LTD.
E0000007767,MINDEFMOD,SFTP,MINDEF (MOD99)
E0000007768,XIAMENUNIVERSITYTANKAHKEE,SCHL,Xiamen University Tan Kah Kee
E0000007769,DWARKADASJSANGHVICOLLEGEO,SCHL,Dwarkadas J. Sanghvi College o
E0000007770,SHENZHENMSUBITUNIVERSITY,SCHL,Shenzhen MSU-BIT University
E0000007771,HOYALENSSPTELTD,SFTP,HOYA LENS (S) PTE LTD
E0000007772,HASSELLARCHITECTURESGPPL,SFTP,HASSELL ARCHITECTURE SGP PL
E0000007773,TOTALENERGIESMKTGAPMEPL,SFTP,TotalEnergies Mktg AP/ME PL
E0000007774,UNIVERSITYOFPAPUANEWGUINEA,SCHL,University of Papua New Guinea
E0000007775,BOEINGSINGAPOREPTELTD,SFTP,Boeing Singapore Pte Ltd
E0000007776,YARAASIAPTELTD,SFTP,YARA ASIA PTE. LTD.
E0000007777,NZSOCIETYFORSEDATIONINDEN,SCHL,NZ Society for Sedation in Den
E0000007778,MISRINTERNATIONALUNIVERSITY,SCHL,Misr International University
E0000007779,BEIJINGUNIVERSITYOFAGRICULT,SCHL,Beijing University of Agricult
E0000007780,TIANJINUNIVERSITYOFTRADITIO,SCHL,Tianjin University of Traditio
E0000007781,YEWTEEPRIMARYSCHOOL,SFTP,Yew Tee Primary School
E0000007782,MYEYEROOMPTELTD,SFTP,MY EYE ROOM PTE LTD
E0000007783,LOGICALISSINGAPOREPTELTD,SFTP,Logicalis Singapore Pte Ltd
E0000007784,SINGAPORECHINESEGIRLSSCH,SFTP,Singapore Chinese Girls' Sch
E0000007785,ICICIBANKLTD,SFTP,ICICI Bank Ltd
E0000007786,AMERICANCLUBTHE,SFTP,"AMERICAN CLUB, THE"
E0000007787,BLUECROSSCHARITABLEINST,SFTP,Blue Cross Charitable Inst
E0000007788,SINGAPORESPORTSSCHOOLLTD,SFTP,Singapore Sports School Ltd
E0000007789,ISIDENPASAR,SCHL,ISI Denpasar
E0000007790,URSINUSCOLLEGE,SCHL,Ursinus College
E0000007791,UNED,SCHL,UNED
E0000007792,UTHSC,SCHL,UTHSC
E0000007793,SAINTMARYSCOLLEGEINDIANA,SCHL,Saint Mary's College (Indiana)
E0000007794,PETROBRASSINGAPOREPL,SFTP,Petrobras Singapore PL
E0000007795,NTUCFAIRPRICECOOPERATIVE,SFTP,NTUC FAIRPRICE CO-OPERATIVE
E0000007796,RAZCOG,SCHL,RAZCOG
E0000007797,UNIVERSITATLEIPZIG,SCHL,Universitat Leipzig
E0000007798,TOAGOSEISINGAPOREPTELTD,SFTP,TOAGOSEI SINGAPORE PTE. LTD.
E0000007799,HUAIBEINORMALUNIVERSITY,SCHL,Huaibei Normal University
E0000007800,AFTONCHEMICALASIAPTELTD,SFTP,Afton Chemical Asia Pte. Ltd.
E0000007801,IHIASIAPACIFICPTELTD,SFTP,IHI ASIA PACIFIC PTE. LTD.
E0000007802,AUTISMRESOURCECENTRESINGAP,SCHL,Autism Resource Centre (Singap
E0000007803,TOLLLOGISTICSASIAPTELTD,SFTP,Toll Logistics Asia Pte Ltd
E0000007804,KINERGYCORPORATIONLTD,SFTP,Kinergy Corporation Ltd
E0000007805,TOTMTECHNOLOGIESLIMITED,SFTP,TOTM Technologies Limited
E0000007806,TOTMTECHSGPTELTD,SFTP,TOTM TECH SG PTE LTD
E0000007807,STENGINEERINGMISSIONSSPL,SFTP,ST Engineering Mission S&S PL
E0000007808,PTORICAMININGSERVICES,SFTP,PT. Orica Mining Services
E0000007809,NIESSINGASIAPACIFICPTELTD,SFTP,NIESSING ASIA PACIFIC PTE. LTD
E0000007810,WHYBRANDDESIGNPTELTD,SFTP,WHY? BRAND DESIGN PTE. LTD.
E0000007811,VEREDUSLABORATORIESPTELTD,SFTP,VEREDUS LABORATORIES PTE. LTD.
E0000007812,MICA,SCHL,MICA
E0000007813,CBMPTELTD,SFTP,CBM PTE. LTD.
E0000007814,HCSACOMMUNITYSERVICES,SFTP,HCSA Community Services
E0000007815,TRINITYWESTERNUNIVERSITY,SCHL,Trinity Western University
E0000007816,CAMTECHDIAGNOSTICSPTELTD,SFTP,CAMTECH DIAGNOSTICS PTE LTD
E0000007817,HSEUNIVERSITY,SCHL,HSE University
E0000007818,GOODSCIENCESDNBHD,SFTP,GoodScience Sdn Bhd
E0000007819,HANANREGULATORYSVCSDNBHD,SFTP,Hanan Regulatory Svc Sdn Bhd
E0000007820,INSECTFEEDTECHNOLOGIESPL,SFTP,Insect Feed Technologies PL
E0000007821,ALLENOVERYLLP,SFTP,Allen & Overy LLP
E0000007822,PTMOWILEXINDONESIA,SFTP,PT. MOWILEX INDONESIA
E0000007823,NORTHLIGHTSCHOOL,SFTP,NorthLight School
E0000007824,BAGHLANUNIVERSITY,SCHL,Baghlan University
E0000007825,BOTSWANAOPENUNIVERSITYBOU,SCHL,Botswana Open University (BOU)
E0000007826,IDM,SCHL,IDM
E0000007827,MANCOSA,SCHL,MANCOSA
E0000007828,EDCASMEPTELTD,SFTP,EDC @ ASME Pte Ltd
E0000007829,CENTROUNINEWTONPAIVA,SCHL,Centro Uni Newton Paiva
E0000007830,PUCMG,SCHL,PUC-MG
E0000007831,UEPG,SCHL,UEPG
E0000007832,CENTERFORBANKINGSTUDIES,SCHL,Center for Banking Studies
E0000007833,UNIVERSITYOFYAOUNDEII,SCHL,University Of Yaounde II
E0000007834,PROTESTANTUNIVERSITYOFCONGO,SCHL,Protestant University of Congo
E0000007835,CCIP,SCHL,CCIP
E0000007836,NIPPONEXPRESSSINGAPOREPL,SFTP,NIPPON EXPRESS (SINGAPORE) PL
E0000007837,ALPHACOLLOIDSPTELTD,SFTP,ALPHA COLLOIDS PTE LTD
E0000007838,EASYVANSGPTELTD,SFTP,EASYVAN (SG) PTE LTD
E0000007839,SECURITEASSOCIATESPTELTD,SFTP,SECURITE ASSOCIATES PTE LTD
E0000007840,PANGGROUPPTELTD,SFTP,Pang Group Pte Ltd
E0000007841,EM2AIPTELTD,SFTP,EM2AI PTE. LTD.
E0000007842,GOVTECHGVT16,SFTP,GovTech (GVT16)
E0000007843,JINSONAUTOCAREPTELTD,SFTP,Jinson Autocare Pte Ltd
E0000007844,SMARTRELOCATORSPTELTD,SFTP,Smart Relocators Pte Ltd
E0000007845,HAVASSINGAPOREPTELTD,SFTP,Havas Singapore Pte Ltd
E0000007846,CONVERSANTSOLUTIONSPTELTD,SFTP,Conversant Solutions Pte Ltd
E0000007847,KARLSHOCHSCHULEINTERNATIONAL,SCHL,Karlshochschule International
E0000007848,HSNCUNIVERSITY,SCHL,HSNC University
E0000007849,IIGL,SCHL,IIGL
E0000007850,IIMVISAKHAPATNAM,SCHL,IIM Visakhapatnam
E0000007851,MRIIRS,SCHL,MRIIRS
E0000007852,MITSCHOOLOFGOVERNMENT,SCHL,MIT School of Government
E0000007853,IPDN,SCHL,IPDN
E0000007854,STIEINDONESIAJAKARTA,SCHL,STIE Indonesia Jakarta
E0000007855,EUROPEANUNIVERSITYINSTITUTE,SCHL,European University Institute
E0000007856,TOKYOINTERNATIONALUNIVERSITY,SCHL,Tokyo International University
E0000007857,TUAT,SCHL,TUAT
E0000007858,SENTOSALEISUREMANAGEMENTPL,SFTP,Sentosa Leisure Management PL
E0000007859,EXPLOITSUNIVERSITY,SCHL,Exploits University
E0000007860,QUESTINTERNATIONALUNIVERSITY,SCHL,Quest International University
E0000007861,NARXOZUNIVERSITY,SCHL,Narxoz University
E0000007862,ABAIKAZNPU,SCHL,Abai KazNPU
E0000007863,UNIVERSITYOFMONTPELLIER,SCHL,University of Montpellier
E0000007864,ASTARRESEARCHENTITIESARTC,SFTP,A*STAR Research Entities(ARTC)
E0000007865,LONDONCOLLEGEOFACCOUNTANCY,SCHL,London College of Accountancy
E0000007866,UTM,SCHL,UTM
E0000007867,ICM,SCHL,ICM
E0000007868,SEAMEOCHAT,SCHL,SEAMEO CHAT
E0000007869,EKITISTATEUNIVERSITY,SCHL,Ekiti State University
E0000007870,SARDARBAHADURKHANWOMENSUN,SCHL,Sardar Bahadur Khan Women's Un
E0000007871,ARELLANOUNIVERSITY,SCHL,Arellano University
E0000007872,BIPSU,SCHL,BiPSU
E0000007873,CAVITESTATEUNIVERSITY,SCHL,Cavite State University
E0000007874,PONTIACLANDPTELTD,SFTP,Pontiac Land Pte Ltd
E0000007875,DIVINEWORDCOLLEGEOFLEGAZPI,SCHL,Divine Word College of Legazpi
E0000007876,IIST,SCHL,IIST
E0000007877,LEYTENORMALUNIVERSITY,SCHL,Leyte Normal University
E0000007878,LYCEUMOFTHEPHILIPPINESUNIV,SCHL,Lyceum of the Philippines Univ
E0000007879,VAGSH,SCHL,VAGSH
E0000007880,MOSGU,SCHL,MosGU
E0000007881,SPBGASU,SCHL,SPbGASU
E0000007882,EDUVOSMIDRAND,SCHL,Eduvos (Midrand)
E0000007883,NELSONMANDELAUNIVERSITY,SCHL,Nelson Mandela University
E0000007884,NDEJJEUNIVERSITY,SCHL,Ndejje University
E0000007885,NUHSPHARMACY,SFTP,NUHS Pharmacy
E0000007886,RABINDRANATHTAGOREUNIVERSITY,SCHL,Rabindranath Tagore University
E0000007887,ZARUBEZHNEFTEPVIETNAMBV,SFTP,Zarubezhneft EP Vietnam B.V.
E0000007888,ENGINEERINGGOODLTD,SFTP,Engineering Good Ltd
E0000007889,BOSCHREXROTHPTELTD,SFTP,Bosch Rexroth Pte. Ltd.
E0000007890,JURONGPORTPTELTD,SFTP,Jurong Port Pte Ltd
E0000007891,SICKPRODUCTCENTERASIAPL,SFTP,SICK Product Center Asia PL
E0000007892,GUOCOLANDMANAGEMENTPTELTD,SFTP,GUOCOLAND MANAGEMENT PTE. LTD.
E0000007894,NIPPONLIFEASIAPACIFIC,SFTP,NIPPON LIFE ASIA PACIFIC
E0000007895,SHANXINORMALUNIVERSITY,SCHL,Shanxi Normal University
E0000007896,ABILITIESBEYONDLIMITATIONS,SFTP,ABILITIES BEYOND LIMITATIONS
E0000007897,NEWENGLANDCOLLEGE,SCHL,New England College
E0000007898,SINGINVESTMENTSFINANCELTD,SFTP,Sing Investments & Finance Ltd
E0000007899,TUCKLEEICEPTELTD,SFTP,TUCK LEE ICE PTE LTD
E0000007900,YUENLAWLLC,SFTP,Yuen Law LLC
E0000007901,EDMUNDTIECOMPANYSEAPL,SFTP,Edmund Tie & Company (SEA) PL
E0000007902,SAXIONUNIVERSITYOFAPPLIEDS,SCHL,Saxion University of Applied S
E0000007903,CENTRALPROVIDENTFUNDCPF8,SFTP,CENTRAL PROVIDENT FUND (CPF89)
E0000007904,IUA,SCHL,IUA
E0000007905,WESTLONDONCOLLEGE,SCHL,West London College
E0000007906,ELGINCOMMUNITYCOLLEGEECC,SCHL,Elgin Community College (ECC)
E0000007907,SKYLINECOLLEGE,SCHL,Skyline College
E0000007908,TASHKENTSTATEUNIVERSITYOFE,SCHL,Tashkent State University of E
E0000007909,NAPA,SCHL,NAPA
E0000007910,CUT,SCHL,CUT
E0000007911,ITEEDUCATIONSERVICESPL,SFTP,ITE Education Services PL
E0000007912,DEHRADUNINSTITUTEOFTECHNOLO,SCHL,Dehradun Institute of Technolo
E0000007913,HERRENKNECHTASIAHEADQUARTERS,SFTP,Herrenknecht Asia Headquarters
E0000007914,DAZHONGPRIMARYSCHOOL,SFTP,Dazhong Primary School
E0000007915,KLENVIROPTELTD,SFTP,KL Enviro Pte Ltd
E0000007916,VARIANMEDICALSYSTEMSPACIFIC,SFTP,VARIAN MEDICAL SYSTEMS PACIFIC
E0000007917,HANNAHLIFETECHNOLOGIESPTE,SFTP,Hannah Life Technologies Pte.
E0000007918,BEMCOSINGAPOREPTELTD,SFTP,BEMCO SINGAPORE PTE LTD
E0000007919,CELESTICAELECTRONICSSPL,SFTP,CELESTICA ELECTRONICS (S) PL
E0000007920,INTRICONPTELTD,SFTP,Intricon Pte Ltd
E0000007921,WORCESTERPOLYTECHNICINSTITUT,SCHL,Worcester Polytechnic Institut
E0000007922,CENTRALPROVIDENTFUNDCPF5,SFTP,Central Provident Fund (CPF95)
E0000007923,AOMORIUNIVERSITY,SCHL,Aomori University
E0000007924,AUSTENMARITIMESERVICESPL,SFTP,Austen Maritime Services PL
E0000007925,UNIVERSITYOFTOULOUSEIIIPAU,SCHL,University of Toulouse III Pau
E0000007926,UNIVERSITYOFCASTILLALAMANC,SCHL,University of Castilla-La Manc
E0000007927,BUKITVIEWSECONDARYSCHOOL,SFTP,Bukit View Secondary School
E0000007928,WWBSOUTHEASTASIAHOLDINGSPL,SFTP,WWB SOUTHEAST ASIA HOLDINGS PL
E0000007929,MEATECHNOLOGIESPTELTD,SFTP,MEA TECHNOLOGIES PTE. LTD.
E0000007930,NESUTOCOSINGAPOREPL,SFTP,Nesuto & Co.(Singapore) PL
E0000007931,INTESOLWORLDWIDELTD,SCHL,Intesol Worldwide Ltd
E0000007932,NEXVENTURE,SFTP,NEX VENTURE
E0000007933,BRIDGEEDUCATIONGROUP,SCHL,Bridge Education Group
E0000007934,ALMATYTECHNOLOGICALUNIVERSIT,SCHL,Almaty Technological Universit
E0000007935,CAMBRIDGEUNIVERSITYPRESSA,SCHL,Cambridge University Press & A
E0000007936,MAJLISUGAMAISLAMSINGAPURA,SFTP,Majlis Ugama Islam Singapura
E0000007937,HUAGUANMETALENGINEERING,SFTP,Hua Guan Metal & Engineering
E0000007938,AIMSAPACPROPERTYMANAGEMENT,SFTP,AIMS APAC Property Management
E0000007939,INFINITELEAPSPTELTD,SFTP,INFINITE LEAPS PTE. LTD.
E0000007940,WORKFORCESINGAPOREWSG22,SFTP,Workforce Singapore(WSG22)
E0000007941,GUANGDONGOCEANUNIVERSITY,SCHL,Guangdong Ocean University
E0000007942,WORKATOPTELTD,SFTP,Workato Pte Ltd
E0000007943,ENSSCOMPTELTD,SFTP,ENSSCOM PTE LTD
E0000007944,SANTENPHARMACEUTICALASIAPL,SFTP,Santen Pharmaceutical Asia PL
E0000007945,KHAZARUNIVERSITY,SCHL,Khazar University
E0000007946,BANKPEMBANGUNANMALAYSIABHD,SFTP,Bank Pembangunan Malaysia Bhd
E0000007947,UNIVERSITYOFENGINEERINGMA,SCHL,University of Engineering & Ma
E0000007948,AIRFORCEMEDICALUNIVERSITY,SCHL,Air Force Medical University
E0000007949,SAVANNAHCOLLEGEOFARTANDDE,SCHL,Savannah College of Art and De
E0000007950,INLINETECHNOLOGIESPTELTD,SFTP,Inline Technologies Pte Ltd
E0000007951,MSLOGISTICSPTELTD,SFTP,M & S LOGISTICS PTE. LTD
E0000007952,GOHINGSINGAPOREPTELTD,SFTP,GOHING SINGAPORE PTE. LTD.
E0000007953,PTINGENICOINTERNATIONALINDO,SFTP,PT INGENICO INTERNATIONAL INDO
E0000007954,WINGTAIHOLDINGSLIMITED,SFTP,Wing Tai Holdings Limited
E0000007955,CITYSCHOOLOFARCHITECTUREC,SCHL,City School of Architecture (C
E0000007956,CENTRALPROVIDENTFUND,SFTP,Central Provident Fund
E0000007957,EQUALARKSINGAPORELTD,SFTP,EQUAL-ARK SINGAPORE LTD
E0000007958,THEVOLUNTEERSWITCHBOARDPL,SFTP,THE VOLUNTEER SWITCHBOARD PL
E0000007959,BLACKBEARDIGITALPTELTD,SFTP,BLACK BEAR DIGITAL PTE. LTD.
E0000007960,CAPITALANDASCENDASREITMGMNT,SFTP,CAPITALAND ASCENDAS REIT MGMNT
E0000007961,DZBANKAG,SFTP,DZ BANK AG
E0000007962,HINDALCOINDUSTRIESLIMITED,SFTP,Hindalco Industries Limited
E0000007963,SANJIANGUNIVERSITY,SCHL,Sanjiang University
E0000007964,VMWARESINGAPOREPTELTD,SFTP,VMware Singapore Pte Ltd
E0000007965,GLOBALCYBERMINDTECHNOLOGIES,SFTP,Global Cybermind Technologies
E0000007966,TINDERBOXPTELTD,SFTP,Tinderbox Pte Ltd
E0000007967,SUNLUXESUPPLYCHAINLOGISTI,SFTP,SUNLUXE SUPPLY CHAIN & LOGISTI
E0000007968,INTERNATIONALSCHOOLOFMANAGE,SCHL,International School of Manage
E0000007969,PANASONICINDUSTRIALDEVICES,SFTP,Panasonic Industrial Devices
E0000007970,JTCCORPORATIONJTC52,SFTP,JTC Corporation (JTC52)
E0000007971,PANASONICASIAPACIFICPTELTD,SFTP,Panasonic Asia Pacific Pte Ltd
E0000007972,FAREASTHOSPITALITYMANAGEMEN,SFTP,Far East Hospitality Managemen
E0000007973,OOMPTELTD,SFTP,OOM PTE. LTD.
E0000007974,THEPLATTERINGCOPTELTD,SFTP,The Plattering Co Pte Ltd
E0000007975,JTCCORPORATIONJTC55,SFTP,JTC Corporation (JTC55)
E0000007976,PRIMEMINISTERSOFFICEPMO2,SFTP,Prime Minister's Office (PMO29
E0000007977,ARCHISENPTELTD,SFTP,Archisen Pte Ltd
E0000007978,SWEIHANPVPOWERCOMPANYPJSC,SFTP,SWEIHAN PV POWER COMPANY PJSC
E0000007979,MIDLANDCOLLEGE,SCHL,Midland College
E0000007980,CITYHARVESTCOMMUNITYSERVICE,SFTP,CITY HARVEST COMMUNITY SERVICE
E0000007981,EPICTECHNOLOGYPTELTD,SFTP,EPIC TECHNOLOGY PTE. LTD.
E0000007982,WORLDQUANTSINGAPOREPL,SFTP,WorldQuant (Singapore) PL
E0000007983,JTCCORPORATIONJTC2,SFTP,JTC Corporation (JTC02)
E0000007984,AUSTINCOMMUNITYCOLLEGEDISTR,SCHL,Austin Community College Distr
E0000007985,EUROPEANBUSINESSSCHOOLPARIS,SCHL,European Business School Paris
E0000007986,ALICESALOMONUNIVERSITYOFAP,SCHL,Alice Salomon University of Ap
E0000007987,HOUSINGANDDEVELOPMENTBOARD,SFTP,Housing and Development Board
E0000007988,UNIVERSITYOFFORESTRYANDENV,SCHL,University of Forestry and Env
E0000007989,MERCUBUANAUNIVERSITY,SCHL,Mercu Buana University
E0000007990,SINGAPOREINSTITUTEOFPOWER,SFTP,SINGAPORE INSTITUTE OF POWER
E0000007991,HONGKONGDESIGNINSTITUTE,SCHL,Hong Kong Design Institute
E0000007992,NEWLIFESTORIESLIMITED,SFTP,New Life Stories Limited
E0000007993,JACKSONVILLEUNIVERSITY,SCHL,Jacksonville University
E0000007994,BSHHOMEAPPLIANCESPTELTD,SFTP,BSH HOME APPLIANCES PTE. LTD.
E0000007995,ALAGAPPACHETTIARGOVERNMENTC,SCHL,Alagappa Chettiar Government C
E0000007996,EUROPEANSCHOFMGMTTECHNGY,SCHL,European Sch of Mgmt & Techngy
E0000007997,INTFINITYCONSULTINGPTELTD,SFTP,INTfinity Consulting Pte Ltd
E0000007998,KEACOPENHAGENSCHOOLOFDESIG,SCHL,KEA Copenhagen School of Desig
E0000007999,ITEITE8,SFTP,ITE (ITE08)
E0000008000,HUNANUNIOFTECHANDBUSINESS,SCHL,Hunan Uni of Tech and Business
E0000008001,CUKUROVAUNIVERSITY,SCHL,Cukurova University
E0000008002,MINISTRYOFMANPOWERMOM1,SFTP,Ministry of Manpower (MOM10)
E0000008003,INDIANINSTOFBANKFINANCE,SCHL,Indian Inst of Bank & Finance
E0000008004,ASSOCOFCERTIFIEDANTIMONEY,SCHL,Assoc of Certified Anti-Money
E0000008005,LOTUSHEALTHCAREPTELTD,SFTP,LOTUS HEALTHCARE PTE. LTD.
E0000008006,ALFARABICOLLFORNURSDENT,SCHL,Al-Farabi Coll for Nurs & Dent
E0000008007,UNIVERSITIMALAYSIAKELANTAN,SCHL,Universiti Malaysia Kelantan
E0000008008,AZERBAIJANUNIOFARCHCONST,SCHL,Azerbaijan Uni of Arch & Const
E0000008009,THEHUTLIMITED,SFTP,The Hut Limited
E0000008010,BALTICSTATETECHUNIVOENMEH,SCHL,Baltic State Tech Uni Voenmeh
E0000008011,POLITEKNIKKESEHATANJAKARTAII,SCHL,Politeknik Kesehatan JakartaII
E0000008012,DHAKAUNIOFENGTECH,SCHL,Dhaka Uni Of Eng & Tech
E0000008013,DIGITALHARBORFDN,SFTP,Digital Harbor Fdn
E0000008014,JTCCORPORATIONJTC12,SFTP,JTC Corporation (JTC12)
E0000008015,YUNNANAGRICULTURALUNIVERSITY,SCHL,Yunnan Agricultural University
E0000008016,ODISHATELEVISIONLIMITED,SFTP,ODISHA TELEVISION LIMITED
E0000008017,AXSPTELTD,SFTP,AXS Pte Ltd
E0000008018,YUANYIIAGENCYPTELTD,SFTP,Yuanyii Agency Pte Ltd
E0000008019,MEDIALABSINNOVATIONPTELTD,SFTP,Media Labs Innovation Pte Ltd
E0000008020,ENSIGNINFOSECURITY,SFTP,Ensign InfoSecurity
E0000008021,AKSHAYAEXIMPTELTD,SFTP,AKSHAYA EXIM PTE. LTD.
E0000008022,MITSUBISHICORPORATIONRTMINT,SFTP,Mitsubishi Corporation RtM Int
E0000008023,TAKASHIMAYASINGAPORELTD,SFTP,TAKASHIMAYA SINGAPORE LTD
E0000008024,EIGHTINCDESIGNSINGAPOREPL,SFTP,Eight Inc Design Singapore PL
E0000008025,ELIGOPTELTD,SFTP,ELIGO PTE. LTD.
E0000008026,AYY2PTELTD,SFTP,AYY2 PTE LTD
E0000008027,CEDARGIRLSSECONDARYSCHOOL,SFTP,Cedar Girls Secondary School
E0000008028,TELENORPROCUREMENTCOMPANYPL,SFTP,Telenor Procurement Company PL
E0000008029,AZBILSINGAPOREPTELTD,SFTP,Azbil Singapore Pte Ltd
E0000008030,BOSSARDSERVICESPTELTD,SFTP,Bossard Services PteLtd
E0000008031,STARWOODASIAPACHOTELS,SFTP,Starwood AsiaPac Hotels
E0000008032,ASIATICLLOYDMARITIMELLP,SFTP,ASIATIC LLOYD MARITIME LLP
E0000008033,KUSHOLDINGSSPTELTD,SFTP,K.U.S HOLDINGS (S) PTE LTD
E0000008034,TEMASEKPOLYTECHNICTPO12,SFTP,Temasek Polytechnic (TPO12)
E0000008035,HILLGROVESECONDARYSCHOOL,SFTP,HILLGROVE SECONDARY SCHOOL
E0000008036,SEABYMARITECHSINGAPOREPL,SFTP,SEA BY MARITECH SINGAPORE PL
E0000008037,MICRONSEMICONDUCTORASIAOPS,SFTP,Micron Semiconductor Asia Ops
E0000008038,CAPITALISASIAPTELTD,SFTP,Capitalis Asia Pte Ltd
E0000008039,PAYALEBARMETHODISTGIRLSSEC,SFTP,Paya Lebar Methodist Girls Sec
E0000008040,BIOFOURMISSINGAPOREPTELTD,SFTP,BIOFOURMIS SINGAPORE PTE LTD
E0000008041,COMMUNICATIONSSPACETECHNO,SFTP,"COMMUNICATIONS, SPACE & TECHNO"
E0000008042,GUOCOLANDPROPERTYMANAGEMENT,SFTP,GUOCOLAND PROPERTY MANAGEMENT
E0000008043,LEBANESEUNIVERSITY,SCHL,Lebanese University
E0000008044,SINGAPOREPOLYTECHNICSPO7,SFTP,Singapore Polytechnic (SPO97)
E0000008045,SINGAPOREPOLYTECHNICSPO5,SFTP,Singapore Polytechnic (SPO05)
E0000008046,SINGAPOREPOLYTECHNICSPO6,SFTP,Singapore Polytechnic (SPO06)
E0000008047,SINGAPOREPOLYTECHNICSPO34,SFTP,Singapore Polytechnic (SPO34)
E0000008048,SRIBALAJIVIDYAPEETH,SCHL,Sri Balaji Vidyapeeth
E0000008049,HECELECTRICALCONSTRUCTIONPL,SFTP,HEC Electrical Construction PL
E0000008050,VOLEXASIAPTELTD,SFTP,VOLEX (ASIA) PTE LTD
E0000008051,TOLLOFFSHOREPETROLEUM,SFTP,Toll Offshore Petroleum
E0000008052,UNIVERSITYINSTITUTEOFLISBON,SCHL,University Institute of Lisbon
E0000008053,UNIOFTHEBUNDESWEHRMUNICH,SCHL,Uni of the Bundeswehr Munich
E0000008054,OVERSEASFAMILYSCHOOL,SCHL,Overseas Family School
E0000008055,MEDANINDEPENDENTSCHOOL,SCHL,Medan Independent School
E0000008056,TEMASEKPOLYTECHNICTPO13,SFTP,Temasek Polytechnic (TPO13)
E0000008057,SICHUANCONSERVATORYOFMUSIC,SCHL,Sichuan Conservatory of Music
E0000008058,DEFENCECOLLECTIVESINGAPOREL,SFTP,Defence Collective Singapore L
E0000008059,SKYWORKSGLOBALPTELTD,SFTP,SKYWORKS GLOBAL PTE. LTD.
E0000008060,HEALTHPROMOTIONBOARDHPB58,SFTP,Health Promotion Board (HPB58)
E0000008061,CAPGEMINISINGAPOREPTELTD,SFTP,Capgemini Singapore Pte Ltd
E0000008062,WELLINGTONPRIMARYSCHOOL,SFTP,Wellington Primary School
E0000008063,NATIONALTAICHUNGUNIOFEDU,SCHL,National Taichung Uni of Edu
E0000008064,UNIOFMARYLANDBALTIMORE,SCHL,"Uni of Maryland, Baltimore"
E0000008065,ICAREPCNPTELTD,SFTP,I-CARE PCN PTE. LTD.
E0000008066,TRIOTECHINTERNATIONALPL,SFTP,Trio-Tech International PL
E0000008067,FRESHACCOUNTINGPTELTD,SFTP,Fresh Accounting Pte. Ltd.
E0000008068,KRATOSCOMMUNICATIONS,SFTP,Kratos Communications
E0000008069,JAPASERVICESPTELTD,SFTP,Japa Services Pte. Ltd.
E0000008070,INFOCOMMUNICATIONSMEDIA,SFTP,Info-Communications Media
E0000008071,ALTPIZZAPTELTD,SFTP,ALT. PIZZA PTE. LTD.
E0000008072,ASTARRESEARCHENTITIES,SFTP,A*STAR Research Entities
E0000008073,PTISAT,SFTP,PT.ISAT
E0000008074,GUANGZHOUMARITIMEUNIVERSITY,SCHL,Guangzhou Maritime University
E0000008075,RIODEJANEIROSTATEUNI,SCHL,Rio de Janeiro State Uni
E0000008076,SINGAPOREINSTITUTEOFMGMNT,SFTP,Singapore Institute of Mgmnt
E0000008077,ONGTENGCHEONGLABOURLEADERS,SFTP,Ong Teng Cheong Labour Leaders
E0000008078,HPSINGAPOREPRIVATELIMITED,SFTP,HP SINGAPORE (PRIVATE) LIMITED
E0000008079,SPHERECONSUMERPRODUCTSASIA,SFTP,SPHERE CONSUMER PRODUCTS ASIA
E0000008080,ASSURITYTRUSTEDSOLUTIONSPL,SFTP,ASSURITY TRUSTED SOLUTIONS PL
E0000008081,KUTAFINMOSCOWSTATELAWUNI,SCHL,Kutafin Moscow State Law Uni
E0000008082,MEIHOUNIVERSITY,SCHL,Meiho University
E0000008083,SEHANUNIVERSITY,SCHL,Sehan University
E0000008084,SOUTHWESTMEDICALUNIVERSITY,SCHL,Southwest Medical University
E0000008085,LIAONINGINSTOFSCIANDTECH,SCHL,Liaoning Inst of Sci and Tech
E0000008086,THECOLLEGEOFLAW,SCHL,The College of Law
E0000008087,GUIZHOUMEDICALUNIVERSITY,SCHL,Guizhou Medical University
E0000008088,SOTHEBYSINSTITUTEOFART,SCHL,Sotheby's Institute of Art
E0000008089,ITEITE25,SFTP,ITE (ITE25)
E0000008090,ACROBIOCORPORATION,SFTP,AcroBio Corporation
E0000008091,PUREONLTD,SFTP,Pureon Ltd.
E0000008092,THERMALLUZONINC,SFTP,"Thermal Luzon,Inc"
E0000008093,TECHNOLOGICALUNIVERSITYMEIK,SCHL,"Technological University, Meik"
E0000008094,PARKWAYLABORATORYSERVICES,SFTP,PARKWAY LABORATORY SERVICES
E0000008095,NTTGLOBALDATACENTERSHOLDIN,SFTP,NTT GLOBAL DATA CENTERS HOLDIN
E0000008096,TEMASEKJUNIORCOLLEGE,SFTP,Temasek Junior College
E0000008097,ONGTENGCHEONGLABOURLEADERS,SFTP,Ong Teng Cheong Labour Leaders
E0000008098,BANGOLUFSENASIAPTELTD,SFTP,BANG & OLUFSEN ASIA PTE LTD
E0000008099,NUEVOCORPTELTD,SFTP,NUEVOCOR PTE. LTD.
E0000008100,CHUNGCHENGHIGHSCHOOLYISHU,SFTP,CHUNG CHENG HIGH SCHOOL (YISHU
E0000008101,MAYBANKSINGAPORELIMITED,SFTP,Maybank Singapore Limited
E0000008102,ARIELUNIVERSITY,SCHL,Ariel University
E0000008103,WEIKEGAMINGTECHNOLOGYS,SFTP,Weike Gaming Technology (S)
E0000008104,MAXICASHGROUPPTELTD,SFTP,Maxi-Cash Group Pte Ltd
E0000008105,POCOPRODUCTIONSPTELTD,SFTP,POCO PRODUCTIONS PTE LTD
E0000008106,PATAGONIA,SFTP,Patagonia
E0000008107,TRANSITLINKPTELTD,SFTP,TRANSIT LINK PTE LTD
E0000008108,DBSBANKLTD,SFTP,DBS Bank Ltd
E0000008109,NATIONALPARKSBOARDNPBA8,SFTP,NATIONAL PARKS BOARD (NPBA8)
E0000008110,JTCCORPORATIONJTC58,SFTP,JTC Corporation (JTC58)
E0000008111,THEPUBLICINVESTMENTFUND,SFTP,The Public Investment Fund
E0000008112,SEMBCORPPARKSMANAGEMENT,SFTP,Sembcorp Parks Management
E0000008113,SINGAPORECHINESECULTURALCTR,SFTP,Singapore Chinese Cultural Ctr
E0000008114,MACBUILDCONSTRUCTIONPTELTD,SFTP,Macbuild Construction Pte Ltd
E0000008115,HEALTHSCIENCESAUTHORITY,SFTP,Health Sciences Authority
E0000008116,EMERGINGMARKETRESEARCHCO,SFTP,Emerging Market Research Co
E0000008117,STEWARDCROSSPTELTD,SFTP,Steward Cross Pte Ltd
E0000008118,WINEKINPTELTD,SFTP,Wine Kin Pte Ltd
E0000008119,NGEEANNPOLYTECHNIC,SFTP,Ngee Ann Polytechnic
E0000008120,LESAFFRESINGAPOREPTELTD,SFTP,LESAFFRE SINGAPORE PTE. LTD.
E0000008121,FUYANGNORMALUNIVERSITY,SCHL,Fuyang Normal University
E0000008122,EPPENDORFINDIAPRIVATELIMITE,SFTP,Eppendorf India Private Limite
E0000008123,VORWERKSERVICESPTELTD,SFTP,Vorwerk Services Pte Ltd
E0000008124,MASTERMARKPTELTD,SFTP,Mastermark Pte Ltd
E0000008125,CENTRALPROVIDENTFUNDCPF34,SFTP,Central Provident Fund (CPF34)
E0000008126,CHUANHUPHOLDINGSLIMITED,SFTP,Chuan Hup Holdings Limited
E0000008127,SEMBCORPARCHITECTSENGINEER,SFTP,SEMBCORP ARCHITECTS & ENGINEER
E0000008128,NAVALGROUPFAREASTPTELTD,SFTP,NAVAL GROUP FAR EAST PTE LTD
E0000008129,CENTRALPROVIDENTFUNDCPF71,SFTP,Central Provident Fund (CPF71)
E0000008130,LIONGLOBALINVESTORSLIMITED,SFTP,LION GLOBAL INVESTORS LIMITED
E0000008131,APIXELSPRODUCTIONHAUSPL,SFTP,A Pixels Production-Haus PL
E0000008132,DURAPOWERHOLDINGSPTELTD,SFTP,Durapower Holdings Pte Ltd
E0000008133,MUDITAGLOBAL,SFTP,MUDITA GLOBAL
E0000008134,STMICROELECTRONICSINTERNATION,SFTP,STMicroelectronics Internation
E0000008135,MACQUARIEGROUPHOLDINGSSING,SFTP,Macquarie Group Holdings (Sing
E0000008136,INNOVABIOMEDICALPTELTD,SFTP,Innova Bio-medical Pte Ltd
E0000008137,PTTEPINTERNATIONALLIMITED,SFTP,PTTEP INTERNATIONAL LIMITED
E0000008138,PTGUDANGGARAMTBK,SFTP,PT Gudang Garam Tbk.
E0000008139,CENTRALPROVIDENTFUNDCPF76,SFTP,Central Provident Fund (CPF76)
E0000008140,CIVILSERVICECOLLEGECSC1,SFTP,Civil Service College (CSC01)
E0000008141,SEEDINSTITUTEPTELTD,SFTP,SEED INSTITUTE PTE. LTD.
E0000008142,CENTRALPROVIDENTFUNDCPF8,SFTP,Central Provident Fund (CPF98)
E0000008143,CENTRALPROVIDENTFUNDCPF25,SFTP,Central Provident Fund (CPF25)
E0000008144,LOBACHEVSKYSTATEUNIVERSITY,SCHL,Lobachevsky State University
E0000008145,EPPENDORFSOUTHPACIFICPTY,SFTP,Eppendorf South Pacific Pty
E0000008146,AUDEMARSPIGUETSINGAPORE,SFTP,Audemars Piguet (Singapore)
E0000008147,YELLOWRIBBONSINGAPORE,SFTP,YELLOW RIBBON SINGAPORE
E0000008148,ID21PTELTD,SFTP,ID21 PTE. LTD.
E0000008149,BSPBUSINESSLAWSCHOOLBERL,SCHL,BSP Business & Law School Berl
E0000008150,CHUNGCHENGHIGHSCHOOLMAIN,SFTP,CHUNG CHENG HIGH SCHOOL (MAIN)
E0000008151,SINGAPOREPOLICEFORCEMHA42,SFTP,Singapore Police Force (MHA42)
E0000008152,PRIMEMINISTERSOFFICEPMO26,SFTP,Prime Minister's Office (PMO26
E0000008153,CENTRALPROVIDENTFUNDCPF66,SFTP,Central Provident Fund (CPF66)
E0000008154,FRASERSHOSPITALITYPTELTD,SFTP,Frasers Hospitality Pte Ltd
E0000008155,DREWNAPIERLLC,SFTP,DREW & NAPIER LLC
E0000008156,ZEROWASTESGLTD,SFTP,Zero Waste SG Ltd
E0000008157,CHRISTELLLUXURYWELLNESS,SFTP,CHRISTELL LUXURY WELLNESS
E0000008158,ISPRINTINNOVATIONPTELTD,SFTP,I-SPRINT INNOVATION PTE LTD
E0000008159,IDEMIASINGAPOREPTELTD,SFTP,IDEMIA SINGAPORE PTE LTD
E0000008160,WPHDIGITALPTELTD,SFTP,WPH Digital Pte Ltd
E0000008161,SIEMENSENERGYPTELTD,SFTP,SIEMENS ENERGY PTE. LTD.
E0000008162,DREAMINTERNATIONALSGPL,SFTP,DREAM INTERNATIONAL SG PL
E0000008163,FUJIFILMBUSINESSINNOVATION,SFTP,FUJIFILM BUSINESS INNOVATION
E0000008164,MSDINTLGMBHSG,SFTP,MSD Intl GmbH (SG)
E0000008165,UNIDEGLISTUDIDELSANNIO,SCHL,Uni degli Studi del Sannio
E0000008166,CENTRALPROVIDENTFUNDBOARD,SFTP,Central Provident Fund Board
E0000008167,TEOGARMENTSCORPORATIONPL,SFTP,TEO GARMENTS CORPORATION PL
E0000008168,MUSLIMINTRUSTFUNDASSOCIATIO,SFTP,Muslimin Trust Fund Associatio
E0000008169,SOLENTPTELTD,SFTP,SOLENT PTE LTD
E0000008170,CARGILLASIAPACIFICHOLDINGS,SFTP,CARGILL ASIA PACIFIC HOLDINGS
E0000008171,WENZAOURSULINEUNILANGUAGES,SCHL,Wenzao Ursuline Uni Languages
E0000008172,STBSTB35,SFTP,STB (STB35)
E0000008173,SINGAPOREFLYINGCOLLEGEPL,SFTP,Singapore Flying College PL
E0000008174,NUVISTATECHNOLOGIESPTELTD,SFTP,Nuvista Technologies Pte Ltd
E0000008175,BRITISHCOUNCIL,SCHL,British Council
E0000008176,HEALTHSCIENCESAUTHORITY,SFTP,Health Sciences Authority
E0000008177,UNIOFGLOBALHEALTHEQUITY,SCHL,Uni of Global Health Equity
E0000008178,LADOKEAKINTOLAUNIOFTECH,SCHL,Ladoke Akintola Uni of Tech
E0000008179,SEVENSEASMARINENAVCOMPL,SFTP,SEVEN SEAS MARINE NAVCOM PL
E0000008180,CENTRALPROVIDENTFUNDCPF48,SFTP,Central Provident Fund (CPF48)
E0000008181,PRINCIPALGLOBALINVESTORSSG,SFTP,Principal Global Investors SG
E0000008182,CRESTSECONDARYSCHOOL,SFTP,Crest Secondary School
E0000008183,NGEEANNPOLYTECHNICNPO8,SFTP,Ngee Ann Polytechnic (NPO08)
E0000008184,VASTUSWEALTHPTELTD,SFTP,Vastus Wealth Pte Ltd
E0000008185,QIAGENSINGAPOREPTELTD,SFTP,QIAGEN Singapore Pte Ltd
E0000008186,SINGAPOREINSTITUTEOFTECH,SFTP,Singapore Institute of Tech
E0000008187,DTCWORLDCORPORATIONPTELTD,SFTP,DTC WORLD CORPORATION PTE LTD
E0000008188,GIBSONDUNNCRUTCHERLLP,SFTP,"GIBSON, DUNN & CRUTCHER LLP"
E0000008189,SKILLSFUTURESINGAPOREAGENCY,SFTP,SkillsFuture Singapore Agency
E0000008190,ASTARRESEARCHENTITIES,SFTP,A*STAR Research Entities
E0000008191,CHEMSTATIONINTERNATIONALPL,SFTP,CHEMSTATION INTERNATIONAL PL
E0000008192,THEROYALDANISHACADOFMUSIC,SCHL,The Royal Danish Acad of Music
E0000008193,SLMCONSULTINGPTELTD,SFTP,SLM Consulting Pte Ltd
E0000008194,GENNEXSINGAPOREPTELTD,SFTP,GENNEX SINGAPORE PTE LTD
E0000008195,SINGAPOREFIRSTAIDTRAININGC,SFTP,Singapore First Aid Training C
E0000008196,WYSEPTELTD,SFTP,Wyse Pte Ltd
E0000008197,STBSTB2,SFTP,STB (STB02)
E0000008198,SUNTORYBEVERAGEFOODASIA,SFTP,SUNTORY BEVERAGE & FOOD ASIA
E0000008199,ACTONTECHNOLOGYPTELTD,SFTP,Acton Technology Pte Ltd
E0000008200,BUSINESSVISIONSGROUP,SFTP,BUSINESS VISIONS GROUP
E0000008201,TOKIOMARINEKILNSINGAPOREPL,SFTP,Tokio Marine Kiln Singapore PL
E0000008202,ITEITE36,SFTP,ITE (ITE36)
E0000008203,KLASSENGINEERINGSOLUTIONS,SFTP,Klass Engineering & Solutions
E0000008204,ASIATICAGRICULTURALINDUS,SFTP,Asiatic Agricultural Indus
E0000008205,JLKTECHNOLOGYPTELTD,SFTP,JLK Technology Pte. Ltd
E0000008206,CENTRALPROVIDENTFUNDCPF63,SFTP,Central Provident Fund (CPF63)
E0000008207,STBSTB3,SFTP,STB (STB03)
E0000008208,STBSTB4,SFTP,STB (STB04)
E0000008209,UDTRUCKSSINGAPOREPTELTD,SFTP,UD TRUCKS SINGAPORE (PTE.) LTD
E0000008210,SICHUANSYNLIGHTBIOTECHLTD,SFTP,SICHUAN SYNLIGHT BIOTECH LTD.
E0000008211,PROPELLINTEGRATEDPTELTD,SFTP,Propell Integrated Pte Ltd
E0000008212,CHUGOKUMARINEPAINTSSINGAP,SFTP,CHUGOKU MARINE PAINTS (SINGAP
E0000008213,BANKINDONESIASUPERVISORYBOD,SFTP,BANK INDONESIA SUPERVISORY BOD
E0000008214,SYARIKATTAKAFULMALAYSIAKELU,SFTP,SYARIKAT TAKAFUL MALAYSIA KELU
E0000008215,ENDOFOTONICSPTELTD,SFTP,Endofotonics Pte Ltd
E0000008216,DENTONSRODYKDAVIDSONLLP,SFTP,DENTONS RODYK & DAVIDSON LLP
E0000008217,ZHONGHUASECONDARYSCHOOL,SFTP,Zhonghua Secondary School
E0000008218,DRAGAGESSINGAPOREPTELTD,SFTP,DRAGAGES SINGAPORE PTE LTD
E0000008219,PROENSCAFFOLDPTELTD,SFTP,PROEN SCAFFOLD PTE. LTD.
E0000008220,NANYANGPOLYTECHNIC,SFTP,Nanyang Polytechnic
E0000008221,LINGJACKENGINEERINGWORKSPL,SFTP,Lingjack Engineering Works PL
E0000008222,SMARTSYSTEMSPTELTD,SFTP,SMART Systems Pte Ltd
E0000008223,KOWABUNGAGLOBALPTELTD,SFTP,Kowabunga! Global Pte. Ltd.
E0000008224,MINISTRYOFMANPOWERMOM6,SFTP,Ministry of Manpower (MOM06)
E0000008225,TEMASEKPOLYTECHNICTPO26,SFTP,Temasek Polytechnic (TPO26)
E0000008226,STPETERSCOLLEGEOXFORD,SCHL,"St Peter's College, Oxford"
E0000008227,INTERNATIONALSUSTAINABLEDEVE,SCHL,International Sustainable Deve
E0000008228,FOREIGNTRADEBANKOFCAMBODIA,SFTP,Foreign Trade Bank of Cambodia
E0000008229,WORKFORCESINGAPOREWSG3,SFTP,Workforce Singapore (WSG03)
E0000008230,CARPENTERANDCOOKPTELTD,SFTP,CARPENTER AND COOK PTE LTD
E0000008231,TEMASEKPOLYTECHNIC,SFTP,Temasek Polytechnic
E0000008232,UFINITYPTELTD,SFTP,Ufinity Pte Ltd
E0000008233,NORTHVISTAPRIMARYSCHOOL,SFTP,North Vista Primary School
E0000008234,PEPPERLFUCHSASIAPTELTD,SFTP,Pepperl+Fuchs Asia Pte Ltd
E0000008235,NANCHIAUHIGHSCHOOL,SFTP,Nan Chiau High School
E0000008236,DOUYEEINTERNATIONALPTELTD,SFTP,DOU YEE INTERNATIONAL PTE LTD
E0000008237,WESTSPRINGSECONDARYSCHOO,SFTP,West Spring Secondary Schoo
E0000008238,CHINAACADEMYOFSPACETECHNOL,SCHL,China Academy of Space Technol
E0000008239,MITSUBISHIESTATECOLTD,SFTP,"Mitsubishi Estate Co., Ltd"
E0000008240,JTCCORPORATIONJTC3,SFTP,JTC CORPORATION (JTC03)
E0000008241,TARUMANAGARAFOUNDATION,SFTP,Tarumanagara Foundation
E0000008242,SEGOVIAFINANCIALSERVICESPL,SFTP,SEGOVIA FINANCIAL SERVICES PL
E0000008243,WILHELMSENSHIPSSERVICES,SFTP,Wilhelmsen Ships Service (S)
E0000008244,BANKMUAMALATMALAYSIABERHAD,SFTP,Bank Muamalat Malaysia Berhad
E0000008245,RIGHTSHIPSINGAPOREPTELTD,SFTP,RIGHTSHIP SINGAPORE PTE. LTD.
E0000008246,VFSINGAPOREOVERSEASSERVICES,SFTP,VF Singapore Overseas Services
E0000008247,AURORACIRCLELLP,SFTP,AURORA CIRCLE LLP
E0000008248,UFAINCBRANCHOFFICESG,SFTP,"UFA, INC. BRANCH OFFICE SG"
E0000008249,ROYALNORTHERNCOLLEGEOFMUSI,SCHL,Royal Northern College of Musi
E0000008250,STENGINEERINGURBANSOLUTIONS,SFTP,ST Engineering Urban Solutions
E0000008251,CHINAASEANCAPITALADVISORY,SFTP,China-ASEAN Capital Advisory
E0000008252,ECONOMICDEVELOPMENTBOARD,SFTP,Economic Development Board
E0000008253,SPDIGITALPTELTD,SFTP,SP Digital Pte. Ltd.
E0000008254,SINGAPOREPOLYTECHNIC,SFTP,Singapore Polytechnic
E0000008255,DSBJPTELTD,SFTP,DSBJ Pte. Ltd
E0000008256,HUMMINGBIRDBIOSCIENCEPTELTD,SFTP,Hummingbird Bioscience Pte Ltd
E0000008257,NIPPONSANSOHOLDINGSSGPL,SFTP,Nippon Sanso Holdings SG PL
E0000008258,HALCONPRIMOLOGISTICSPTELTD,SFTP,Halcon Primo Logistics Pte Ltd
E0000008259,STENGINEERINGAEROSPACEPL,SFTP,ST ENGINEERING AEROSPACE P/L
E0000008260,KIDNEYDIALYSISFOUNDATIONLIM,SFTP,Kidney Dialysis Foundation Lim
E0000008261,MINISTRYOFFINANCE,SFTP,Ministry of Finance
E0000008262,MINISTRYOFDEFENCE,SFTP,Ministry of Defence
E0000008263,INFOCOMMMEDIADEVELOPMENTAUT,SFTP,Infocomm Media Development Aut
E0000008264,CUSCADENPEAKINVESTMENTSPL,SFTP,CUSCADEN PEAK INVESTMENTS PL
E0000008265,PTPERUSAHAANLISTRIKNPERSER,SFTP,PT Perusahaan ListrikN Perser0
E0000008266,ACCENTUREPTELTD,SFTP,Accenture Pte Ltd
E0000008267,VICTORIAJUNIORCOLLEGE,SFTP,Victoria Junior College
E0000008271,VICTORIAJUNIORCOLLEGE,SFTP,Victoria Junior College
E0000008272,WIZLOGIXPTELTD,SFTP,Wizlogix Pte Ltd
E0000008273,NANYANGPOLYTECHNIC,SFTP,Nanyang Polytechnic
E0000008274,NANYANGPOLYTECHNIC,SFTP,Nanyang Polytechnic
E0000008275,NATIONALNEUROSCIENCEINSTITUT,SFTP,National Neuroscience Institut
E0000008276,NATIONALNEUROSCIENCEINSTITUT,SFTP,National Neuroscience Institut
E0000008277,VISHUOBIOMEDICALPTELTD,SFTP,Vishuo Biomedical Pte Ltd
E0000008278,OSAKAGASENERGYSUPPLYANDTR,SFTP,Osaka Gas Energy Supply and Tr
E0000008279,ENVISIONDIGITALINTERNATIONAL,SFTP,Envision Digital International
E0000008280,CPGFACILITIESMGTPTELTD,SFTP,CPG Facilities Mgt PteLtd
E0000008281,REPUBLICPOLYTECHNICRPO38,SFTP,Republic Polytechnic(RPO38)
E0000008282,SAABSINGAPOREPTELTD,SFTP,Saab Singapore Pte Ltd
E0000008283,KIDSINTERVENTIONSPECIALISTS,SFTP,KIDS INTERVENTION SPECIALISTS
E0000008285,NOCMALAYSIA,SCHL,NOC Malaysia
E0000008286,NOCPHILIPPINES,SCHL,NOC Philippines
E0000008287,NOCINDONESIA,SCHL,NOC Indonesia
E0000008288,NOCVIETNAM,SCHL,NOC Vietnam
E0000008289,NOCTHAILAND,SCHL,NOC Thailand
E0000008290,NOCGREATERBAYAREA,SCHL,NOC Greater Bay Area
E0000008291,NOCTORONTOWATERLOO,SCHL,NOC Toronto-Waterloo
E0000008292,MSIGASIAPTELTD,SFTP,MSIG Asia Pte Ltd
E0000008293,REPUBLICPOLYTECHNIC,SFTP,Republic Polytechnic
E0000008294,REPUBLICPOLYTECHNIC,SFTP,Republic Polytechnic
E0000008295,ELMCOMPANY,SFTP,Elm Company
E0000008296,DEDOCOPTELTD,SFTP,Dedoco Pte. Ltd
E0000008297,VESONNAUTICALPTELTD,SFTP,Veson Nautical Pte Ltd
E0000008298,MBAGEASLIFEINSURANCECOMPAN,SFTP,MB Ageas Life Insurance Compan
E0000008299,GREENSCANPTELTD,SFTP,GREEN SCAN PTE. LTD.
E0000008300,FASHIONINSTITUTEOFDESIGNAN,SCHL,Fashion Institute of Design an
E0000008301,SYNAPXEPTELTD,SFTP,Synapxe Pte Ltd
E0000008302,MINISTRYOFEDUCATIONMOE16,SFTP,Ministry of Education (MOE16)
E0000008303,BLOOMBERGSINGAPOREPTELTD,SFTP,BLOOMBERG SINGAPORE PTE. LTD
E0000008304,KHAZANAHRESEARCHINSTITUTE,SFTP,KHAZANAH RESEARCH INSTITUTE
E0000008305,JJMANAGEMENTSOLUTIONSPL,SFTP,JJ Management Solutions P/L
E0000008306,CENTRALPROVIDENTFUND,SFTP,CENTRAL PROVIDENT FUND
E0000008307,MATCORTECHNOLOGYSERVICES,SFTP,Matcor Technology & Services
E0000008308,PANUNITEDCONCRETEPTELTD,SFTP,Pan-United Concrete Pte Ltd
E0000008309,CALLLADEENTERPRISESPTELTD,SFTP,CALL LADE ENTERPRISES PTE LTD
E0000008310,JAFCOINVESTMENTAPECPTELTD,SFTP,JAFCO INVESTMENT APEC PTE LTD
E0000008311,SUPERSONICPTELTD,SFTP,Supersonic Pte. Ltd.
E0000008312,REPUBLICPOLYTECHNICRPO35,SFTP,Republic Polytechnic (RPO35)
E0000008313,GREENLINKDIGITALBANK,SFTP,Green Link Digital Bank
E0000008314,RONSORENGINEERINGPTELTD,SFTP,Ronsor Engineering PteLtd
E0000008315,DYSLEXIAASSOCIATIONOFSPORE,SFTP,Dyslexia Association of S'pore
E0000008316,TIMIOSSOLUTIONSPTELTD,SFTP,Timios Solutions Pte. Ltd
E0000008317,SCHAEFFLERSINGAPOREPTELTD,SFTP,Schaeffler (Singapore) Pte Ltd
E0000008318,PROCTERGAMBLEINTERNATIONAL,SFTP,PROCTER & GAMBLE INTERNATIONAL
E0000008319,CENTRALPROVIDENTFUNDCPF73,SFTP,Central Provident Fund (CPF73)
E0000008320,NANYANGPOLYTECHNICNYP23,SFTP,Nanyang Polytechnic (NYP23)
E0000008321,ARAMCOASIASINGAPOREPTELTD,SFTP,Aramco Asia Singapore Pte. Ltd
E0000008322,REPUBLICPOLYTECHNICRPO34,SFTP,REPUBLIC POLYTECHNIC (RPO34)
E0000008323,EASMEDASIAPTELTD,SFTP,EASMED ASIA PTE. LTD
E0000008324,TOFFSTECHNOLOGIESPTELTD,SFTP,Toffs Technologies Pte Ltd
E0000008325,KIDSMEDICALSPECIALISTPL,SFTP,Kids Medical Specialist P/L
E0000008326,MINISTRYOFMANPOWERMOM16,SFTP,Ministry of Manpower (MOM16)
E0000008327,COMMERZBANKAKTIENGESELLSCHAFT,SFTP,COMMERZBANK AKTIENGESELLSCHAFT
E0000008328,EXXONMOBILCEPULIMITED,SFTP,EXXONMOBIL CEPU LIMITED
E0000008329,NGEEANNPOLYTECHNICNPO11,SFTP,Ngee Ann Polytechnic (NPO11)
E0000008330,SINGAPORESPORTSCOUNCILSS25,SFTP,Singapore Sports Council (SS25
E0000008331,THENATIONALCENTERFORPRIVAT,SFTP,THE NATIONAL CENTER FOR PRIVAT
E0000008332,CCECCSINGAPOREPTELTD,SFTP,CCECC SingaporePteLtd
E0000008333,WEBCASTTECHNOLOGIESINC,SFTP,Webcast Technologies Inc
E0000008334,MINDEFMODES,SFTP,MINDEF(MODES)
E0000008335,GOVERNMTKARNATAKA,SFTP,Governmt-Karnataka
E0000008336,MASMAS22,SFTP,MAS (MAS22)
E0000008337,HDBHDB64,SFTP,HDB (HDB64)
E0000008338,CITYENERGYPTELTDASTRUS,SFTP,CITY ENERGY PTE. LTD. (AS TRUS
E0000008339,CHINAELECTRICPOWERRESEARCH,SCHL,China Electric Power Research
E0000008340,PTTELKOMINDONESIA,SFTP,PT. Telkom Indonesia
E0000008341,TEEENVIRONMENTALPTELTD,SFTP,TEE ENVIRONMENTAL PTE LTD
E0000008342,TOURISMDEVELOPMENTFUND,SFTP,Tourism Development Fund
E0000008343,THESTAKEHOLDERCOMPANYPL,SFTP,THE STAKEHOLDER COMPANY P/L
E0000008344,MINISTRYOFDEFENCEMODES,SFTP,Ministry of Defence(MODES)
E0000008345,CUTECHGREENVENTURESPTELTD,SFTP,Cutech Green Ventures Pte Ltd
E0000008346,SCVRESEARCHANDDEVELOPMENT,SFTP,SCV Research and Development
E0000008347,NMGFINANCIALSERVICESCONSULT,SFTP,NMG Financial Services Consult
E0000008348,ASTARRESEARCHENTITIESSCEI,SFTP,A*STAR Research Entities(SCEI)
E0000008349,WORKFORCESINGAPOREWSG23,SFTP,Workforce Singapore( WSG23)
E0000008350,AMENARINIASIAPACIFICPL,SFTP,A. Menarini Asia-Pacific P/L
E0000008351,MTRCORPORATION,SFTP,MTR Corporation
E0000008352,KELLERFOUNDATIONSSEASIA,SFTP,KELLER FOUNDATIONS (S E ASIA)
E0000008353,RAMAKRISHNAMISSIONTHE,SFTP,"Ramakrishna Mission, The"
E0000008354,NYKSOUTHASIAPTELTD,SFTP,NYK South Asia Pte Ltd
E0000008355,SUMITOMOCORPORATION,SFTP,SUMITOMO CORPORATION
E0000008356,THEJAPANFOUNDATIONJAPANESE,SCHL,"The Japan Foundation, Japanese"
E0000008357,BRUNEILNGSDNBHD,SFTP,Brunei LNG Sdn Bhd
E0000008358,SCREENINGEAGLESINGAPOREPL,SFTP,Screening Eagle Singapore P/L
E0000008359,BESTWORLDINTERNATIONAL,SFTP,Best World International
E0000008360,YHICORPORATIONSGPL,SFTP,YHI CORPORATION (SG) P/L
E0000008361,ASTARRESEARCHENTITIESIHPC,SFTP,A*STAR Research Entities(IHPC)
E0000008362,SINGAPOREFOODAGENCYSFA2,SFTP,Singapore Food Agency (SFA20)
E0000008363,SANJAYGHODAWATUNIVERSITY,SCHL,Sanjay Ghodawat University
E0000008364,HARRYELIASPARTNERSHIPLLP,SFTP,Harry Elias Partnership LLP
E0000008365,TBANKRAKYATINDONESIAPERSER,SFTP,T Bank Rakyat Indonesia Perser
E0000008366,TASEKACADEMYANDSOCIALSERVI,SFTP,TASEK ACADEMY AND SOCIAL SERVI
E0000008367,VERITASPETROLEUMSERVICESPL,SFTP,VERITAS PETROLEUM SERVICES P/L
E0000008368,MINISTRYOFEDNSCIMONGOLIA,SFTP,"Ministry of Edn &Sci,Mongolia"
E0000008369,HERAEUSPHOTOVOLTAICSSGPL,SFTP,Heraeus Photovoltaics SG P/L
E0000008370,BIOMEDDIAGNOSTICSPTELTD,SFTP,Biomed Diagnostics Pte Ltd
E0000008371,IDSMEDICALSYSTEMSSGPL,SFTP,IDS MEDICAL SYSTEMS (SG) P/L
E0000008372,EVELECTRICEVECHARGINGPL,SFTP,EV-ELECTRIC (EVE) CHARGING P/L
E0000008373,WINGOLFPTELTD,SFTP,WinGolf Pte Ltd
E0000008374,SUMMITGASSYSTEMSPTELTD,SFTP,Summit Gas Systems Pte Ltd
E0000008375,FONGSHENMAINTENANCEENGRG,SFTP,Fong Shen Maintenance & Engrg
E0000008376,KAFALAHSMELOANGUARANTEEPRO,SFTP,KAFALAH SME LOAN GUARANTEE PRO
E0000008377,SANZPTELTD,SFTP,SANZ PTE. LTD.
E0000008378,SHELFSUBSEASOLUTIONSPTELTD,SFTP,Shelf Subsea Solutions Pte Ltd
E0000008379,SYARIFHIDAYATULLAHSIUNI,SCHL,Syarif Hidayatullah S I Uni
E0000008380,LOHGUANLYESONSSDNBHD,SFTP,LOH GUAN LYE & SONS SDN BHD
E0000008381,ECONOMICDEVELOPMENTBOARD,SFTP,Economic Development Board
E0000008382,JCJAZZCLASSICALMUSICSTUDIO,SFTP,JC JAZZ CLASSICAL MUSIC STUDIO
E0000008383,SINGAPORELIFELTD,SFTP,Singapore Life Ltd
E0000008384,SANZPTELTD,SFTP,SANZ PTE LTD
E0000008385,CLARINSPTELTD,SFTP,Clarins Pte Ltd
E0000008386,MINDEFMODESMOD2,SFTP,MINDEF-MODES (MOD02)
E0000008387,SAMARITANSOFSPORELTD11652,SFTP,Samaritans of SporeLtd 1019652
E0000008388,INTEGRALSERVICESOLUTIONISS,SFTP,Integral Service Solution(ISS)
E0000008389,YANMARINTERNATIONALSINGAPORE,SFTP,YANMAR INTERNATIONAL SINGAPORE
E0000008390,IIJGLOBALSOLUTIONSSINGAPORE,SFTP,IIJ Global Solutions Singapore
E0000008391,NGERNTIDLORPUBLICCOLTD,SFTP,Ngern Tid Lor Public Co. Ltd
E0000008392,STEPHENSONHARWOODLLP,SFTP,Stephenson Harwood LLP
E0000008393,TRILOGYTECHNOLOGIESPTELTD,SFTP,Trilogy Technologies Pte Ltd
E0000008394,ASTARRESEARCHENTITIESDDH,SFTP,A*STAR Research Entities(DDH)
E0000008395,BERAKAHMEDIAESTHETICSPTELTD,SFTP,Berakah Mediaesthetics Pte Ltd
E0000008396,SEATRIUMHOUSINGPTELTD,SFTP,SEATRIUM HOUSING PTE. LTD.
E0000008397,MANORGROUPSINGAPOREPL,SFTP,MANOR GROUP (SINGAPORE) P/L
E0000008398,MAYNOOTHUNIVERSITY,SCHL,Maynooth University
E0000008399,ALLPETSAQUALIFEVETSPL,SFTP,Allpets & Aqualife Vets P/L
E0000008400,HELMASIAPTELTD,SFTP,HELM Asia Pte Ltd
E0000008401,CCZARNIKOWSUGARPTELTD,SFTP,C. Czarnikow Sugar Pte Ltd
E0000008402,BLUESGPTELTD,SFTP,BLUESG PTE. LTD
E0000008403,LIGHTCOLLABLLP,SFTP,LIGHT COLLAB LLP
E0000008404,NORTHROPGRUMMANSPERRYMARINE,SFTP,NORTHROP GRUMMAN SPERRY MARINE
E0000008405,CENTRALPROVIDENTFUNDCPF33,SFTP,Central Provident Fund (CPF33)
E0000008406,PTBAHANATCWINVESTMENTMANAG,SFTP,PT Bahana TCW Investment Manag
E0000008407,ABVTECHNOLOGYPTELTD,SFTP,ABV TECHNOLOGY PTE LTD
E0000008408,SOMNOTECSPTELTD,SFTP,Somnotec (S) Pte Ltd
E0000008409,IBNHALDUNUNIVERSITY,SCHL,Ibn Haldun University
E0000008410,ASSAMDONBOSCOUNIVERSITY,SCHL,Assam Don Bosco University
E0000008411,SHENZHENTECHNOLOGYUNIVERSITY,SCHL,Shenzhen Technology University
E0000008412,JALANCARBONSCHEMPL,SFTP,Jalan Carbons & Chem PL
E0000008413,INDIANINSTINFOTECHKOTTAYAM,SCHL,Indian Inst Info Tech Kottayam
E0000008414,YANGONINTERNATIONALSCHOOL,SCHL,Yangon International School
E0000008415,INDIANLANGUAGESCHOOL,SCHL,Indian Language School
E0000008416,THEESPLANADECOLTD,SFTP,The Esplanade Co Ltd
E0000008417,SUSHANTUNIVERSITY,SCHL,Sushant University
E0000008418,LEGOSINGAPOREPTELTD,SFTP,LEGO Singapore Pte. Ltd.
E0000008419,ASIACAPITALREINSURANCEGROUP,SFTP,Asia Capital Reinsurance Group
E0000008420,BASFSOUTHEASTASIAPTELTD,SFTP,BASF South East Asia Pte Ltd
E0000008421,LEINTECINTERNATIONALPTELTD,SFTP,Leintec International Pte Ltd
E0000008422,TMSINDUSTRIESSINGAPOREPL,SFTP,TMS INDUSTRIES (SINGAPORE) P/L
E0000008423,FNGLOBALMARKETINGPTELTD,SFTP,F&N Global Marketing Pte Ltd
E0000008424,PTKIDECOJAYAAGUNG,SFTP,PT Kideco Jaya Agung
E0000008425,SHANDONGFIRSTMEDICALUNIVERS,SCHL,Shandong First Medical Univers
E0000008426,MARINABAYSANDSPTELTD,SFTP,Marina Bay Sands Pte Ltd
E0000008427,CITYCOLLEGEOFSANFRANCISCO,SCHL,City College of San Francisco
E0000008428,PTSASAINTI,SFTP,PT SASA INTI
E0000008429,JAKARTAINSTITUTEOFMANAGEMEN,SCHL,Jakarta Institute of Managemen
E0000008430,SKILLSFUTURESINGAPOREAGENCY,SFTP,SkillsFuture Singapore Agency
E0000008431,LIMKOKWINGUNICREATIVETECH,SCHL,Limkokwing Uni Creative Tech
E0000008432,MOSCOWPOWERENGINEERINGINST,SCHL,Moscow Power Engineering Inst
E0000008433,SANKENOVERSEASSINGAPOREPL,SFTP,SANKEN OVERSEAS SINGAPORE P/L
E0000008434,HFSEINTERNATIONALSCHOOLPL,SFTP,HFSE INTERNATIONAL SCHOOL P/L
E0000008435,BEAMSTRATEGIESPTELTD,SFTP,BEAM STRATEGIES PTE. LTD.
E0000008436,HEALTHIFYMEDICALPTELTD,SFTP,HEALTHIFY MEDICAL PTE LTD
E0000008437,CELRONENTERPRISESPTELTD,SFTP,CEL-RON ENTERPRISES PTE LTD
E0000008438,LEEAHMOOIOLDAGEHOME,SFTP,Lee Ah Mooi Old Age Home
E0000008439,STRIDESDSTPTELTD,SFTP,STRIDES DST PTE. LTD.
E0000008440,MINISTRYOFEDUCATIONBRUNEI,SFTP,Ministry of Education Brunei
E0000008441,GOLDTECHRESOURCESPTELTD,SFTP,Goldtech Resources Pte Ltd
E0000008442,CHINAASEANCAPITALADVISORY,SFTP,China-ASEAN Capital Advisory
E0000008443,EVOOQSINGAPOREPTELTD,SFTP,EVOOQ SINGAPORE PTE. LTD.
E0000008444,ENTRUSTNETWORKSERVICESPL,SFTP,Entrust Network Services P/L
E0000008445,MINISTRYOFTOURISM,SFTP,Ministry of Tourism
E0000008446,BUDDHATOOTHRELICTEMPLESG,SFTP,Buddha Tooth Relic Temple (SG)
E0000008447,IMPERIUMCONCEPTSASIAPTELTD,SFTP,Imperium Concepts Asia Pte Ltd
E0000008448,SCGPACKAGINGPUBLICCOLTD,SFTP,SCG Packaging Public Co. Ltd
E0000008449,PTSASAINTI,SFTP,PT Sasa Inti
E0000008450,XAVIERVENTURESPTELTD,SFTP,XAVIER VENTURES PTE. LTD.
E0000008451,AITBIOTECHPTELTD,SFTP,Aitbiotech Pte. Ltd
E0000008452,TRANSCONTROLTECHSVSPL,SFTP,Transcontrol Tech Svs PL
E0000008453,TDKCOMPONENTSPTELTD,SFTP,TDK COMPONENTS PTE LTD
E0000008454,LAMINARPTELTD,SFTP,Laminar Pte Ltd
E0000008455,LITEONSINGAPOREPTELTD,SFTP,Lite-On Singapore Pte Ltd
E0000008456,EDUGROVEMANDARINENRICHMENTC,SFTP,EduGrove Mandarin Enrichment C
E0000008457,MLIT,SFTP,MLIT
E0000008458,JTCCORPORATIONJTC36,SFTP,JTC Corporation (JTC36)
E0000008459,MINISTRYOFFINANCEJAPAN,SFTP,Ministry of Finance Japan
E0000008460,TOKYOGASCOLTD,SFTP,Tokyo Gas Co. Ltd.
E0000008461,MHLWJAPAN,SFTP,MHLW Japan
E0000008462,MAFF,SFTP,MAFF
E0000008463,MEDISIXTHERAPEUTICSPL,SFTP,Medisix Therapeutics PL
E0000008464,SULZERSINGAPOREPTELTD,SFTP,SULZER SINGAPORE PTE LTD
E0000008465,SINGAPOREMARITIMEFOUNDN,SFTP,Singapore Maritime Foundn
E0000008466,OMMATERIALSSPTELTD,SFTP,OM Materials (S) Pte Ltd
E0000008467,STBSTB5,SFTP,STB (STB05)
E0000008468,ROHDESCHWARZASIAPTELTD,SFTP,Rohde & Schwarz Asia Pte Ltd
E0000008469,THEJAPANRESEARCHINSTITUTE,SFTP,The Japan Research Institute
E0000008470,CENTREFORPSYCHOTHERAPYLTD,SFTP,CENTRE FOR PSYCHOTHERAPY LTD
E0000008471,SINGAPORETELECOMMUNICATIONSL,SFTP,SINGAPORE TELECOMMUNICATIONS L
E0000008472,SINGAPOREINTERNATIONALMEDIAT,SFTP,SINGAPORE INTERNATIONAL MEDIAT
E0000008473,ALLIEDBANKLIMITED,SFTP,ALLIED BANK LIMITED
E0000008474,PLOGPTELTD,SFTP,P;LOG PTE LTD
E0000008475,HAPAGLLOYDPTELTD,SFTP,Hapag-Lloyd Pte Ltd
E0000008476,PROBONOSG,SFTP,PRO BONO SG
E0000008477,GAMUDABERHADSINGAPOREBRANCH,SFTP,Gamuda Berhad Singapore Branch
E0000008478,MANILAWATERCOMPANYINC,SFTP,"MANILA WATER COMPANY, INC"
E0000008479,PTASTRAHONDAMOTOR,SFTP,PT Astra Honda Motor
E0000008480,SENNHEISERELECTRONICASIAPL,SFTP,SENNHEISER ELECTRONIC ASIA P/L
E0000008481,ULTRAWIRELESSPTELTD,SFTP,Ultra-Wireless Pte Ltd
E0000008482,USQUAREENGINEERINGSERVICE,SFTP,U SQUARE ENGINEERING & SERVICE
E0000008483,NTUCENTERPRISENEXUSCOOPERA,SFTP,NTUC ENTERPRISE NEXUS CO-OPERA
E0000008484,AMANNSOHNEGMBH,SFTP,Amann&Sohne Gmbh
E0000008485,TEMBUSUASIACONSULTINGPL,SFTP,Tembusu Asia Consulting PL
E0000008486,UNIVERSITYOFTHEARTSSGLTD,SFTP,University of the Arts SG Ltd
E0000008487,TETHYSOILBLOCK3AND4LTD,SFTP,Tethys Oil Block 3 and 4 Ltd
E0000008488,KIMLYCONSTRUCTIONPRIVATELTD,SFTP,KIMLY CONSTRUCTION PRIVATE LTD
E0000008489,AEUROPECERTIFICATIONPTELTD,SFTP,A-EUROPE CERTIFICATION PTE LTD
E0000008490,AROMAFLOWERSPTELTD,SFTP,Aroma Flowers Pte. Ltd.
E0000008491,LYTEVENTURESPTELTD,SFTP,Lyte Ventures Pte Ltd
E0000008492,AKRIBISSYSTEMSPTELTD,SFTP,Akribis Systems Pte Ltd
E0000008493,SPEECHBUBBLESPTELTD,SFTP,Speech Bubbles Pte Ltd
E0000008494,STRIDESFRONTIERSPTELTD,SFTP,STRIDES FRONTIERS PTE. LTD.
E0000008495,NATIONALENVIRONMENTAGENCY,SFTP,National Environment Agency
E0000008496,PMASIAPROJECTSERVICESPL,SFTP,PM ASIA PROJECT SERVICES P/L
E0000008497,COMFORTTRANSPORTATIONPTELTD,SFTP,COMFORT TRANSPORTATION PTE LTD
E0000008498,DUNYATRAVELLLC,SFTP,Dunya Travel LLC
E0000008499,MINISTRYOFEDUCATIONMOE2,SFTP,Ministry of Education(MOE20)
E0000008500,BIOSYNGENPTELTD,SFTP,BioSyngen Pte Ltd
E0000008501,BECACARTERHOLLINGSFERNER,SFTP,Beca Carter Hollings & Ferner
E0000008502,HLBANK,SFTP,HL Bank
E0000008503,AUTODESKASIAPTELTD,SFTP,AUTODESK ASIA PTE. LTD.
E0000008504,BAESYSTEMSAPPLIEDINTELLIGEN,SFTP,BAE SYSTEMS APPLIED INTELLIGEN
E0000008505,PTDHARMASATYANUSANTARATBK,SFTP,PT DHARMA SATYA NUSANTARA TBK
E0000008506,LACGLOBALSINGAPOREPL,SFTP,LAC GLOBAL (SINGAPORE) P/L
E0000008507,CHUBBASIAPACIFICPTELTD,SFTP,Chubb Asia Pacific Pte Ltd
E0000008508,DULWICHCOLLEGESGPTELTD,SFTP,DULWICH COLLEGE (SG) PTE LTD
E0000008509,LOTUSINTERNATIONALPTELTD,SFTP,Lotus International PTE. LTD.
E0000008510,LEICAINSTRUMENTSSGPTELTD,SFTP,LEICA INSTRUMENTS (SG) PTE LTD
E0000008511,CIVILAVIATIONAUTHORITYOFSG,SFTP,Civil Aviation Authority of Sg
E0000008512,PUBLICSERVICESDIVISIONPMO2,SFTP,Public Services Division PMO20
E0000008513,PRIMEMINISTEROFFICEPMO16,SFTP,Prime Minister Office (PMO16)
E0000008514,CENTRALPROVIDENTFUNDCPF31,SFTP,Central Provident Fund(CPF31)
E0000008515,THETORONTODOMINIONBANKSG,SFTP,"The Toronto-Dominion Bank, SG"
E0000008516,IPOSINTERNATIONALPTELTD,SFTP,IPOS INTERNATIONAL PTE. LTD.
E0000008517,YINSONPRODUCTIONOFFSHOREPL,SFTP,YINSON PRODUCTION OFFSHORE P/L
E0000008518,ZFASIAPACIFICPTELTD,SFTP,ZF ASIA PACIFIC PTE. LTD.
E0000008519,LAUCHOYSENGPTELTD,SFTP,Lau Choy Seng Pte Ltd
E0000008520,BURDASINGAPOREPTELTD,SFTP,BURDA SINGAPORE PTE. LTD.
E0000008521,IESABROADSANTIAGOCENTER,SCHL,IES Abroad Santiago Center
E0000008522,IESABROADBUENOSAIRESCENTER,SCHL,IES Abroad Buenos Aires Center
E0000008523,IESABROADSALAMANCACENTER,SCHL,IES Abroad Salamanca Center
E0000008524,BUDAPESTSEMESTERSINMATHEMAT,SCHL,Budapest Semesters in Mathemat
E0000008525,ALLIANCEFRANCAISEMONTPELLIER,SCHL,Alliance Francaise Montpellier
E0000008526,ASTARRESEARCHENTITIESENT,SFTP,A*STAR Research Entities(ENT)
E0000008527,CARBONSOLUTIONSPLATFORMPL,SFTP,Carbon Solutions Platform P/L
E0000008528,WABCOASIAPTELTD,SFTP,WABCO Asia Pte Ltd
E0000008529,RESONANCEADVISORYPTELTD,SFTP,RESONANCE ADVISORY PTE. LTD
E0000008530,SCHOOLOFTHEARTSSINGAPORE,SFTP,School of the Arts Singapore
E0000008531,TLBCSPTELTD,SFTP,TLB CS Pte Ltd
E0000008532,ARKLEAFADVISORYPTELTD,SFTP,ARKLEAF ADVISORY PTE LTD
E0000008533,SAMWOHPREMIXPTELTD,SFTP,Samwoh Premix Pte Ltd
E0000008534,DAVIDCHONGLAWCORPORATION,SFTP,David Chong Law Corporation
E0000008535,FUYUSUPPLYCHAINSSOLUTIONS,SFTP,Fu Yu Supply Chains Solutions
E0000008536,CMACGMASIAPACIFICLIMITED,SFTP,CMA CGM Asia Pacific Limited
E0000008537,DORMAKABAPRODUCTIONGMBHCO,SFTP,DORMAKABA PRODUCTION GMBH & CO
E0000008538,BANGABANDHUSHEIKHMUJIBMEDIC,SCHL,Bangabandhu Sheikh Mujib Medic
E0000008539,ALTIOSSOUTHEASTASIAPTELTD,SFTP,ALTIOS SOUTH EAST ASIA PTE LTD
E0000008540,JAZZCLASSICALMUSICSTUDIO,SFTP,JAZZ CLASSICAL MUSIC STUDIO
E0000008541,BLUEAQUAINTERNATIONALPL,SFTP,Blue Aqua International P/L
E0000008542,GANGARAMINSTPGMEDEDURES,SCHL,Ganga Ram Inst PG Med Edu &Res
E0000008543,MINISTRYOFEDUCATIONUAE,SFTP,Ministry of Education UAE
E0000008544,EDZUBLINAGSINGAPOREBRANCH,SFTP,"Ed Zublin AG, Singapore Branch"
E0000008545,REPUBLICPOLYTECHNICRPO32,SFTP,Republic Polytechnic(RPO32)
E0000008546,INCAVOPTELTD,SFTP,INCAVO PTE LTD
E0000008547,MINISTRYOFDEFENCEMOD2,SFTP,Ministry of Defence(MOD2)
E0000008548,PRECISIONHEALTHRESEARCHSG,SFTP,Precision Health Research SG
E0000008549,GENTLESMILEPTELTD,SFTP,Gentle Smile Pte Ltd
E0000008550,MOSQUEMADRASAHWAKAFSHAREDS,SFTP,MOSQUE-MADRASAH-WAKAF SHARED S
E0000008551,TECHUNIVERSITYOFKOREA,SCHL,Tech University of Korea
E0000008552,ASTARRESEARCHENTITIESIME,SFTP,A*STAR Research Entities (IME)
E0000008553,AMARISCONSULTINGPTELTD,SFTP,Amaris Consulting Pte. Ltd.
E0000008554,THESCHOOLFORFIELDSTUDIES,SCHL,The School for Field Studies
E0000008555,TAMPEREUNIVERSITY,SCHL,Tampere University
E0000008556,BINABANGSASCHOOL,SCHL,Bina Bangsa School
E0000008557,HELPINTERNATIONALSCHOOL,SCHL,HELP International School
E0000008558,NEXUSINTERNATIONALSCHOOLSI,SCHL,Nexus International School (Si
E0000008559,MENCKPTELTD,SFTP,MENCK Pte Ltd
E0000008560,PTPAITONENERGY,SFTP,PT Paiton Energy
E0000008561,LAPPEENRANTALAHTIUNIVERSITY,SCHL,Lappeenranta-Lahti University
E0000008562,LAPPEENRANTALAHTIUNIOFTECH,SCHL,Lappeenranta-Lahti Uni of Tech
E0000008563,MSPTELTD,SFTP,M+S Pte Ltd
E0000008564,UNIVERSITYOFTHEROCKIES,SCHL,University of the Rockies
E0000008565,YTLFOUNDATION,SFTP,YTL Foundation
E0000008566,PEOPLESASSOCIATIONPAS3,SFTP,People's Association(PAS03)
E0000008567,JOTUNSINGAPOREPTELTD,SFTP,JOTUN (SINGAPORE) PTE LTD
E0000008568,TAKAMOLFORSERVICESSOLUTION,SFTP,TAKAMOL FOR SERVICES SOLUTION
E0000008570,CONVERTIUMPTELTD,SFTP,Convertium Pte Ltd
E0000008571,HOLYINNOCENTSHIGHSCHOOL,SFTP,HOLY INNOCENTS' HIGH SCHOOL
E0000008572,DAIMLERCOMMERCIALVEHICLESSO,SFTP,DAIMLER COMMERCIAL VEHICLES SO
E0000008573,THAKAALTDCOMPANY,SFTP,Thakaa Ltd Company
E0000008574,KNOVELENGINEERINGPTELTD,SFTP,KNOVEL ENGINEERING PTE LTD
E0000008575,MINISTRYOFMANPOWERMOM,SFTP,Ministry of Manpower (MOM09)
E0000008576,KEURIGSINGAPOREPTELTD,SFTP,KEURIG SINGAPORE PTE LTD
E0000008577,EAGLEBURGMANNKEPTELTD,SFTP,EagleBurgmann KE Pte Ltd
E0000008578,PTTELEKOMUNIKASIINDONESIAIN,SFTP,PT Telekomunikasi Indonesia In
E0000008579,CRESTSPECIALITYRESINSPVTL,SFTP,Crest Speciality Resins Pvt. L
E0000008580,MSFMCD18,SFTP,MSF(MCD18)
E0000008581,THEDIGITALGOVTAUTHORITY,SFTP,The Digital Govt Authority
E0000008582,AARDWOLFPESTKARESINGAPORE,SFTP,AARDWOLF PESTKARE (SINGAPORE)
E0000008583,TARACAASIAINTLPTELTD,SFTP,TARACA ASIA INTL PTE LTD
E0000008584,NOGGINPRIVATELIMITED,SFTP,NOGGIN PRIVATE LIMITED
E0000008585,WORKFORCESINGAPOREWSG4,SFTP,Workforce Singapore(WSG04)
E0000008586,MSEDUCATIONGREENWICHVPTE,SFTP,MS Education @ Greenwich V Pte
E0000008587,RAFFLESCOLLEGEOFHIGHEREDN,SCHL,Raffles College of Higher Edn
E0000008588,OILSPILLRESPONSELIMITED,SFTP,Oil Spill Response Limited
E0000008589,RHTLAWASIALLP,SFTP,RHTLAW ASIA LLP
E0000008590,CRAWFURDHOSPITALPTELTD,SFTP,Crawfurd Hospital Pte Ltd
E0000008591,EDWINTOHMUSIC,SFTP,EDWIN TOH MUSIC
E0000008592,NATIONALINSTITUTENIE,SFTP,National Institute NIE
E0000008593,RAINBOWCENTRESINGAPORECO,SFTP,"Rainbow Centre, Singapore c/o"
E0000008594,SINGAPORESPORTSCOUNCILSSC36,SFTP,Singapore Sports Council(SSC36
E0000008595,AMERICANBOARDDENTALSLEEPME,SCHL,American Board Dental Sleep Me
E0000008596,GULFBUSINESSNETWORKTRAINING,SFTP,Gulf Business Network Training
E0000008597,HONGLEONGBANK,SFTP,Hong Leong Bank
E0000008598,SGCHINESECHAMBERINSTOFBUS,SCHL,SG Chinese Chamber Inst of Bus
E0000008599,IMO,SFTP,IMO
E0000008600,SINGAPOREPOLICEFORCEMHA31,SFTP,Singapore Police Force(MHA31)
E0000008601,CENTRALPROVIDENTFUNDCPF7,SFTP,CENTRAL PROVIDENT FUND(CPF07)
E0000008602,CENTRALPROVIDENTFUNDCPF3,SFTP,CENTRAL PROVIDENT FUND(CPF39 )
E0000008603,UOBKAYHIANPTELTD,SFTP,UOB KAY HIAN PTE LTD
E0000008604,WIZARDENGINEERINGPTELTD,SFTP,Wizard Engineering Pte Ltd
E0000008605,TRISECTORCHARITYCONSULTANTS,SFTP,TRI SECTOR CHARITY CONSULTANTS
E0000008606,RESEARCHFORIMPACTPTELTD,SFTP,Research For Impact Pte Ltd
E0000008607,CANADIANINTERNATIONALSCHOOL,SFTP,Canadian International School
E0000008608,OUELIMITED,SFTP,OUE LIMITED
E0000008609,ECONOMICDEVELOPMENTBOARDEDB15,SFTP,EconomicDevelopmentBoard EDB15
E0000008610,IRASIRA35,SFTP,IRAS(IRA35)
E0000008611,INSTOFCHINESESTUDIESDELHI,SCHL,"Inst of Chinese Studies, Delhi"
E0000008612,7THLETTERCONSULTING,SFTP,7th Letter Consulting
E0000008613,GRAVITYSUPPLYCHAINHOLDINGS,SFTP,Gravity Supply Chain Holdings
E0000008614,CMEGROUPSGOPERATIONSPL,SFTP,CME Group SG Operations P/L
E0000008615,EDBEDB3,SFTP,EDB (EDB39)
E0000008616,IRASIRA14,SFTP,IRAS(IRA14)
E0000008617,SHANGHAISINGAPOREINTLSCHOOL,SCHL,Shanghai Singapore Intl School
E0000008618,THELEADERSACADEMY,SCHL,The Leaders Academy
E0000008619,AINSOCIETY,SFTP,AIN SOCIETY
E0000008620,MANDARAENTERPRISESSGPTELTD,SFTP,Mandara Enterprises SG Pte Ltd
E0000008621,SINGAPOREPOLICEFORCEMHA34,SFTP,Singapore Police Force(MHA34)
E0000008622,ECONOMICDEVELOPMENTBOARDED,SFTP,Economic Development Board (ED
E0000008623,ASTARRESEARCHENTITIESSIFB,SFTP,A*STAR Research Entities (SIFB
E0000008624,ASSURITYTRUSTEDSOLUTIONSPL,SFTP,Assurity Trusted Solutions P/L
E0000008625,STATEUNIVERSITYOFCAMPINAS,SCHL,State University of Campinas
E0000008626,BRITISHINTERNATIONALSCHOOL,SCHL,British International School
E0000008627,VELAMMALINTERNATIONALSCHOOL,SCHL,Velammal International School
E0000008628,AXANTEUSRESEARCHPRIVATELIMI,SFTP,Axanteus Research Private Limi
E0000008629,LKYSPP,SFTP,LKYSPP
E0000008630,MISKFOUNDATION,SFTP,Misk Foundation
E0000008631,TUASPOWERGENERATIONPTELTD,SFTP,Tuas Power Generation Pte Ltd
E0000008632,SCHOTTSINGAPOREPTELTD,SFTP,SCHOTT Singapore Pte. Ltd.
E0000008633,REVANTAGEGLOBALSERVICESASIA,SFTP,REVANTAGE GLOBAL SERVICES ASIA
E0000008634,SINGAPORESPORTSCOUNCILSSC6,SFTP,Singapore Sports Council(SSC06
E0000008635,AGRICULTURALBANKOFCHINALTD,SFTP,AGRICULTURAL BANK OF CHINA LTD
E0000008636,WELBILTASIAPACIFICPTELTD,SFTP,WELBILT ASIA PACIFIC PTE LTD
E0000008637,MINISTRYOFEDUCATIONMOE15,SFTP,Ministry of Education (MOE15)
E0000008638,VIETNAMAIRLINES,SFTP,VIETNAM AIRLINES
E0000008639,MASTERPIECEENGPTELTD,SFTP,Masterpiece-Eng Pte Ltd
E0000008640,HDBHDB27,SFTP,HDB(HDB27)
E0000008641,INLINGUASCHOOLOFLANGUAGESP,SFTP,inlingua School of Languages P
E0000008642,BANKINDONESIACENTRALSULAW,SFTP,Bank Indonesia - Central Sulaw
E0000008643,GARDENSBYTHEBAY,SFTP,Gardens by the Bay
E0000008644,SCHOOLEDUCATIONDEPARTMENTG,SFTP,"School Education Department, G"
E0000008645,AMERICANACADOFFINANCMGMT,SCHL,American Acad of Financ. Mgmt
E0000008646,ASELEARNINGPTELTD,SFTP,ASE Learning Pte Ltd
E0000008647,LAZADASOUTHEASTASIAPTELTD,SFTP,Lazada South East Asia Pte Ltd
E0000008648,USEREXPERIENCERESEARCHERSPT,SFTP,User Experience Researchers Pt
E0000008649,VERSIONAPTELTD,SFTP,VERSION A PTE LTD
E0000008650,CIGNAEUROPEINSURANCECOMPANY,SFTP,CIGNA EUROPE INSURANCE COMPANY
E0000008651,ALETHEIAUNIVERSITY,SCHL,Aletheia University
E0000008652,TALENTKRAFTPTELTD,SFTP,TalentKraft Pte Ltd
E0000008653,PILGRIMEXPERIENCEPROGRAMSAU,SFTP,PILGRIM EXPERIENCE PROGRAM SAU
E0000008654,THEPALLADIUMGROUPPTYLTD,SFTP,The Palladium Group Pty Ltd
E0000008655,CVDUAPUTERA,SFTP,CV Dua Putera
E0000008656,BELARUSIANTECHNICALUNI,SCHL,Belarusian Technical Uni
E0000008657,NORTHCHINAUNIOFST,SCHL,North China Uni of S&T
E0000008658,ATYRAUOILANDGASUNIVERSITY,SCHL,Atyrau Oil and Gas University
E0000008659,SAMARANATIONALRESEARCHUNI,SCHL,Samara National Research Uni
E0000008660,UNIVERSITYOFWALESTRINITY,SCHL,University of Wales Trinity
E0000008661,CAPITALCODEMANAGEMENTPTEL,SFTP,Capital Code Management Pte. L
E0000008662,ASTARRESEARCHENTITIESI2R,SFTP,A*STAR Research Entities (I2R)
E0000008663,SUPREMECOUNCILFORECONOMICA,SFTP,Supreme Council for Economic A
E0000008664,GLOBALSCPMEDICALSYSTEMSPTE,SFTP,Global SCP Medical Systems Pte
E0000008665,LIVECOPTELTD,SFTP,LiveCo Pte Ltd
E0000008666,STACKTECHPTELTD,SFTP,StackTech Pte. Ltd.
E0000008667,DOCTORANYWHEREOPERATIONSPL,SFTP,DOCTOR ANYWHERE OPERATIONS P/L
E0000008668,LAZADASINGAPOREPTELTD,SFTP,Lazada Singapore Pte Ltd
E0000008669,SHANGHAIDIANJIUNIVERSITY,SCHL,Shanghai Dianji University
E0000008670,EZLINKPTELTD,SFTP,EZ-Link Pte Ltd
E0000008671,ASTARRESEARCHENTITIESSIMT,SFTP,A*STAR Research Entities(SIMT)
E0000008672,LHNLIMITED,SFTP,LHN LIMITED
E0000008673,SINGAPOREREPERTORYTHEATRE,SFTP,Singapore Repertory Theatre
E0000008674,CHINHINGROUPBERHAD,SFTP,Chin Hin Group Berhad
E0000008675,JAMESCOOKUNIVERSITYPTELTD,SFTP,James Cook University Pte. Ltd
E0000008676,NANYANGTECHNOLOGICALUNI,SFTP,Nanyang Technological Uni
E0000008677,YUNEXPTELTD,SFTP,Yunex Pte Ltd
E0000008678,HOMETEAMACADEMYMHA45,SFTP,Home Team Academy (MHA45)
E0000008679,USMARTSECURITIESSINGAPORE,SFTP,USMART SECURITIES (SINGAPORE)
E0000008680,BIRCHSTREETSYSTEMSASIAPACI,SFTP,BIRCH STREET SYSTEMS ASIA PACI
E0000008681,PLAYPARKPTELTD,SFTP,PLAYPARK PTE. LTD.
E0000008682,OKHHOLDINGSPTELTD,SFTP,OKH Holdings Pte. Ltd.
E0000008683,CHANGEETALPTELTD,SFTP,CHANGE ET AL. PTE. LTD.
E0000008684,MAPLETREELOGISTICSTRUSTMANA,SFTP,Mapletree Logistics Trust Mana
E0000008685,AGAKHANUNIVERSITY,SCHL,Aga Khan University
E0000008686,CNNMANAGEMENTANDADVISORYSE,SFTP,CNN MANAGEMENT AND ADVISORY SE
E0000008687,HARLEYDAVIDSONASIAPACIFICP,SFTP,Harley-Davidson Asia Pacific P
E0000008688,RUTRONIKELECTRONICSSINGAPORE,SFTP,Rutronik Electronics Singapore
E0000008689,PRUDENTIALSERVICESSINGAPORE,SFTP,Prudential Services Singapore
E0000008690,SURYAUNIVERSITY,SCHL,Surya University
E0000008691,VIETNAMJOINTSTOCKCOMMERCIAL,SFTP,VIETNAM JOINT STOCK COMMERCIAL
E0000008692,MASJIDENNAEEM,SFTP,MASJID EN-NAEEM
E0000008693,NITTANCAPITALSINGAPOREPL,SFTP,Nittan Capital Singapore P/L
E0000008694,NHGCARES,SFTP,NHG CARES
E0000008695,MINISTRYOFLAWLAW1,SFTP,Ministry of Law(LAW10)
E0000008696,ONIXTECHPTELTD,SFTP,Onixtech Pte Ltd
E0000008697,CENTRALPROVIDENTFUNDCPF62,SFTP,Central Provident Fund(CPF62)
E0000008698,NIIGATAUNIVERSITY,SCHL,Niigata University
E0000008699,HONGKONGPOLICEFORCETHEGO,SFTP,"HONG KONG POLICE FORCE, THE GO"
E0000008700,UNIVERSITIPERTAHANANNASIONAL,SCHL,Universiti Pertahanan Nasional
E0000008701,VILLAFINDERPTELTD,SFTP,Villa Finder Pte Ltd
E0000008702,THEMINISTRYOFNATIONALGUARD,SFTP,THE MINISTRY OF NATIONAL GUARD
E0000008703,KUALALUMPURCANOEASSOCIATION,OTHR,Kuala Lumpur Canoe Association
E0000008704,SMRTTELPTELTD,SFTP,SMRT TEL PTE. LTD.
E0000008705,WHITFORDPTELTD,SFTP,Whitford Pte Ltd
E0000008706,DIGIPENINSTITUTEOFTECHNOLOG,SFTP,DigiPen Institute of Technolog
E0000008707,CANAANCREATIVEGLOBALPTELTD,SFTP,Canaan Creative Global Pte Ltd
E0000008708,ANGLICANPRESCHOOLSCVSLTD,SFTP,Anglican Preschool Scvs Ltd
E0000008709,HEETONHOLDINGSLIMITED,SFTP,Heeton Holdings Limited
E0000008710,CHAMBERSPROPERTYMANAGEMENTS,SFTP,Chambers Property Management S
E0000008711,SINGAPORELNGCORPORATIONPL,SFTP,Singapore LNG Corporation P/L
E0000008712,SINGAPORECENTREFORSOCIALEN,SFTP,Singapore Centre for Social En
E0000008713,UPSASIAGROUPPTELTD,SFTP,UPS Asia Group Pte Ltd
E0000008714,PACIFICARENAPTELTD,SFTP,PACIFIC ARENA PTE LTD
E0000008715,PANUNITEDCORPORATIONLTD,SFTP,Pan-United Corporation Ltd
E0000008716,HAZPAKPTELTD,SFTP,HAZPAK PTE LTD
E0000008717,SKILLSDEVELOPMENTFUNDCAMBOD,SFTP,Skills Development Fund Cambod
E0000008718,PWNGPFMANUFACTURINGCOMPANY,SFTP,P&W NGPF Manufacturing Company
E0000008719,NUCLEUSSOFTWARESOLUTIONSPL,SFTP,Nucleus Software Solutions P/L
E0000008720,HOMEAFFAIRSDEPARTMENT,SFTP,Home Affairs Department
E0000008721,GULFMARINEPTELTD,SFTP,Gulf Marine Pte. Ltd.
E0000008722,BURAYDAHCOLLEGES,SCHL,Buraydah Colleges
E0000008723,SINGAPOREMEDICALCOUNCIL,SFTP,Singapore Medical Council
E0000008724,CXISERVISPTELTD,SFTP,CXI Servis Pte. Ltd.
E0000008725,INTERFLOURGROUPPTELTD,SFTP,Interflour Group Pte Ltd
E0000008726,LIANHUPHUATFOODINDUSTRIES,SFTP,Lian Hup Huat Food Industries
E0000008727,DTFACILITIESPTELTD,SFTP,D&T FACILITIES PTE. LTD.
E0000008728,LOVINGHEARTMULTISERVICECEN,SFTP,LOVING HEART MULTI-SERVICE CEN
E0000008729,DIGITALBRIDGEAPACPTELTD,SFTP,DigitalBridge APAC Pte Ltd
E0000008730,INDIANNATLTRUSTFORARTCULT,SCHL,Indian Natl Trust for Art&Cult
E0000008731,SIAMCOMMERCIALBANK,SFTP,Siam Commercial Bank
E0000008732,PURBANCHALLAMINATESPVTLTD,SFTP,Purbanchal Laminates Pvt Ltd
E0000008733,PHARMATOMARKETPTELTD,SFTP,Pharma to Market Pte. Ltd.
E0000008734,TOKYOUNIVERSITYOFTHEARTS,SCHL,Tokyo University of the Arts
E0000008735,GUANGDONGUNIOFPETCHEMSTECH,SCHL,Guangdong Uni of Petchems Tech
E0000008736,THEBINDINGSITEPTELTD,SFTP,The Binding Site Pte Ltd
E0000008737,INSTITUTEANDFACULTYOFACTUA,SFTP,Institute and Faculty of Actua
E0000008738,APPVANTAGEPTELTD,SFTP,APPVANTAGE PTE LTD
E0000008739,HOCHIMINHCITYUNIOFLAW,SCHL,Ho Chi Minh City Uni of Law
E0000008740,ZHEJIANGUNIVERSITYUIUC,SCHL,Zhejiang University - UIUC
E0000008741,FHAACHENUNIOFAPPLIEDSCI,SCHL,FH Aachen - Uni of Applied Sci
E0000008742,PTGUNTNERINDONESIA,SFTP,PT. GUNTNER INDONESIA
E0000008743,HONGKONGCIVILAVIATIONDEPAR,SFTP,Hong Kong Civil Aviation Depar
E0000008744,MEDPACESINGAPOREPTELTD,SFTP,MEDPACE SINGAPORE PTE. LTD.
E0000008745,UNIVERSIDADEFEDERALPELOTAS,SCHL,Universidade Federal Pelotas
E0000008746,NEWENGLANDCONSERVATORYMUSIC,SCHL,New England Conservatory Music
E0000008747,KREAUNIVERSITY,SCHL,Krea University
E0000008748,SANDPIPERCOMMUNICATIONSPTE,SFTP,SANDPIPER COMMUNICATIONS PTE.
E0000008749,STAMFORDAMERICANINTERNATIONA,SFTP,STAMFORD AMERICAN INTERNATIONA
E0000008750,FLOWSERVEPTELTD,SFTP,Flowserve Pte ltd
E0000008751,SEIZEINSTITUTECONSULTINGAND,SFTP,SEIZE INSTITUTE CONSULTING AND
E0000008752,ROYALAGRICULTURALUNIVERSITY,SCHL,Royal Agricultural University
E0000008753,MOUNTSAINTVINCENTUNIVERSITY,SCHL,Mount Saint Vincent University
E0000008754,WELLCHEMPHARMACEUTICALSPTEL,SFTP,Wellchem Pharmaceuticals Pte L
E0000008755,TPICAPMANAGEMENTSERVICESS,SFTP,TP ICAP MANAGEMENT SERVICES (S
E0000008756,GEHEALTHCAREPTELTD,SFTP,GE HealthCare Pte Ltd
E0000008757,ALLIANCEBANKMALAYSIABERHAD,SFTP,Alliance Bank Malaysia Berhad
E0000008758,GENEVACENTERFORINTLDISPUTE,OTHR,Geneva Center for Intl Dispute
E0000008759,APTIVSAFETYMOBILITYSERVIC,SFTP,APTIV SAFETY & MOBILITY SERVIC
E0000008760,LHNGROUPPTELTD,SFTP,LHN GROUP PTE LTD
E0000008761,UNIVERSITYOFREDLANDS,SCHL,University of Redlands
E0000008762,MITSUBISHIHEAVYINDUSTRIESEN,SFTP,MITSUBISHI HEAVY INDUSTRIES EN
E0000008763,KYOTOSANGYOUNIVERSITY,SCHL,Kyoto Sangyo University
E0000008764,PSAMARINEPTELTD,SFTP,PSA Marine (Pte) Ltd
E0000008765,CENTRALPROVIDENTFUNDCPF52,SFTP,Central Provident Fund (CPF52)
E0000008766,INSTITUTEOFTECHNICALEDUCATI,SFTP,INSTITUTE OF TECHNICAL EDUCATI
E0000008767,EASTCOMSYSTEMSPTELTD,SFTP,Eastcom Systems Pte. Ltd.
E0000008768,TOPPANNEXTTECHPTELTD,SFTP,TOPPAN NEXT TECH PTE. LTD.
E0000008769,INSIDERSECURITYPTELTD,SFTP,Insider Security Pte Ltd
E0000008770,GLOBALAIRFREIGHTINTERNATIONA,SFTP,GLOBAL AIRFREIGHT INTERNATIONA
E0000008771,NEOM,SFTP,NEOM
E0000008772,SHANDONGTECHANDBUSINESSUNI,SCHL,Shandong Tech and Business Uni
E0000008773,SIAMUNIVERSITY,SCHL,Siam University
E0000008774,MONFXPTELTD,SFTP,MonFX Pte Ltd
E0000008775,INCREMENTUMINVESTMENTPARTNER,SFTP,Incrementum Investment Partner
E0000008776,BONDMEPTELTD,SFTP,BOND M & E PTE. LTD.
E0000008777,CHANGIGENERALHOSPITALPL,SFTP,Changi General Hospital P/L
E0000008778,NATIONALHEARTCENTRESINGAPOR,SFTP,National Heart Centre Singapor
E0000008779,TANAKAELECTRONICSSGPTELTD,SFTP,Tanaka Electronics SG Pte Ltd
E0000008780,KMWASIAPACIFICPTELTD,SFTP,KMW Asia Pacific Pte Ltd
E0000008781,EDUQUEMOIEDUCATIONPTELTD,SFTP,Eduque Moi Education Pte. Ltd.
E0000008782,TREEBOXSOLUTIONSPTELTD,SFTP,TreeBox Solutions Pte. Ltd.
E0000008783,LKYSPP,SFTP,LKYSPP
E0000008784,NATIONALUNIVERSITYHOSPITAL,SFTP,National University Hospital
E0000008785,IPOSINTERNATIONALPTELTD,SFTP,IPOS INTERNATIONAL PTE. LTD.
E0000008786,SAKHALINSTATEUNIVERSITY,SCHL,Sakhalin State University
E0000008787,MOSCOWSCHOOLOFMANAGEMENT,SCHL,Moscow School of Management
E0000008788,WILLIAMPATERSONUNIVERSITY,SCHL,William Paterson University
E0000008789,BEIJINGFILMACADEMY,SCHL,Beijing Film Academy
E0000008790,CGIKK,SFTP,"CGI, K.K."
E0000008791,LEEDSCONSERVATOIRE,SCHL,Leeds Conservatoire
E0000008792,ABSOLUTESOUNDDISTRIBUTIONPT,SFTP,ABSOLUTE SOUND DISTRIBUTION PT
E0000008793,C3CONNECTCONSULTCOLLABORATE,SFTP,C3 CONNECT CONSULT COLLABORATE
E0000008794,TEADSSINGAPOREPTELTD,SFTP,Teads Singapore Pte. Ltd.
E0000008795,SINGAPOREFOODAGENCYSFA1,SFTP,Singapore Food Agency(SFA19)
E0000008796,INTERTEKTESTINGSERVICESSIN,SFTP,Intertek Testing Services (Sin
E0000008797,FALAINAPTELTD,SFTP,Falaina Pte Ltd
E0000008798,LAUTENINTERNATIONALPTELTD,SFTP,LAUTEN INTERNATIONAL PTE. LTD.
E0000008799,ASTARRESEARCHENTITIESIMCB,SFTP,A*STAR Research Entities(IMCB)
E0000008800,CENTRALDEPARTMENTSTORECOL,SFTP,"Central Department Store Co.,L"
E0000008801,SINGAPORECABLESMANUFACTURERS,SFTP,Singapore Cables Manufacturers
E0000008802,SBSTRANSITMOBILITYPTELTD,SFTP,SBS TRANSIT MOBILITY PTE. LTD.
E0000008803,KOHBUSTRANSPORTCOMPANY,SFTP,Koh Bus Transport Company
E0000008804,PRINCEMOHAMMEDBINSALMANCOL,SCHL,Prince Mohammed Bin Salman Col
E0000008805,RAMBOLLPTELTD,SFTP,Ramboll Pte Ltd
E0000008806,ITEEDUCATIONSERVICESPTELT,SFTP,ITE EDUCATION SERVICES PTE. LT
E0000008807,SWEDISHCOLLEGIUMFORADVANCED,SCHL,Swedish Collegium for Advanced
E0000008808,MOSCOWAVIATIONINSTITUTENAT,SCHL,Moscow Aviation Institute (Nat
E0000008809,MONETARYAUTOFSGMAS13,SFTP,Monetary Aut of SG (MAS013)
E0000008810,STATECOURTSJUD2,SFTP,State Courts (JUD02)
E0000008811,MOTULASIAPACIFICPTELTD,SFTP,Motul Asia Pacific Pte. Ltd
E0000008812,SINGAPOREPOLYTECHNICSPO4,SFTP,Singapore Polytechnic (SPO40)
E0000008813,CHRISTIANOUTREACHTOTHEHAND,SFTP,CHRISTIAN OUTREACH TO THE HAND
E0000008814,CARECOMMUNITYSERVICESSOCIET,SFTP,Care Community Services Societ
E0000008815,CCICSINGAPOREPTELTD,SFTP,CCIC Singapore Pte. Ltd.
E0000008816,KENOILMARINESERVICESPTELTD,SFTP,KENOIL MARINE SERVICES PTE LTD
E0000008817,MATHESONENERGYPTELTD,SFTP,Matheson Energy Pte. Ltd.
E0000008818,FOLDENADVISORYAS,SFTP,Folden Advisory AS
E0000008819,ROECHLINGINDUSTRIALSINGAPOR,SFTP,ROECHLING INDUSTRIAL (SINGAPOR
E0000008820,AWAKTECHNOLOGIESPTELTD,SFTP,AWAK Technologies Pte Ltd
E0000008821,GENUINESOLUTIONSPTELTD,SFTP,Genuine Solutions Pte. Ltd.
E0000008822,LITTLESPLASHESSWIMSCHOOLPT,SFTP,LITTLE SPLASHES SWIM SCHOOL PT
E0000008823,JALANINFRASTRUCTURELLP,SFTP,Jalan Infrastructure LLP
E0000008824,DELLGLOBALBVSINGAPOREBR,SFTP,DELL GLOBAL B.V. (SINGAPORE BR
E0000008825,JTCCORPORATIONJTC11,SFTP,JTC Corporation (JTC11)
E0000008826,KUWAITINTEGRATEDPETROLEUMIN,SFTP,Kuwait Integrated Petroleum In
E0000008827,REPUBLICPOLYTECHNICRPO5,SFTP,Republic Polytechnic (RPO05)
E0000008828,VINUNIVERSITY,SCHL,VinUniversity
E0000008829,SICHUANFILMANDTELEVISIONUN,SCHL,Sichuan Film and Television Un
E0000008830,ISTITUTOMARANGONIMILANODESI,SCHL,Istituto Marangoni Milano Desi
E0000008831,HUBEIINSTITUTEOFFINEARTS,SCHL,Hubei Institute of Fine Arts
E0000008832,THECENTRALACADEMYOFDRAMA,SCHL,The Central Academy of Drama
E0000008833,INDINSTOFSCIEDURESTVM,SCHL,Ind Inst of Sci Edu & Res TVM
E0000008834,CHANGCHUNNORMALUNIVERSITY,SCHL,Changchun Normal University
E0000008835,SWIRESHIPPINGPTELTD,SFTP,Swire Shipping Pte. Ltd.
E0000008836,LIONCITYEXCELCORPSVSPTELT,SFTP,Lioncity Excel Corp Svs Pte Lt
E0000008837,SYIAHKUALAUNIVERSITY,SCHL,Syiah Kuala University
E0000008838,MUHAMMADIYAHUNIOFYOGYAKARTA,SCHL,Muhammadiyah Uni of Yogyakarta
E0000008839,CHUZHOUUNIVERSITY,SCHL,Chuzhou University
E0000008840,COMOCLUBPTELTD,SFTP,COMO CLUB PTE LTD
E0000008841,WINSPIRESOLUTIONSPTELTD,SFTP,WINSPIRE SOLUTIONS PTE. LTD.
E0000008842,HATCHTECHNOLOGIESPTELTD,SFTP,Hatch Technologies Pte. Ltd
E0000008843,NESSTSINGAPORELIMITED,SFTP,NESST Singapore Limited
E0000008844,CIRCULATECAPITALMANAGEMENTP,SFTP,CIRCULATE CAPITAL MANAGEMENT P
E0000008845,GERMANUNIVERSITYOFTECHNOLOG,SCHL,German University of Technolog
E0000008846,AIDEAINC,SFTP,Aidea Inc
E0000008847,IRASIRA34,SFTP,IRAS (IRA34)
E0000008848,TECHNIQUEMARINESERVICESPRIV,SFTP,TECHNIQUE MARINE SERVICES PRIV
E0000008849,LASALLEINVESTMENTMANAGEMENT,SFTP,LaSalle Investment Management
E0000008850,KSCHEWCO,SFTP,K.S. Chew & Co
E0000008851,THINKNOLOGIESPTELTD,SFTP,THINKNOLOGIES PTE. LTD.
E0000008852,RHTGREENPTELTD,SFTP,RHT GREEN PTE. LTD.
E0000008853,XIANVOCATIONALUNIAUTOMOBIL,SCHL,Xi'an Vocational Uni Automobil
E0000008854,INNERMONGOLIAUNIOFTECHNOLO,SCHL,Inner Mongolia Uni of Technolo
E0000008855,MOMMYCARECONFINEMENTNANNYSE,SFTP,MOMMYCARE CONFINEMENT NANNY SE
E0000008856,NEANEA6,SFTP,NEA (NEA06)
E0000008857,ASIAENTERPRISESPRIVATELIM,SFTP,ASIA ENTERPRISES (PRIVATE) LIM
E0000008858,MOHOFFICEFORHEALTHCARETRAN,SFTP,MOH OFFICE FOR HEALTHCARE TRAN
E0000008859,SINGAPOREINDIANEDNTRUST,SFTP,Singapore Indian Edn Trust
E0000008860,ISTITUTOEUROPEODIDESIGN,SCHL,Istituto Europeo di Design
E0000008861,HEIDELBERGUNIVERSITY,SCHL,Heidelberg University
E0000008862,PERTAMINAUNIVERSITY,SCHL,Pertamina University
E0000008863,MILLENNIUMNATIONALSCHOOL,SCHL,Millennium National School
E0000008864,TONGJIZHEJIANGCOLLEGE,SCHL,Tongji Zhejiang College
E0000008865,CMRUNIVERSITY,SCHL,CMR University
E0000008866,NORTHERNMICHIGANUNIVERSITY,SCHL,Northern Michigan University
E0000008867,UNIOFBUSINESSANDTECHNOLOGY,SCHL,Uni of Business and Technology
E0000008868,HEALTHSCIENCESAUTHORITYHSA3,SFTP,Health Sciences Authority HSA3
E0000008869,CIVILSERVICECOLLEGE,SCHL,Civil Service College
E0000008870,SRIVENKATESWARACOLLEGEENG,SCHL,Sri Venkateswara College Eng
E0000008871,DETPAKHOLDINGSPTELTD,SFTP,Detpak Holdings Pte Ltd
E0000008872,ODISHAUNIOFTECHANDRESEARC,SCHL,Odisha Uni of Tech and Researc
E0000008873,DUBAIOFFSHORESAILINGCLUB,SCHL,Dubai Offshore Sailing Club
E0000008874,IFSCAPITALLIMITED,SFTP,IFS CAPITAL LIMITED
E0000008875,OILMASTERPTELTD,SFTP,Oilmaster Pte Ltd
E0000008876,CCHMANAGEMENTSERVICESPTEL,SFTP,CCH Management Services Pte. L
E0000008877,JURONGVILLESECONDARYSCHOOL,SFTP,Jurongville Secondary School(9
E0000008878,CONSERVATIONINTERNATIONALASI,SFTP,Conservation International Asi
E0000008879,MASMAS21,SFTP,MAS (MAS21)
E0000008880,CCHMANAGEMENTSERVICESPTEL,SFTP,CCH Management Services Pte. L
E0000008881,OURTAMPINESHUB,SFTP,OUR TAMPINES HUB
E0000008882,ZHTECHNOLOGIESINTERNATIONAL,SFTP,ZH Technologies International
E0000008883,THYEHUAKWANMORALSOCIETY,SFTP,Thye Hua Kwan Moral Society
E0000008884,GNAUDIOSINGAPOREPTELTD,SFTP,GN Audio Singapore Pte Ltd
E0000008885,PJOGCOLLEGEOFSCICOMMERC,SCHL,P.Jog College of Sci & Commerc
E0000008886,MAHSAUNIVERSITY,SCHL,MAHSA University
E0000008887,MUHIMBILIUNIHEALTHALLIEDSC,SCHL,Muhimbili Uni Health&Allied Sc
E0000008888,BIKANERTECHNICALUNIVERSITY,SCHL,Bikaner Technical University
E0000008889,TSHWANEUNIVERSITYOFTECHNOLO,SCHL,Tshwane University of Technolo
E0000008890,STRATHMOREUNIVERSITY,SCHL,Strathmore University
E0000008891,UNIVERSITYOFCOLORADODENVER,SCHL,University of Colorado Denver
E0000008892,MASMAS23,SFTP,MAS (MAS23)
E0000008893,MODERNCOLLOFBUSINESSSCIE,SCHL,Modern Coll of Business & Scie
E0000008894,LIFEBIBLEPRESBYTERIANCHURCH,SFTP,LIFE BIBLE-PRESBYTERIAN CHURCH
E0000008895,YEWHOCKAUTOMATIONSERVICE,SFTP,Yew Hock Automation Service &
E0000008896,SRISHTIDIGILIFEPTELTD,SFTP,SRISHTI DIGILIFE PTE. LTD.
E0000008897,BEDOKGREENPRIMARYSCHOOL,SFTP,Bedok Green Primary School
E0000008898,ECONOMICDEVELOPMENTBOARD,SFTP,Economic Development Board
E0000008899,SPOREINSTITUTEOFTECHNOLOGY,SFTP,S'pore Institute of Technology
E0000008900,TAISINELECTRICLIMITED,SFTP,Tai Sin Electric Limited
E0000008901,SAVILLSPROPERTYMANAGEMENTPT,SFTP,Savills Property Management Pt
E0000008902,YAMAHAMOTORASIAPTELTD,SFTP,YAMAHA MOTOR ASIA PTE LTD
E0000008903,XINZHUANGJUNIORHIGHSCHOOL,SCHL,Xinzhuang Junior High School
E0000008904,ANGLOAMERICANUNIVERSITY,SCHL,Anglo-American University
E0000008905,THEPRENATALCONSULTANTSPL,SFTP,The Prenatal Consultants P.L.
E0000008906,UNIOFEVRYVALDESSONNE,SCHL,Uni of Evry-Val-d'Essonne
E0000008907,MINDEFHQ36,SFTP,MINDEFHQ360
E0000008908,CHINAPEOPLESPOLICEUNIVERSI,SCHL,China People's Police Universi
E0000008909,PASIRRISPRIMARYSCHOOL172,SFTP,PASIR RIS PRIMARY SCHOOL(9172)
E0000008910,OROSOSOFTWAREPTELTD,SFTP,Oroso Software Pte. Ltd.
E0000008911,UNIONSOLARPTELTD,SFTP,Union Solar Pte Ltd
E0000008912,AAKSGPTELTD,SFTP,AAK SG Pte Ltd
E0000008913,CHARTEREDPROFACCOUNTANTSONT,SCHL,Chartered Prof Accountants Ont
E0000008914,SHANGHAITUNNELENGINEERINGCO,SFTP,SHANGHAI TUNNEL ENGINEERING CO
E0000008915,CUBEHOSPITALITYPTELTD,SFTP,CUBE HOSPITALITY PTE. LTD
E0000008916,ETAVOLTPTELTD,SFTP,Etavolt Pte. Ltd.
E0000008917,SAKURASYSTEMSERVICEPTELTD,SFTP,SAKURA SYSTEM SERVICE PTE LTD
E0000008918,BESISINGAPOREPTELTD,SFTP,Besi Singapore Pte Ltd
E0000008919,GUNAUNCHONCHINESEGINSENGM,SFTP,Gun Aun Chon Chinese Ginseng M
E0000008920,SINGAPORETRADEDATAEXCHANGE,SFTP,Singapore Trade Data Exchange
E0000008921,EUREKASNACKSSGPTELTD,SFTP,EUREKA SNACKS SG PTE. LTD.
E0000008922,DCRYPTPTELTD,SFTP,D'Crypt Pte Ltd
E0000008923,PLEKHANOVRUSSIANUNIOFECON,SCHL,Plekhanov Russian Uni of Econ
E0000008924,DASUMBRELLAPTELTD,SFTP,DAS UMBRELLA PTE. LTD.
E0000008925,THECOURTAULDINSTITUTEOFART,SCHL,The Courtauld Institute of Art
E0000008926,RESUSTAINABILITYCLEANTECHPT,SFTP,RE SUSTAINABILITY CLEANTECH PT
E0000008927,DENSOINTERNATIONALASIAPTEL,SFTP,DENSO INTERNATIONAL ASIA PTE L
E0000008928,PEOPLESASSOCIATIONPAS32,SFTP,People's Association(PAS32)
E0000008929,IHICORPORATION,SFTP,IHI Corporation
E0000008930,MANTLELABSLIMITED,SFTP,MANTLE LABS LIMITED
E0000008931,SPACEPTELTD,SFTP,SPace Pte. Ltd.
E0000008932,CASTLERYPRIVATELIMITED,SFTP,CASTLERY PRIVATE LIMITED
E0000008933,WORKFORCESINGAPOREWSG35,SFTP,Workforce Singapore (WSG35)
E0000008934,ROYALCOMMISSIONFORALULA,SFTP,Royal Commission for AlUla
E0000008935,CLIMATEPTELTD,SFTP,CLIMATE+ PTE. LTD.
E0000008936,MACONDRAYHOLDINGSPTELTD,SFTP,Macondray Holdings Pte Ltd
E0000008937,PERSOLKELLYSINGAPOREPTELTD,SFTP,PERSOLKELLY SINGAPORE PTE. LTD
E0000008938,PUBLICSECTORSCIENCEANDTECH,SFTP,PUBLIC SECTOR SCIENCE AND TECH
E0000008939,ECONMEDICARECENTREPTELTD,SFTP,ECON MEDICARE CENTRE PTE LTD
E0000008940,IRASIRA34,SFTP,IRAS(IRA34)
E0000008941,WILMINGTONUNIVERSITY,SCHL,Wilmington University
E0000008942,ROSENHEIMTECHUNIOFAPPSCI,SCHL,Rosenheim Tech Uni of App Sci
E0000008943,PEOPLESASSOCIATIONPAS18,SFTP,People's Association(PAS18)
E0000008944,ONNWAHPRECISIONMACHININGPL,SFTP,Onn Wah Precision Machining PL
E0000008945,ACEPOINTERINFORMATIONTECHNO,SFTP,Ace Pointer Information Techno
E0000008946,SATIRINSTITUTESINGAPORE,SCHL,Satir Institute Singapore
E0000008947,CIVILDEFENCEACADEMYSINGAPOR,SCHL,Civil Defence Academy Singapor
E0000008948,PRICEWATERHOUSECOOPERSGHRSPT,SFTP,PRICEWATERHOUSECOOPERS GHRS PT
E0000008949,KONYAFOODANDAGRICULTUREUNI,SCHL,Konya Food and Agriculture Uni
E0000008950,CAASCAA5,SFTP,CAAS(CAA05)
E0000008951,PLAKSHAUNIVERSITY,SCHL,Plaksha University
E0000008952,ECONHEALTHCAREASIALIMITED,SFTP,ECON HEALTHCARE (ASIA) LIMITED
E0000008953,SIERRACOLLEGE,SCHL,Sierra College
E0000008954,ORIGINSLEEPPTELTD,SFTP,ORIGIN SLEEP PTE. LTD.
E0000008955,GMPINTEGRATEDPTELTD,SFTP,GMP INTEGRATED PTE. LTD.
E0000008956,LONZABIOLOGICSTUASPTELTD,SFTP,LONZA BIOLOGICS TUAS PTE. LTD.
E0000008957,OCEANIFMPTELTD,SFTP,OCEAN IFM PTE LTD
E0000008958,GOODPHARMADERMATOLOGYPTEL,SFTP,Good Pharma Dermatology Pte. L
E0000008959,UEMSSOLUTIONSPTELTD,SFTP,UEMS Solutions Pte. Ltd.
E0000008960,UNFAIRADVANTAGEPTELTD,SFTP,Unfair Advantage Pte Ltd
E0000008961,AUSTRALASIANCOLLEGEOFHEALTH,SCHL,Australasian College of Health
E0000008962,ELMINFORMATIONSECURITYCOM,SFTP,ELM INFORMATION & SECURITY COM
E0000008963,MATCHBOXCOMMUNICATIONSPTELT,SFTP,Matchbox Communications Pte Lt
E0000008964,NUOVAACCADEMIADIBELLEARTI,SCHL,Nuova Accademia di Belle Arti
E0000008965,ADLCONTROLSPTELTD,SFTP,ADL Control (S) Pte Ltd
E0000008966,HUANGGANGNORMALUNIVERSITY,SCHL,Huanggang Normal University
E0000008967,PULSESYNCPTELTD,SFTP,Pulsesync Pte Ltd
E0000008968,ENGROCORPORATIONLTD,SFTP,ENGRO CORPORATION LTD
E0000008969,KYOTOWOMEN’SUNIVERSITY,SCHL,Kyoto Women’s University
E0000008970,HONGKONGCOLLEGEOFHEALTHSE,SCHL,Hong Kong College of Health Se
E0000008971,KHOONENGINEERINGCONTRACTORP,SFTP,KHOON ENGINEERING CONTRACTOR P
E0000008972,NOCJAPAN,SCHL,NOC Japan
E0000008973,NOCLONDON,SCHL,NOC London
E0000008974,TOPMIXCONCRETEPTELTD,SFTP,TOP-MIX CONCRETE PTE LTD
E0000008975,KAZAKHRUSSIANINTERNATIONALU,SCHL,Kazakh-Russian International U
E0000008976,KZHUBANOVAKTOBEREGIONALUNI,SCHL,K.Zhubanov Aktobe Regional Uni
E0000008977,PORTOFAUCKLAND,SFTP,Port of Auckland
E0000008978,STXAVIERSUNIVERSITY,SCHL,St Xavier's University
E0000008979,COLDSTORAGESINGAPORE183,SFTP,COLD STORAGE SINGAPORE (1983)
E0000008980,HONCHOTECHNOLOGIESPTELTD,SFTP,Honcho Technologies Pte Ltd
E0000008981,TRHIPTELTD,SFTP,TRH I PTE. LTD.
E0000008982,SINGLANDMANAGEMENTSERVICESP,SFTP,Singland Management Services P
E0000008983,AXESSOFFSHOREPTELTD,SFTP,AXESS OFFSHORE PTE. LTD.
E0000008984,WEEHURCONSTRUCTIONPTELTD,SFTP,WEE HUR CONSTRUCTION PTE LTD
E0000008985,RESORTSWORLDATSENTOSAPTE,SFTP,RESORTS WORLD AT SENTOSA PTE.
E0000008986,CENTRALUNIOFSOUTHBIHAR,SCHL,Central Uni of South Bihar
E0000008987,HAWORTHSINGAPOREPTELTD,SFTP,Haworth Singapore Pte Ltd
E0000008988,SWISSSCHOOLOFMANAGEMENT,SCHL,Swiss School of Management
E0000008989,ENSTBB–BORDEAUXINP,SCHL,ENSTBB – Bordeaux INP
E0000008990,CULINARYARTSPTELTD,SFTP,CULINARY ARTS PTE. LTD.
E0000008991,WORLDHEALTHSAFETYTECPTELTD,SFTP,World Health SafetyTec Pte Ltd
E0000008992,ACHITIKHTLLC,SFTP,Achit-Ikht LLC
E0000008993,INTELLISEALCONSTRUCTIONPTE,SFTP,INTELLISEAL CONSTRUCTION PTE.
E0000008994,SINGAPOREHUJALLIANCEFORRES,SFTP,Singapore-HUJ Alliance for Res
E0000008995,CLAREMONTPARTNERSPTELTD,SFTP,Claremont Partners Pte Ltd
E0000008996,ICFINTERNATIONALPTELTD,SFTP,ICF INTERNATIONAL PTE. LTD.
E0000008997,EMBASSYOFSWITZERLANDINNEPA,SFTP,Embassy of Switzerland in Nepa
E0000008998,SOUTHSEATTLECOLLEGE,SCHL,South Seattle College
E0000008999,VISAWORLDWIDEPTELIMITED,SFTP,VISA WORLDWIDE PTE. LIMITED
E0000009000,FINALIXPTELTD,SFTP,Finalix Pte Ltd
E0000009001,SCALINGUPVENTURESPTELTD,SFTP,Scaling-Up! Ventures Pte Ltd
E0000009002,HARMONYTECHCONSULTINGPTEL,SFTP,Harmony Tech Consulting Pte. L
E0000009003,PTFWDINSURANCEINDONESIA,SFTP,PT FWD Insurance Indonesia
E0000009004,NORTHEASTERNUNIVERSITYLONDON,SCHL,Northeastern University London
E0000009005,SIERRAPINESPTELTD,SFTP,SIERRA PINES PTE. LTD.
E0000009006,ROLLSROYCESOLUTIONSASIAPTE,SFTP,ROLLS-ROYCE SOLUTIONS ASIA PTE
E0000009007,OCQUEENSTREETLLC,SFTP,OC Queen Street LLC
E0000009008,EBRIDGEPRESCHOOLPTELTD,SFTP,E-Bridge Pre School Pte Ltd
E0000009009,EUROPEANCOMMISSIONEUROPEAN,SFTP,European Commission - European
E0000009010,SODRAMAENTERTAINMENT,SFTP,So Drama! Entertainment
E0000009011,MEIDENSINGAPOREPTELTD,SFTP,Meiden Singapore Pte Ltd
E0000009012,EAZYPTELTD,SFTP,Eazy Pte Ltd
E0000009013,SEATRIUMSGPTELTD,SFTP,Seatrium (SG) Pte Ltd
E0000009014,PINEENERGYPTELTD,SFTP,PINE ENERGY PTE. LTD.
E0000009015,KPMGSERVICESPTELTD,SFTP,KPMG Services Pte. Ltd.
E0000009016,HUAIYINNORMALUNIVERSITY,SCHL,Huaiyin Normal University
E0000009017,MAHINDRAUNIVERSITY,SCHL,Mahindra University
E0000009018,THEGREATESTINSTOFMARITIME,SCHL,The Great Est Inst of Maritime
E0000009019,MARITIMEANDPORTAUTHORITY,SCHL,Maritime and Port Authority
E0000009020,CDGZIGHOLDINGSPTELTD,SFTP,CDG Zig Holdings Pte Ltd
E0000009021,HITACHIELEVATORASIAPTELTD,SFTP,Hitachi Elevator Asia Pte Ltd
E0000009022,ITEITE3,SFTP,ITE (ITE03)
E0000009023,TOMOWORKLTD,SFTP,TOMOWORK LTD.
E0000009024,MEDICALUNIVERSITYOFVIENNA,SCHL,Medical University of Vienna
E0000009025,ARTHREXSINGAPOREPTELTD,SFTP,Arthrex Singapore Pte Ltd
E0000009026,RSMSTONEFORESTACCOUNTSERVE,SFTP,RSM STONE FOREST ACCOUNTSERVE
E0000009027,TRANSCOSMOSZEROPTELTD,SFTP,TRANSCOSMOS ZERO PTE. LTD.
E0000009028,MILITARYTECHNICALCOLLEGE,SCHL,Military Technical College
E0000009029,NTEGRAPETROCHEMICALSPTELTD,SFTP,NTEGRA PETROCHEMICALS PTE. LTD
E0000009030,GOVERNMENTCOLLGOFENGKARAD,SCHL,"Government Collg of Eng, Karad"
E0000009031,EVERNETSYSTEMSPTELTD,SFTP,EVERNET SYSTEMS PTE LTD
E0000009032,KWONGCHEONGTHYEPTELTD,SFTP,Kwong Cheong Thye Pte Ltd
E0000009033,REPUBLICPOLYTECHNIC,SFTP,Republic Polytechnic
E0000009034,KAMLARAHEJAVIDYINSTARCH,SCHL,Kamla Raheja Vidy Inst Arch &
E0000009035,POLITEKNIKKESELAMATANTRANSPO,SCHL,Politeknik Keselamatan Transpo
E0000009036,PEARLACADEMY,SCHL,Pearl Academy
E0000009037,ANHUIMEDICALUNIVERSITY,SCHL,Anhui Medical University
E0000009038,ONTARIOCOLLEGEOFARTDESIG,SCHL,Ontario College of Art & Desig
E0000009039,FACHHOCHSCHULEDESMITTELSTAN,SCHL,Fachhochschule des Mittelstan
E0000009040,ACCREDIFYPTELTD,SFTP,Accredify Pte. Ltd.
E0000009041,SINGAPORETOURISMBOARDSTB28,SFTP,Singapore Tourism Board(STB28)
E0000009042,NEWFORESTSASIASGPTELTD,SFTP,NEW FORESTS ASIA (SG) PTE LTD
E0000009043,ESIBUSINESSSCHOOL,SCHL,ESI Business School
E0000009044,VNACONCEPTPTELTD,SFTP,VNA Concept Pte Ltd
E0000009045,SONANGOLASIALIMITED,SFTP,Sonangol Asia Limited
E0000009046,DOXAHOLDINGSINTLPTELTD,SFTP,DOXA HOLDINGS INTL PTE LTD
E0000009047,GATEWAYLAWCORPORATION,SFTP,Gateway Law Corporation
E0000009048,TANPENGCHINLLC,SFTP,Tan Peng Chin LLC
E0000009049,TUNGRAYSINGAPOREPTELTD,SFTP,Tungray Singapore Pte Ltd
E0000009050,ICHIGOMEDIA,SFTP,Ichigo Media
E0000009051,MOHHOLDINGSPTELTD,SFTP,MOH Holdings Pte Ltd
E0000009052,REPUBLICPOLYTECHNICRPO1,SFTP,Republic Polytechnic(RPO10)
E0000009053,BUHLERASIAPRIVATELIMITED,SFTP,Buhler Asia Private Limited
E0000009054,TIANJINCONSERVATORYOFMUSIC,SCHL,Tianjin Conservatory of Music
E0000009055,NANYANGGIRLSHIGHSCHOOL,SFTP,Nanyang Girls' High School
E0000009056,UWCSEADOVERCAMPUS,SFTP,UWCSEA (Dover Campus)
E0000009057,MEDIPHARMPTELTD,SFTP,MEDIPHARM PTE LTD
E0000009058,ETCSG,SFTP,ETC SG
E0000009059,ROXYPACIFICHOLDINGSPTELTD,SFTP,Roxy-Pacific Holdings Pte Ltd
E0000009060,BERNHARDSCHULTESHIPMANAGEMEN,SFTP,BERNHARD SCHULTE SHIPMANAGEMEN
E0000009061,KURZVIETNAMCOMPANYLIMITED,SFTP,KURZ VIETNAM COMPANY LIMITED
E0000009062,ROCKPRODUCTIONSPTELTD,SFTP,Rock Productions Pte Ltd
E0000009063,HEALTHSCIENCESAUTHORITYHSA3,SFTP,Health Sciences Authority(HSA3
E0000009064,ASTARRESEARCHENTITIESNAT,SFTP,A*STAR Research Entities - Nat
E0000009065,IBMSINGAPOREPTELTD,SFTP,IBM SINGAPORE PTE LTD
E0000009066,MARITIMEANDPORTAUTHORITYOF,SFTP,Maritime and Port Authority of
E0000009067,KRANJISECONDARYSCHOOL58,SFTP,Kranji Secondary School(9580)
E0000009068,CHENGDUSPORTUNIVERSITY,SCHL,Chengdu Sport University
E0000009069,INTLPROFESSIONALUNIOFTECH,SCHL,Int'l Professional Uni of Tech
E0000009070,UNIVERSITASNEGERIMALANG,SCHL,Universitas Negeri Malang
E0000009071,CATHAYUNITEDBANK,SFTP,Cathay United Bank
E0000009072,STORCKASIAPACIFICPTELTD,SFTP,STORCK ASIA PACIFIC PTE LTD
E0000009073,HARVARDGRADUATESCHOFDESIGN,SCHL,Harvard Graduate Sch of Design
E0000009074,UCOBANK,SFTP,UCO BANK
E0000009075,YUEHWACHINESEPRODUCTSPL,SFTP,Yue Hwa Chinese Products P/L
E0000009076,SUNNINGDALETECHLTD,SFTP,Sunningdale Tech Ltd
E0000009077,ISPLPTELTD,SFTP,ISPL Pte Ltd
E0000009078,HDBHDB44,SFTP,HDB(HDB44)
E0000009079,ALLIANZSESINGAPOREBRANCH,SFTP,Allianz SE Singapore Branch
E0000009080,ITEITE27,SFTP,ITE(ITE27)
E0000009081,SAFRANHELICOPTERENGINESASIA,SFTP,Safran Helicopter Engines Asia
E0000009082,BLUEWATERSWINDENERGYTEC,SFTP,BLUE WATER (S) WIND ENERGY TEC
E0000009083,BLUEWATERSWINDENERGYTEC,SFTP,BLUE WATER (S) WIND ENERGY TEC
E0000009084,FARMWORKPTELTD,SFTP,Farmwork Pte Ltd
E0000009085,NATIONALUNIVERSITYPRIMARYHE,SFTP,National University Primary He
E0000009086,RELYONNUTECSAFETYTRAINING,SFTP,RelyOn Nutec Safety & Training
E0000009087,DRAKEUNIVERSITY,SCHL,Drake University
E0000009088,NATINSTOFTECHKAGAWACOLLG,SCHL,Nat Inst of Tech Kagawa Collg
E0000009089,SELKIRKCOLLEGE,SCHL,Selkirk College
E0000009090,ECOPETROLTRADINGASIAPTELTD,SFTP,Ecopetrol Trading Asia Pte Ltd
E0000009091,ZHEJIANGCONSERVATORYOFMUSIC,SCHL,Zhejiang Conservatory of Music
E0000009092,LSQUARECONSTRUCTIONPTELTD,SFTP,L-SQUARE CONSTRUCTION PTE. LTD
E0000009093,APBATGHUMANRESOURCEPTELTD,SFTP,APBA TG Human Resource Pte Ltd
E0000009094,GENERALSECRETARIATOFPUBLIC,SFTP,General Secretariat of Public
E0000009095,ROLLSROYCESOLUTIONSASIAPTE,SFTP,Rolls-Royce Solutions Asia Pte
E0000009096,INTUITIVEFILMSPTELTD,SFTP,Intuitive Films Pte Ltd
E0000009097,AVOGROWPTELTD,SFTP,AVOGROW PTE. LTD.
E0000009098,VOLVOGROUPSINGAPOREPTELTD,SFTP,Volvo Group Singapore Pte Ltd
E0000009099,JAMESCOOKUNIVERSITY,SCHL,James Cook University
